numeroControlePncpCompra,numeroControlePncpAta,codigoPaisFornecedor,anoContrato,sequencialContrato,dataAtualizacao,tipoPessoa,niFornecedor,nomeRazaoSocialFornecedor,tipoPessoaSubContratada,niFornecedorSubContratado,nomeFornecedorSubContratado,objetoContrato,valorInicial,valorParcela,valorGlobal,valorAcumulado,dataAssinatura,dataVigenciaInicio,dataVigenciaFim,identificadorCipi,urlCipi,dataPublicacaoPncp,dataAtualizacaoGlobal,receita,numeroParcelas,numeroRetificacao,temRemanejamento,frutoAdesao,numeroContratoEmpenho,informacaoComplementar,orgaoSubRogado,unidadeSubRogada,emendaParlamentar,processo,numeroControlePNCP,usuarioNome,orgaoEntidade.cnpj,orgaoEntidade.razaoSocial,orgaoEntidade.poderId,orgaoEntidade.esferaId,categoriaProcesso.id,categoriaProcesso.nome,tipoContrato.id,tipoContrato.nome,unidadeOrgao.ufNome,unidadeOrgao.ufSigla,unidadeOrgao.municipioNome,unidadeOrgao.codigoUnidade,unidadeOrgao.nomeUnidade,unidadeOrgao.codigoIbge
07954480000179-1-022634/2024,07954480000179-1-022634/2024-000001,,2026,32893,2026-09-10T00:15:50,PJ,52332054000158,FG COMERCIO TENDTUDO LTDA,,,,MATERIAL DE LIMPEZA E PRODUÇÃO DE HIGIENIZAÇÃO - EEMTI DEPUTADO IRAPUAN CAVALCANTE PINHEIRO -  (SEFOR 3),453.42,453.42,453.42,0.0,2026-09-03,2026-09-03,2026-12-31,,,2026-09-10T00:15:50,2026-09-10T00:15:50,False,1,0,False,False,1454381,,,,False,22001.141054/202602,07954480000179-2-032893/2026,Secretaria do Planejamento e Gestão do Ceará,07954480000179,ESTADO DO CEARA,N,E,2,Compras,7,Empenho,Ceará,CE,Fortaleza,228147,EEFM DEPUTADO IRAPUAN CAVALCANTE PINHEIRO,2304400
07954480000179-1-021181/2026,,,2026,32894,2026-09-10T00:18:52,PJ,25179741000102,EXPRESSO DISTRIBUIDORA EIRELI,,,,LIMPEZA 3° DE 2026 - EEMTI DEPUTADO IRAPUAN CAVALCANTE PINHEIRO -  (SEFOR 3),835.5,835.5,835.5,0.0,2026-09-02,2026-09-02,2026-12-31,,,2026-09-10T00:18:50,2026-09-10T00:18:52,False,1,0,False,False,1453549,,,,False,22001.135098/202695,07954480000179-2-032894/2026,Secretaria do Planejamento e Gestão do Ceará,07954480000179,ESTADO DO CEARA,N,E,2,Compras,7,Empenho,Ceará,CE,Fortaleza,228147,EEFM DEPUTADO IRAPUAN CAVALCANTE PINHEIRO,2304400
07954480000179-1-019045/2026,,,2026,32895,2026-09-10T01:00:27,PJ,28483917000103,MED IMAGE ENGENHARIA LTDA.,,,,"DISPENSA DE LICITAÇÃO PARA CONTRATAÇÃO DE EMPRESA ESPECIALIZADA EM PRESTAÇÃO DE SERVIÇO DE ENGENHARIA PARA RECUPERAÇÃO E MANUTENÇÃO PREVENTIVA E CORRETIVA COM COBERTURA TOTAL DE PEÇSA DO EQUIPAMENTO TOMÓGRAFO COMPUTADORIZADO DE MARCA SIEMENS, MODELO SOMATOM GO. TOP, SENDO A RECUPERAÇÃO EXECUTADA DE ACORDO COM O MEMORIAL TAXATIVO E DESCRITIVO DAS PEÇAS A SEREM SUBSTITUÍDAS,PELO PERÍODO DE 12 (DOZE) MESES, PARA SUPRIR AS NECESSIDADES OPERACIONAIS DO HOSPITAL GERAL DE FORTALEZA - HGF, UNIDADE VINCULADA À SECRETARIA DA SAÚDE DO ESTADO DO CEARÁ (SESA).",820416.47,68368.0391,820416.47,0.0,2026-08-28,2026-09-11,2027-09-11,,,2026-09-10T01:00:25,2026-09-10T01:00:27,False,12,0,False,False,1454574,,,,,24001.031375/202617,07954480000179-2-032895/2026,Secretaria do Planejamento e Gestão do Ceará,07954480000179,ESTADO DO CEARA,N,E,8,Serviços,1,Contrato (termo inicial),Ceará,CE,Fortaleza,241281,HOSPITAL GERAL DE FORTALEZA,2304400
07954480000179-1-015908/2026,,,2026,32896,2026-09-10T01:00:30,PJ,61283034000125,61.283.034 LTDA,,,,AQUISIÇÃO - SERVIÇOS DE TERCEIROS - MANUTENÇÃO E CONSERVAÇÃO DE BENS IMÓVEIS. ADOLFO FERREIRA DE SOUSA EEEP - REDENCAO - CREDE 8 -,14250.0,1425.0,14250.0,0.0,2026-08-27,2026-09-11,2027-03-30,,,2026-09-10T01:00:28,2026-09-10T01:00:30,False,10,0,False,False,1454407,,,,,22001.080155/202691,07954480000179-2-032896/2026,Secretaria do Planejamento e Gestão do Ceará,07954480000179,ESTADO DO CEARA,N,E,8,Serviços,1,Contrato (termo inicial),Ceará,CE,Redenção,228409,EEEP ADOLFO FERREIRA DE SOUSA,2311603
07954480000179-1-003666/2026,,,2026,32897,2026-09-10T01:00:33,PJ,59820960000140,MP SOLUCOES CONSTRUTIVAS LTDA,,,,CONSTRUÇÃO DE DUAS SALAS DE AULA - ESCOLA INDÍGENA TREMEMBÉ FRANCISCO SALES NASCIMENTO - ACARAU - CREDE 3 -,93277.39,93277.39,93277.39,0.0,2026-08-28,2026-09-10,2027-09-10,,,2026-09-10T01:00:32,2026-09-10T01:00:33,False,1,0,False,False,1454279,,,,,22001.033721/202676,07954480000179-2-032897/2026,Secretaria do Planejamento e Gestão do Ceará,07954480000179,ESTADO DO CEARA,N,E,7,Obras,1,Contrato (termo inicial),Ceará,CE,Acaraú,228712,ESCOLA INDÍGENA TREMEMBÉ FRANCISCO SALES NASCIMENTO,2300200
07954480000179-1-024148/2025,,BRA,2026,32898,2026-09-10T01:00:53,PJ,21731071000134,EVANIA CARVALHO AGUIAR MAIA ME,,,,"Aquisição de materiais de limpeza, higienização, conservação e uso diário para atender as demandas deste DETRAN.",14121.52,7060.76,14121.52,0.0,2026-07-17,2026-09-11,2027-09-11,,,2026-09-10T01:00:53,2026-09-10T01:00:53,False,2,0,False,False,1448835,,,,,08012.097961/202568,07954480000179-2-032898/2026,Secretaria do Planejamento e Gestão do Ceará,07954480000179,ESTADO DO CEARA,N,E,2,Compras,1,Contrato (termo inicial),Ceará,CE,Fortaleza,080301,DEPARTAMENTO ESTADUAL DE TRANSITO,2304400
07954480000179-1-024148/2025,,,2026,32899,2026-09-10T01:00:56,PJ,53254670000109,EB DISTRIBUIDORA LTDA,,,,"Aquisição de materiais de limpeza, higienização, conservação e uso diário para atender as demandas deste DETRAN.",124170.97,24834.194,124170.97,0.0,2026-07-17,2026-09-11,2027-09-11,,,2026-09-10T01:00:56,2026-09-10T01:00:56,False,5,0,False,False,1448830,,,,,08012.097961/202568,07954480000179-2-032899/2026,Secretaria do Planejamento e Gestão do Ceará,07954480000179,ESTADO DO CEARA,N,E,2,Compras,1,Contrato (termo inicial),Ceará,CE,Fortaleza,080301,DEPARTAMENTO ESTADUAL DE TRANSITO,2304400
07954480000179-1-020325/2026,,,2026,32900,2026-09-10T01:01:01,PJ,32762666000173,32.762.666 MARIA THAYNARA ALVES RODRIGUES,,,,SERVIÇOS GRÁFICOS E EDITORIAIS (SERVIÇOS DE TERCEIROS PESSOA JURÍDICA 2026) - EEMTI MONSENHOR AGUIAR - TIANGUA - CREDE 5,966.79,966.79,966.79,0.0,2026-09-01,2026-09-11,2027-03-10,,,2026-09-10T01:01:00,2026-09-10T01:01:01,False,1,0,False,False,1453259,,,,,22001.128848/202672,07954480000179-2-032900/2026,Secretaria do Planejamento e Gestão do Ceará,07954480000179,ESTADO DO CEARA,N,E,8,Serviços,1,Contrato (termo inicial),Ceará,CE,Tianguá,228309,EEM MONSENHOR AGUIAR,2313401
07954480000179-1-021542/2026,,,2026,32901,2026-09-10T01:01:04,PJ,64789500000137,L. E. COMERCIAL DE ALIMENTOS LTDA,,,,Gêneros de Alimentação (9) - EEMTI WALDEMAR FALCÃO -  (SEFOR 1),34423.0,34423.0,34423.0,0.0,2026-08-27,2026-08-27,2027-04-23,,,2026-09-10T01:01:02,2026-09-10T01:01:04,False,1,0,False,False,1454339,,,,,22001.138576/202619,07954480000179-2-032901/2026,Secretaria do Planejamento e Gestão do Ceará,07954480000179,ESTADO DO CEARA,N,E,2,Compras,1,Contrato (termo inicial),Ceará,CE,Fortaleza,228024,EEFM WALDEMAR FALCÃO,2304400
07954480000179-1-020982/2026,,,2026,32902,2026-09-10T01:01:15,PJ,25179741000102,EXPRESSO DISTRIBUIDORA EIRELI,,,,COTAÇÃO ELETRÔNICA N° 29/2026 - MATERIAL DE LIMPEZA - MARIA AUDAY VASCONCELOS NERY EEEP - URUBURETAMA - CREDE 2 -,4000.0,4000.0,4000.0,0.0,2026-08-25,2026-09-11,2027-09-11,,,2026-09-10T01:01:13,2026-09-10T01:01:15,False,1,0,False,False,1454182,,,,,22001.135706/202661,07954480000179-2-032902/2026,Secretaria do Planejamento e Gestão do Ceará,07954480000179,ESTADO DO CEARA,N,E,2,Compras,1,Contrato (termo inicial),Ceará,CE,Uruburetama,228746,EEEP MARIA AUDAY VASCONCELOS NERY,2313807
07954480000179-1-018330/2026,,,2026,32903,2026-09-10T01:01:19,PJ,65033319000169,65.033.319 EVAILTON DE SOUZA BATISTA,,,,"1CONSERVACAO E REPAROS EM BENS IMOVEIS - SERVIÇO DE REPAROS PREVENTIVOS E CORRETIVOS, INSTALACOES, ADAPTACOES, RECUPERACAO E MODERNIZACAO DE EDIFICACOES. ESCOLA INDÍGENA EXPEDITO OLIVEIRA ROCHA - CANINDE - CREDE 7",7200.0,7200.0,7200.0,0.0,2026-08-25,2026-09-11,2027-08-27,,,2026-09-10T01:01:16,2026-09-10T01:01:19,False,1,0,False,False,1454190,,,,,22001.118317/202671,07954480000179-2-032903/2026,Secretaria do Planejamento e Gestão do Ceará,07954480000179,ESTADO DO CEARA,N,E,8,Serviços,1,Contrato (termo inicial),Ceará,CE,Canindé,228707,ESCOLA INDIGENA EXPEDITO OLIVEIRA ROCHA,2302800
07954480000179-1-016745/2026,,,2026,32904,2026-09-10T01:01:25,PJ,42535981000111,MONTANHESES EMPREENDIMENTOS LTDA,,,,REPASSE DE MANUTENÇÃO DAS ESCOLA - EEM DRA ALDACI BARBOSA  - (SEFOR 2),13800.0,13800.0,13800.0,0.0,2026-06-22,2026-09-11,2027-09-11,,,2026-09-10T01:01:21,2026-09-10T01:01:25,False,1,0,False,False,1444278,,,,,22001.105553/202628,07954480000179-2-032904/2026,Secretaria do Planejamento e Gestão do Ceará,07954480000179,ESTADO DO CEARA,N,E,8,Serviços,1,Contrato (termo inicial),Ceará,CE,Fortaleza,228076,EEFM DOUTORA ALDACI BARBOSA,2304400
07954480000179-1-024148/2025,,,2026,32905,2026-09-10T01:01:46,PJ,43022229000130,COMERCIAL LIMA DE EQUIPAMENTOS SUPRIMENTOS E SERVISSE LTDA,,,,"Aquisição de materiais de limpeza, higienização, conservação e uso diário para atender as demandas deste DETRAN.",12962.1,6481.05,12962.1,0.0,2026-07-17,2026-09-11,2027-09-11,,,2026-09-10T01:01:45,2026-09-10T01:01:46,False,2,0,False,False,1448861,,,,,08012.097961/202568,07954480000179-2-032905/2026,Secretaria do Planejamento e Gestão do Ceará,07954480000179,ESTADO DO CEARA,N,E,8,Serviços,1,Contrato (termo inicial),Ceará,CE,Fortaleza,080301,DEPARTAMENTO ESTADUAL DE TRANSITO,2304400
07954480000179-1-020962/2026,,,2026,32906,2026-09-10T01:01:48,PJ,49397092000184,FRANCISCO ANTONIO VICTOR FERREIRA JUNIOR,,,,GÊNERO DE ALIMENTAÇÃO - EEM JOSÉ MARTINS RODRIGUES - QUIXADA - CREDE 12,2910.0,2910.0,2910.0,0.0,2026-08-27,2026-09-11,2027-09-11,,,2026-09-10T01:01:46,2026-09-10T01:01:48,False,1,0,False,False,1454469,,,,,22001.135517/202699,07954480000179-2-032906/2026,Secretaria do Planejamento e Gestão do Ceará,07954480000179,ESTADO DO CEARA,N,E,2,Compras,1,Contrato (termo inicial),Ceará,CE,Quixadá,228479,EEM JOSÉ MARTINS RODRIGUES,2311306
07954480000179-1-016156/2026,,,2026,32907,2026-09-10T01:01:52,PJ,11761562000174,ANTONIA VEBEANE DE ALMEIDA CONTABILIDADE,,,,SERVIÇOS TÉCNICOS PROFISSIONAIS - EEEP JOSÉ CIRO NOGUEIRA MACHADO - SOLONOPOLE - CREDE 14,236.0,236.0,236.0,0.0,2026-08-24,2026-09-11,2027-07-08,,,2026-09-10T01:01:49,2026-09-10T01:01:52,False,1,0,False,False,1453790,,,,,22001.095600/202618,07954480000179-2-032907/2026,Secretaria do Planejamento e Gestão do Ceará,07954480000179,ESTADO DO CEARA,N,E,8,Serviços,1,Contrato (termo inicial),Ceará,CE,Fortaleza,229227,EEEP JOSÉ CIRO NOGUEIRA MACHADO,2304400
07954480000179-1-014155/2026,,,2026,32908,2026-09-10T01:02:28,PJ,60760233000114,LM NOGUEIRA DISTRIBUIDORA E SERVICOS LTDA,,,,Aquisição de Gêneros de Alimentação para atender ao PNAE-Programa Nacional de Alimentação Escolar na EEMTI Barão de Aracati e na Nova EP de Aracati. CREDE 10 -,5670.0,5670.0,5670.0,0.0,2026-08-28,2026-08-28,2027-08-22,,,2026-09-10T01:02:25,2026-09-10T01:02:28,False,1,0,False,False,1445549,,,,,22001.122296/202699,07954480000179-2-032908/2026,Secretaria do Planejamento e Gestão do Ceará,07954480000179,ESTADO DO CEARA,N,E,2,Compras,1,Contrato (termo inicial),Ceará,CE,Aracati,228430,EEM BARÃO DE ARACATI,2301109
07954480000179-1-020412/2026,,,2026,32909,2026-09-10T01:02:33,PJ,41322314000198,F & L COMERCIO & SERVICOS LTDA,,,,Gêneros de alimentação - EEMTI PADRE ROCHA - (SEFOR 2),2923.0,2923.0,2923.0,0.0,2026-08-28,2026-09-11,2027-09-11,,,2026-09-10T01:02:32,2026-09-10T01:02:33,False,1,0,False,False,1454425,,,,,22001.118532/202672,07954480000179-2-032909/2026,Secretaria do Planejamento e Gestão do Ceará,07954480000179,ESTADO DO CEARA,N,E,2,Compras,1,Contrato (termo inicial),Ceará,CE,Fortaleza,228054,EEFM CLÓVIS BEVILÁQUA,2304400
07954480000179-1-020490/2026,,,2026,32910,2026-09-10T01:02:36,PJ,65991005000179,65.991.005 TAUANY ASSUNCAO DOS ANJOS,,,,Aquisição de Material de Consumo ¿ Gêneros da Alimentação - Merenda Escolar para o exercício de 2026 - EEMTI MARIA EMÍLIA RABELO - MORADA NOVA - CREDE 10,7080.0,7080.0,7080.0,0.0,2026-08-24,2026-09-11,2027-09-11,,,2026-09-10T01:02:34,2026-09-10T01:02:36,False,1,0,False,False,1454073,,,,,22001.140418/202629,07954480000179-2-032910/2026,Secretaria do Planejamento e Gestão do Ceará,07954480000179,ESTADO DO CEARA,N,E,2,Compras,1,Contrato (termo inicial),Ceará,CE,Morada Nova,228655,COLÉGIO ESTADUAL MARIA EMÍLIA RABELO,2308708
07954480000179-1-009227/2026,,,2026,32911,2026-09-10T01:02:40,PJ,53279810000195,53.279.810 JULIANA VITOR PEREIRA,,,,MANUTENCAO DE AR CONDICIONADOS - EEMTI PARQUE MARIA BERNARDO DE CASTRO - AQUIRAZ - CREDE 1,2892.0,2892.0,2892.0,0.0,2026-08-31,2026-08-31,2027-08-30,,,2026-09-10T01:02:37,2026-09-10T01:02:40,False,1,0,False,False,1454913,,,,,22001.074642/202615,07954480000179-2-032911/2026,Secretaria do Planejamento e Gestão do Ceará,07954480000179,ESTADO DO CEARA,N,E,8,Serviços,1,Contrato (termo inicial),Ceará,CE,Aquiraz,228689,EEM MARIA DE CASTRO BERNARDO,2301000
07954480000179-1-019705/2026,,,2026,32912,2026-09-10T01:02:44,PJ,11372526000119,FC ALVES DA SILVA EMBALAGENS - ME,,,,"Contratação de empresa especializada para serviço de execução de fechamentos internos em sistema de drywall com preenchimento interno termoacústico em ambientes institucionais do edifício-sede da Secretaria do Planejamento e Gestão ¿ SEPLAG, incluindo fornecimento de materiais, mão de obra, equipamentos e demais insumos necessários à completa execução dos serviços, conforme especificações técnicas e diretrizes especializadas no Termo de Referência, na Cotação Eletrônica (COEP) nº 2026/26937 e na proposta do CONTRATADO.",60512.4,60512.4,60512.4,0.0,2026-09-03,2026-09-03,2027-09-03,,,2026-09-10T01:02:42,2026-09-10T01:02:44,False,1,0,False,False,1454813,,,,,46001.006907/202611,07954480000179-2-032912/2026,Secretaria do Planejamento e Gestão do Ceará,07954480000179,ESTADO DO CEARA,N,E,8,Serviços,1,Contrato (termo inicial),Ceará,CE,Fortaleza,460001,SECRETARIA DO PLANEJAMENTO E GESTÃO,2304400
07954480000179-1-020603/2026,,,2026,32913,2026-09-10T01:02:47,PJ,51158968000181,"CAPISTRANO DEDETIZADORA, COMERCIO E SERVICOS LTDA",,,,LIMPEZA E CONSERVAÇÃO - LIMPEZA DE RESERVATÓRIO DE ÁGUA - EEEP DARCY RIBEIRO -  (SEFOR 3),350.0,350.0,350.0,0.0,2026-08-26,2026-09-11,2027-09-11,,,2026-09-10T01:02:45,2026-09-10T01:02:47,False,1,0,False,False,1454489,,,,,22001.135771/202697,07954480000179-2-032913/2026,Secretaria do Planejamento e Gestão do Ceará,07954480000179,ESTADO DO CEARA,N,E,8,Serviços,1,Contrato (termo inicial),Ceará,CE,Fortaleza,228770,EEM SÂO JOÂO PIAMARTA,2304400
07954480000179-1-013934/2026,,,2026,32914,2026-09-10T01:03:06,PJ,64192843000110,MRG CONSTRUCOES E LOCACOES LTDA,,,,SERVIÇOS DE TERCEIROS - MANUTENÇÃO PREDIAL - LIMPEZA DE FOSSA - EEMTI VEREADOR FRANCISCO AIRTON MAIA - ARACOIABA - CREDE 8 -,3297.0,3297.0,3297.0,0.0,2026-08-26,2026-09-11,2027-09-11,,,2026-09-10T01:03:05,2026-09-10T01:03:06,False,1,0,False,False,1454286,,,,,22001.095805/202601,07954480000179-2-032914/2026,Secretaria do Planejamento e Gestão do Ceará,07954480000179,ESTADO DO CEARA,N,E,8,Serviços,1,Contrato (termo inicial),Ceará,CE,Aracoiaba,229318,EEMTI VEREADOR FRANCISCO AIRTON MAIA,2301208
07954480000179-1-015926/2026,,,2026,32915,2026-09-10T01:03:08,PJ,19599914000149,FRANCISCO DANILO TIMBO FERREIRA,,,,SERVIÇO DE MANUTENÇÃO E CONSERVAÇÃO DE MÁQUINAS E EQUIPAMENTOS (MANUTENÇÃO DE AR CONDICIONADO) - EEMTI MARIA THOMÁSIA - (SEFOR 3),6090.0,6090.0,6090.0,0.0,2026-08-25,2026-08-25,2027-08-24,,,2026-09-10T01:03:07,2026-09-10T01:03:08,False,1,0,False,False,1454462,,,,,22001.104894/202686,07954480000179-2-032915/2026,Secretaria do Planejamento e Gestão do Ceará,07954480000179,ESTADO DO CEARA,N,E,8,Serviços,1,Contrato (termo inicial),Ceará,CE,Fortaleza,228128,EEFM MARIA THOMÁSIA,2304400
07954480000179-1-021208/2026,,,2026,32916,2026-09-10T01:03:13,PJ,26780062000157,SERTÃO COMÉRCIO E SERVIÇOS LTDA,,,,AQUISISÇÃO SERVIÇOS DE TERCEIROS FESTIVIDADES E HOMENAGENS - EEM PROFESSORA FRANCISCA LINHARES DE SOUSA - EUSEBIO- CREDE 1 -,12850.0,12850.0,12850.0,0.0,2026-08-26,2026-09-10,2027-09-10,,,2026-09-10T01:03:10,2026-09-10T01:03:13,False,1,0,False,False,1454289,,,,,22001.046484/202611,07954480000179-2-032916/2026,Secretaria do Planejamento e Gestão do Ceará,07954480000179,ESTADO DO CEARA,N,E,8,Serviços,1,Contrato (termo inicial),Ceará,CE,Eusébio,228219,EEM PROFESSORA FRANCISCA LINHARES DE SOUSA,2304285
07954480000179-1-021227/2026,,,2026,32917,2026-09-10T01:03:16,PJ,66204528000190,VSV COMERCIO E SERVICO LTDA,,,,AQUISIÇÃO DE GÊNEROS ALIMENTÍCIOS 3. EEMTI MARIA THOMÁSIA - (SEFOR 3),7574.0,7574.0,7574.0,0.0,2026-08-27,2026-08-27,2027-08-26,,,2026-09-10T01:03:14,2026-09-10T01:03:16,False,1,0,False,False,1454456,,,,,22001.134775/202658,07954480000179-2-032917/2026,Secretaria do Planejamento e Gestão do Ceará,07954480000179,ESTADO DO CEARA,N,E,2,Compras,1,Contrato (termo inicial),Ceará,CE,Fortaleza,228128,EEFM MARIA THOMÁSIA,2304400
07954480000179-1-024148/2025,,,2026,32918,2026-09-10T01:03:33,PJ,26230868000171,BRILHARES PRODUTOS DE LIMPEZA LTDA ,,,,"Aquisição de materiais de limpeza, higienização, conservação e uso diário para atender as demandas deste DETRAN.",8435.0,4217.5,8435.0,0.0,2026-07-17,2026-09-11,2027-09-11,,,2026-09-10T01:03:33,2026-09-10T01:03:33,False,2,0,False,False,1448811,,,,,08012.097961/202568,07954480000179-2-032918/2026,Secretaria do Planejamento e Gestão do Ceará,07954480000179,ESTADO DO CEARA,N,E,2,Compras,1,Contrato (termo inicial),Ceará,CE,Fortaleza,080301,DEPARTAMENTO ESTADUAL DE TRANSITO,2304400
07954480000179-1-003363/2023,07954480000179-1-003363/2023-000001,,2026,32919,2026-09-10T01:03:36,PJ,10922543000110,KG CONSTRUÇÕES LTDA - EPP,,,,Serviços de manutenção corretiva e preventiva em prédios públicos - Auditório da EGP-CE.,501334.48,50133.448,501334.48,0.0,2026-07-29,2026-07-29,2027-07-29,,,2026-09-10T01:03:35,2026-09-10T01:03:36,False,10,0,False,False,1449223,,,,,43022.007736/202619,07954480000179-2-032919/2026,Secretaria do Planejamento e Gestão do Ceará,07954480000179,ESTADO DO CEARA,N,E,8,Serviços,1,Contrato (termo inicial),Ceará,CE,Fortaleza,081401,SUPERINTENDÊNCIA DE OBRAS PÚBLICAS ,2304400
07954480000179-1-009275/2025,,,2026,32920,2026-09-10T01:03:56,PJ,27164079000142,TRINAY INDUSTRIA E COMERCIO DE CONFECÇÕES EIRELLI ,,,,AQUISIÇÃO DE CAPAS TÁTICAS E ACESSÓRIOS PARA O BATALHÃO DE POLÍCIA DO MEIO AMBIENTE (BPMA),151800.0,151800.0,151800.0,0.0,2026-08-14,2026-08-14,2027-08-14,,,2026-09-10T01:03:55,2026-09-10T01:03:56,False,1,0,False,False,1453185,,,,,57001.000381/202509,07954480000179-2-032920/2026,Secretaria do Planejamento e Gestão do Ceará,07954480000179,ESTADO DO CEARA,N,E,2,Compras,1,Contrato (termo inicial),Ceará,CE,Fortaleza,570301,FUNDO ESTADUAL DO MEIO AMBIENTE,2304400
07954480000179-1-015926/2026,,,2026,32921,2026-09-10T01:04:01,PJ,39345050000146,CONCEITO COMERCIO & SERVICOS LTDA,,,,MANUTENÇÃO E CONSERVAÇÃO DE MÁQUINAS E EQUIPAMENTOS - EEEP JOAQUIM MOREIRA DE SOUSA -  (SEFOR 3),15427.89,15427.89,15427.89,0.0,2026-08-21,2026-09-10,2027-09-10,,,2026-09-10T01:04:00,2026-09-10T01:04:01,False,1,0,False,False,1454474,,,,,22001.094879/202612,07954480000179-2-032921/2026,Secretaria do Planejamento e Gestão do Ceará,07954480000179,ESTADO DO CEARA,N,E,8,Serviços,1,Contrato (termo inicial),Ceará,CE,Fortaleza,228128,EEFM MARIA THOMÁSIA,2304400
07954480000179-1-013441/2026,,,2026,32922,2026-09-10T01:04:03,PJ,53170467000146,JR CRUZ AGROPECUARIA LTDA,,,,AQUISIÇÃO - MATERIAL DE CONSUMO - GÊNEROS ALIMENTÍCIOS -16/2026 - COLÉGIO DA POLÍCIA MILITAR DO CEARÁ CORONEL HERVANO MACEDO JÚNIOR - JUAZEIRO DO NORTE - CREDE 19 -,41367.0,41367.0,41367.0,0.0,2026-08-28,2026-09-11,2027-09-11,,,2026-09-10T01:04:02,2026-09-10T01:04:03,False,1,0,False,False,1454809,,,,,22001.091329/202641,07954480000179-2-032922/2026,Secretaria do Planejamento e Gestão do Ceará,07954480000179,ESTADO DO CEARA,N,E,2,Compras,1,Contrato (termo inicial),Ceará,CE,Juazeiro do Norte,228616,COLEGIO DA POLICIA MILITAR DO CE CEL HERVANO ,2307304
07954480000179-1-021333/2026,,,2026,32923,2026-09-10T01:04:07,PJ,22494284000152,IDEIA COMERCIO E SERVICOS LTDA,,,,REPASSE PARA MANUTENÇÃO DE ESCOLAS - EEMTI DE CASCAVEL - CASCAVEL - CREDE 9 -,2637.0,2637.0,2637.0,0.0,2026-08-27,2026-09-10,2027-09-10,,,2026-09-10T01:04:04,2026-09-10T01:04:07,False,1,0,False,False,1454459,,,,,22001.133186/202652,07954480000179-2-032923/2026,Secretaria do Planejamento e Gestão do Ceará,07954480000179,ESTADO DO CEARA,N,E,8,Serviços,1,Contrato (termo inicial),Ceará,CE,Cascavel,229244,ESCOLA DE ENSINO MEDIO EM TEMPO INTEGRAL,2303501
07954480000179-1-020974/2026,,,2026,32924,2026-09-10T01:04:23,PJ,57844287000153,M & F PRODUTOS SERVICOS E LOCACOES LTDA,,,,AQUISIÇÃO - MATERIAL DE CONSUMO - GÊNEROS DE ALIMENTAÇÃO 6 -  EEMTI DOM JOSE TUPINAMBA DA FROTA - SOBRAL - CREDE 6 -,20044.0,20044.0,20044.0,0.0,2026-08-28,2026-09-11,2027-09-11,,,2026-09-10T01:04:22,2026-09-10T01:04:23,False,1,0,False,False,1454484,,,,,22001.135124/202685,07954480000179-2-032924/2026,Secretaria do Planejamento e Gestão do Ceará,07954480000179,ESTADO DO CEARA,N,E,2,Compras,1,Contrato (termo inicial),Ceará,CE,Sobral,228355,COLÉGIO ESTADUAL DOM JOSÉ TUPINAMBÁ DA FROTA,2312908
07954480000179-1-021235/2026,,,2026,32925,2026-09-10T01:04:27,PJ,38404532000167,RODRIGO LUIS LOPES REIS,,,,"AQUISIÇÃO - MATERIAL DE CONSUMO - GÊNEROS DE ALIMENTAÇÃO-FRUTAS, VERDURAS E LEGUMES- AÇÚCAR- ALIMENTOS SOLUVEIS- CONDIMENTOS E CORRELATOS- OLEOS E GORDURAS - EEMTI RAIMUNDO DA CUNHA BRITO - GRACA - CREDE 6",2733.0,2733.0,2733.0,0.0,2026-08-28,2026-09-11,2027-09-11,,,2026-09-10T01:04:25,2026-09-10T01:04:27,False,1,0,False,False,1454458,,,,,22001.141795/202685,07954480000179-2-032925/2026,Secretaria do Planejamento e Gestão do Ceará,07954480000179,ESTADO DO CEARA,N,E,2,Compras,1,Contrato (termo inicial),Ceará,CE,Graça,228369,EEM RAIMUNDO DA CUNHA BRITO,2304657
07954480000179-1-020338/2026,,,2026,32926,2026-09-10T01:04:29,PJ,53654487000192,FABRINK GRAFICA CRIATIVA LTDA,,,,SERVIÇOS DE TERCEIROS - GRÁFICOS - CEJA MONSENHOR HÉLIO CAMPOS -  (SEFOR 1),2575.0,2575.0,2575.0,0.0,2026-08-31,2026-09-11,2027-03-10,,,2026-09-10T01:04:28,2026-09-10T01:04:29,False,1,0,False,False,1454734,,,,,22001.108854/202611,07954480000179-2-032926/2026,Secretaria do Planejamento e Gestão do Ceará,07954480000179,ESTADO DO CEARA,N,E,8,Serviços,1,Contrato (termo inicial),Ceará,CE,Fortaleza,228043,EEFM JOSÉ BEZERRA DE MENEZES,2304400
07954480000179-1-014486/2026,,,2026,32927,2026-09-10T01:04:34,PJ,11372526000119,FC ALVES DA SILVA EMBALAGENS - ME,,,,AQUISIÇÃO DE MANUTENÇÃO E CONSERVAÇÃO DE BENS IMÓVEIS À FAVOR DA EEEP EUSÉBIO DE QUEIROZ. EUSEBIO - CREDE 1,24800.0,24800.0,24800.0,0.0,2026-08-31,2026-09-11,2027-09-11,,,2026-09-10T01:04:30,2026-09-10T01:04:34,False,1,0,False,False,1454759,,,,,22001.095717/202600,07954480000179-2-032927/2026,Secretaria do Planejamento e Gestão do Ceará,07954480000179,ESTADO DO CEARA,N,E,8,Serviços,1,Contrato (termo inicial),Ceará,CE,Caucaia,228223,EEEP EUSÉBIO DE QUEIROZ,2303709
07954480000179-1-017135/2026,,,2026,32928,2026-09-10T01:04:51,PJ,41157232000135,MASTER PRODUCOES E EVENTOS E LOCACOES LTDA,,,,AQUISIÇÃO - SERVIÇOS DE TERCEIROS - FESTIVIDADES E HOMENAGENS - EEMTI MARIA ZENÓBIA RODRIGUES BRAGA - CAUCAIA - CREDE 1 -,8000.0,8000.0,8000.0,0.0,2026-06-26,2026-09-11,2027-09-11,,,2026-09-10T01:04:47,2026-09-10T01:04:51,False,1,0,False,False,1447007,,,,,22001.085690/202639,07954480000179-2-032928/2026,Secretaria do Planejamento e Gestão do Ceará,07954480000179,ESTADO DO CEARA,N,E,8,Serviços,1,Contrato (termo inicial),Ceará,CE,Caucaia,229218,EEM MARIA ZENOBIA RODRIGUES BRAGA,2303709
25944455000196-1-000158/2025,25944455000196-1-000158/2025-000003,,2026,5,2026-09-10T01:04:54,PJ,59275792000150,GENERAL MOTORS DO BRASIL LTDA ,,,,"AQUISIÇÃO DE AUTOMÓVEL TIPO SUV, ATRAVÉS DE ADESÃO A ARP Nº 4492025 E ORDEM DE COMPRA Nº 36921/2026 PARA ATENDER AS NECESSIDADES DO COSAUDE.",276800.0,23066.6666,276800.0,0.0,2026-06-16,2026-06-16,2027-06-16,,,2026-09-10T01:04:53,2026-09-10T01:04:54,False,12,0,False,True,1441956,,,,,10051.036040/202512,07261661000110-2-000005/2026,Secretaria do Planejamento e Gestão do Ceará,07261661000110,FUNDO DE SEGURANCA PUBLICA E DEFESA SOCIAL DO ESTADO DO CEARA - FSPDS,E,E,2,Compras,1,Contrato (termo inicial),Ceará,CE,Fortaleza,926926,SUPERINT. DA POLICIA CIVIL DO ESTADO CEARA,2304400
07954480000179-1-021405/2026,,,2026,32929,2026-09-10T01:04:56,PJ,48293154000145,48.293.154 FRANCISCO DANIEL DE ARAUJO,,,,Aquisição de Gêneros de Alimentação para atender a necessidade da alimentação escolar dos alunos da EEEP Osmira Eduardo de Castro. MORADA NOVA - CREDE 10 -,50530.81,50530.81,50530.81,0.0,2026-08-27,2026-08-27,2027-06-22,,,2026-09-10T01:04:55,2026-09-10T01:04:56,False,1,0,False,False,1454394,,,,,22001.137648/202619,07954480000179-2-032929/2026,Secretaria do Planejamento e Gestão do Ceará,07954480000179,ESTADO DO CEARA,N,E,2,Compras,1,Contrato (termo inicial),Ceará,CE,Morada Nova,228453,EEEP OSMIRA EDUARDO DE CASTRO,2308708
07954480000179-1-016924/2026,,BRA,2026,32930,2026-09-10T01:04:59,PJ,07476369000114,SAAE SERV AUTONOMO AGUA ESGOTO GRANJA,,,,Contratação de empresa para fornecimento de vale-transporte destinado aos servidores deste Departamento Estadual de Trânsito do Ceará DETRAN/CE.,25106.4,2092.2,25106.4,0.0,2026-08-24,2026-09-11,2027-09-11,,,2026-09-10T01:04:57,2026-09-10T01:04:59,False,12,0,False,False,1453271,,,,,08012.308575/202698,07954480000179-2-032930/2026,Secretaria do Planejamento e Gestão do Ceará,07954480000179,ESTADO DO CEARA,N,E,8,Serviços,1,Contrato (termo inicial),Ceará,CE,Fortaleza,080301,DEPARTAMENTO ESTADUAL DE TRANSITO,2304400
07954480000179-1-025516/2025,07954480000179-1-025516/2025-000001,,2026,32931,2026-09-10T01:05:01,PJ,29725927000170,BMP DE SOUSA COMERCIAL LTDA ,,,,GÊNEROS DE ALIMENTAÇÃO - EEMTI ANISIO TEIXEIRA - (SEFOR 3),20711.27,20711.27,20711.27,0.0,2026-08-28,2026-08-28,2027-08-28,,,2026-09-10T01:05:00,2026-09-10T01:05:01,False,1,0,False,False,1454483,,,,,22001.138261/202671,07954480000179-2-032931/2026,Secretaria do Planejamento e Gestão do Ceará,07954480000179,ESTADO DO CEARA,N,E,2,Compras,1,Contrato (termo inicial),Ceará,CE,Fortaleza,228110,EEFM ANÍSIO TEIXEIRA,2304400
07954480000179-1-019748/2026,,,2026,32932,2026-09-10T01:05:05,PJ,48293154000145,48.293.154 FRANCISCO DANIEL DE ARAUJO,,,,"AQUISIÇÃO DE SERVIÇO DE MANUTENÇÃO E CORREÇÃO PREVENTIVA EM EQUIPAMENTOS E MAQUINAS : GELADEIRA, FREZZER, SUGAR, E BEBEDOURO INDUSTRIAL. EEMTI CAPELÃO FREI ORLANDO - CANINDE - CREDE 7",2946.0,2946.0,2946.0,0.0,2026-08-25,2026-09-11,2027-09-11,,,2026-09-10T01:05:02,2026-09-10T01:05:05,False,1,0,False,False,1454177,,,,,22001.129568/202681,07954480000179-2-032932/2026,Secretaria do Planejamento e Gestão do Ceará,07954480000179,ESTADO DO CEARA,N,E,8,Serviços,1,Contrato (termo inicial),Ceará,CE,Canindé,228387,EEMTI CAPELAO FREI ORLANDO,2302800
07954480000179-1-026144/2025,,,2026,32933,2026-09-10T01:05:07,PJ,46102988000109,46.102.988 JOAO ROBERTO CUNHA NETO,,,,Aquisição de Equipamento - Aquisição de Switch 48 Portas e Access Point,15545.0,15545.0,15545.0,0.0,2026-09-03,2026-09-03,2027-09-03,,,2026-09-10T01:05:06,2026-09-10T01:05:07,False,1,0,False,False,1455308,,,,,10011.008043/202524,07954480000179-2-032933/2026,Secretaria do Planejamento e Gestão do Ceará,07954480000179,ESTADO DO CEARA,N,E,2,Compras,1,Contrato (termo inicial),Ceará,CE,Fortaleza,100614,FSPDS - PERICIA FORENSE,2304400
07954480000179-1-018101/2026,,,2026,32934,2026-09-10T01:05:09,PJ,19455654000138,M R G DE ARAUJO LTDA,,,,AQUISIÇÃO DE MATERIAL EDUCATIVO E ESPORTIVO EM PROL DA EEMTI MATILDE RODRIGUES VASCONCELOS - EEMTI MATILDE RODRIGUES VASCONCELOS - URUBURETAMA - CREDE 2,1956.0,1956.0,1956.0,0.0,2026-08-26,2026-09-10,2027-09-10,,,2026-09-10T01:05:08,2026-09-10T01:05:09,False,1,0,False,False,1454216,,,,,22001.115707/202690,07954480000179-2-032934/2026,Secretaria do Planejamento e Gestão do Ceará,07954480000179,ESTADO DO CEARA,N,E,2,Compras,1,Contrato (termo inicial),Ceará,CE,Uruburetama,228252,EEM MATILDE RODRIGUES VASCONCELOS,2313807
07954480000179-1-016427/2026,,,2026,32935,2026-09-10T01:05:11,PJ,66385785000176,JOTA VYNTE CONSTRUTORA E EMPREENDIMENTOS LTDA,,,,Aquisição de Serviço de Manutenção - Forro de Salas - EEFM CENTRO EDUCACIONAL DOM HÉLIO CAMPOS - (SEFOR 1),2440.0,2440.0,2440.0,0.0,2026-08-26,2026-09-11,2027-09-06,,,2026-09-10T01:05:10,2026-09-10T01:05:11,False,1,0,False,False,1454100,,,,,22001.093987/202678,07954480000179-2-032935/2026,Secretaria do Planejamento e Gestão do Ceará,07954480000179,ESTADO DO CEARA,N,E,8,Serviços,1,Contrato (termo inicial),Ceará,CE,Fortaleza,228012,CENTRO EDUCACIONAL DOM HÉLIO CAMPOS,2304400
07954480000179-1-021235/2026,,,2026,32936,2026-09-10T01:05:14,PJ,48293154000145,48.293.154 FRANCISCO DANIEL DE ARAUJO,,,,"AQUISIÇÃO - MATERIAL DE CONSUMO - GÊNEROS DE ALIMENTAÇÃO-FRUTAS, VERDURAS E LEGUMES- AÇÚCAR- ALIMENTOS SOLUVEIS- CONDIMENTOS E CORRELATOS- OLEOS E GORDURAS - EEMTI RAIMUNDO DA CUNHA BRITO - GRACA - CREDE 6",2370.0,2370.0,2370.0,0.0,2026-08-28,2026-09-11,2027-09-11,,,2026-09-10T01:05:12,2026-09-10T01:05:14,False,1,0,False,False,1454453,,,,,22001.141781/202661,07954480000179-2-032936/2026,Secretaria do Planejamento e Gestão do Ceará,07954480000179,ESTADO DO CEARA,N,E,2,Compras,1,Contrato (termo inicial),Ceará,CE,Graça,228369,EEM RAIMUNDO DA CUNHA BRITO,2304657
07954480000179-1-018474/2026,,,2026,32937,2026-09-10T01:05:28,PJ,27031440000162,NAYANE PINHEIRO 04715204380,,,,gêneros de alimentação; EEMTI EUCLIDES PINHEIRO DE ANDRADE - COORDENADORIA REGIONAL DE DESENVOLVIMENTO DA EDUCAÇÃO (CREDE 14 - SENADOR POMPEU),14900.0,14900.0,14900.0,0.0,2026-08-04,2026-09-11,2027-09-11,,,2026-09-10T01:05:27,2026-09-10T01:05:28,False,1,0,False,False,1449786,,,,,22001.119405/202691,07954480000179-2-032937/2026,Secretaria do Planejamento e Gestão do Ceará,07954480000179,ESTADO DO CEARA,N,E,2,Compras,1,Contrato (termo inicial),Ceará,CE,Milhã,228526,EEM EUCLIDES PINHEIRO DE ANDRADE,2308351
07954480000179-1-010925/2026,,,2026,32938,2026-09-10T01:05:32,PJ,63001165000106,63.001.165 LILIAN DAYANE SOUZA LOPES,,,,FESTIVIDADES E HOMENAGENS - EEMTI WILEBALDO AGUIAR - MASSAPE - CREDE 6,14746.97,14746.97,14746.97,0.0,2026-08-21,2026-09-10,2027-09-10,,,2026-09-10T01:05:29,2026-09-10T01:05:32,False,1,0,False,False,1454158,,,,,22001.078712/202612,07954480000179-2-032938/2026,Secretaria do Planejamento e Gestão do Ceará,07954480000179,ESTADO DO CEARA,N,E,8,Serviços,1,Contrato (termo inicial),Ceará,CE,Fortaleza,228343,EEM WILEBALDO AGUIAR,2304400
07954480000179-1-017752/2026,,,2026,32939,2026-09-10T01:05:34,PJ,41015088000100,BRUNO ALBERTO DE SOUSA MONSORES LTDA,,,,MANUTENÇAO AR-CONDICIONADOS - EEMTI JOÃO MATTOS - SEFOR 3,2940.0,2940.0,2940.0,0.0,2026-08-26,2026-09-11,2027-09-11,,,2026-09-10T01:05:33,2026-09-10T01:05:34,False,1,0,False,False,1454431,,,,,22001.109078/202669,07954480000179-2-032939/2026,Secretaria do Planejamento e Gestão do Ceará,07954480000179,ESTADO DO CEARA,N,E,8,Serviços,1,Contrato (termo inicial),Ceará,CE,Fortaleza,228123,EEFM JOÃO MATTOS,2304400
07954480000179-1-015656/2026,,,2026,32940,2026-09-10T01:05:37,PJ,48293154000145,48.293.154 FRANCISCO DANIEL DE ARAUJO,,,,"CONTRATAÇÃO DE OUTROS SERVIÇOS DE TERCEIROS - PESSOA JURÍDICA - ABASTECIMENTO DE ÁGUA POR PESSOA JURÍDICA (CAMINHÃO PIPA), destinada atender as necessidades da EEEP Jeová Costa Lima. RUSSAS - CREDE 10",36340.0,36340.0,36340.0,0.0,2026-08-24,2026-10-30,2027-09-14,,,2026-09-10T01:05:35,2026-09-10T01:05:37,False,1,0,False,False,1454230,,,,,22001.099651/202619,07954480000179-2-032940/2026,Secretaria do Planejamento e Gestão do Ceará,07954480000179,ESTADO DO CEARA,N,E,2,Compras,1,Contrato (termo inicial),Ceará,CE,Russas,228451,EEEP PROFESSOR WALQUER CAVALCANTE MAIA,2311801
07954480000179-1-022912/2026,,,2026,32941,2026-09-10T01:05:41,PJ,07188842000168,REAL SERVICOS DE LOCACAO DE MAO DE OBRA LTDA,,,,"O objeto da licitação é a contratação de empresa para prestação de serviços contínuos a serem executados com dedicação exclusiva de mão de obra terceirizada, regidos pela Consolidação da Leis Trabalhistas (CLT)",1788394.56,149032.88,1788394.56,0.0,2026-09-01,2026-09-01,2027-08-31,,,2026-09-10T01:05:39,2026-09-10T01:05:41,False,12,0,False,False,1455129,,,,,47001.014684/202628,07954480000179-2-032941/2026,Secretaria do Planejamento e Gestão do Ceará,07954480000179,ESTADO DO CEARA,N,E,6,Mão de Obra,1,Contrato (termo inicial),Ceará,CE,Fortaleza,470001,"SECRETARIA DA PROTEÇÃO SOCIAL, JUSTIÇA, CIDADANIA, MULHERES E DH",2304400
07954480000179-1-021637/2026,,,2026,32942,2026-09-10T01:05:43,PJ,00289070000101,DIMAIA´S COMERCIAL LTDA - ME,,,,GÊNEROS ALIMENTÍCIOS - EEMTI SÃO JOÃO PIAMARTA - (SEFOR 3),4611.66,4611.66,4611.66,0.0,2026-08-31,2026-09-11,2027-09-11,,,2026-09-10T01:05:42,2026-09-10T01:05:43,False,1,0,False,False,1454718,,,,,22001.136225/202673,07954480000179-2-032942/2026,Secretaria do Planejamento e Gestão do Ceará,07954480000179,ESTADO DO CEARA,N,E,2,Compras,1,Contrato (termo inicial),Ceará,CE,Fortaleza,228770,EEM SÂO JOÂO PIAMARTA,2304400
07954480000179-1-021183/2026,,,2026,32943,2026-09-10T01:05:46,PJ,55109104000120,CAPTAR COMERCIO E SERVICOS LTDA,,,,SERVIÇOS DE TERCEIROS - OUTROS SERVIÇOS DE TERCEIROS - EEEP WELLINGTON BELÉM DE FIGUEIREDO - NOVA OLINDA - CREDE 18,4309.8,4309.8,4309.8,0.0,2026-08-25,2026-09-11,2027-09-11,,,2026-09-10T01:05:45,2026-09-10T01:05:46,False,1,0,False,False,1454821,,,,,22001.112911/202659,07954480000179-2-032943/2026,Secretaria do Planejamento e Gestão do Ceará,07954480000179,ESTADO DO CEARA,N,E,8,Serviços,1,Contrato (termo inicial),Ceará,CE,Nova Olinda,228742,EEEP WELLINGTON BELÉM DE FIGUEIREDO,2309201
07954480000179-1-024148/2025,,,2026,32944,2026-09-10T01:06:12,PJ,21559804000103,GERBRA COMERCIO EIRELI,,,,"Aquisição de materiais de limpeza, higienização, conservação e uso diário para atender as demandas deste DETRAN.",29784.0,29784.0,29784.0,0.0,2026-07-17,2026-09-11,2027-09-11,,,2026-09-10T01:06:12,2026-09-10T01:06:12,False,1,0,False,False,1448863,,,,,08012.097961/202568,07954480000179-2-032944/2026,Secretaria do Planejamento e Gestão do Ceará,07954480000179,ESTADO DO CEARA,N,E,2,Compras,1,Contrato (termo inicial),Ceará,CE,Fortaleza,080301,DEPARTAMENTO ESTADUAL DE TRANSITO,2304400
07954480000179-1-020656/2026,,,2026,32945,2026-09-10T01:06:19,PJ,11372526000119,FC ALVES DA SILVA EMBALAGENS - ME,,,,MANUTENÇÃO E CONSERVAÇÃO DE BENS IMÓVEIS - EEMTI PROFESSORA MARIA LUIZA SABOIA RIBEIRO  - PARACURU - CREDE 2 -,10350.0,10350.0,10350.0,0.0,2026-09-01,2026-09-11,2027-09-11,,,2026-09-10T01:06:16,2026-09-10T01:06:19,False,1,0,False,False,1454742,,,,,22001.118155/202671,07954480000179-2-032945/2026,Secretaria do Planejamento e Gestão do Ceará,07954480000179,ESTADO DO CEARA,N,E,8,Serviços,1,Contrato (termo inicial),Ceará,CE,Paracuru,228246,EEM PROFESSORA MARIA LUÍZA SABÓIA RIBEIRO,2310209
07954480000179-1-006534/2026,,,2026,32946,2026-09-10T01:06:35,PJ,47802683000164,CVC REFRIGERACAO E CLIMATIZACAO LTDA,,,,COTAÇÃO ELETRÔNICA Nº 0018/2026 ¿ AQUISIÇÃO DE SERVIÇOS DE TERCEIROS - MANUTENÇÃO E CONSERVAÇÃO DE MÁQUINAS E EQUIPAMENTOS EM FAVOR DA EEMTI NAZARÉ GUERRA. ITATIRA - CREDE 7,13318.5,13318.5,13318.5,0.0,2026-08-24,2026-08-24,2027-08-23,,,2026-09-10T01:06:31,2026-09-10T01:06:35,False,1,0,False,False,1454170,,,,,22001.033140/202634,07954480000179-2-032946/2026,Secretaria do Planejamento e Gestão do Ceará,07954480000179,ESTADO DO CEARA,N,E,8,Serviços,1,Contrato (termo inicial),Ceará,CE,Itatira,228384,EEM NAZARÉ GUERRA,2306603
07954480000179-1-025284/2025,07954480000179-1-025284/2025-000001,,2026,32947,2026-09-10T01:06:37,PJ,73694788000157,SALINAS EMPREENDIMENTOS E CONSTRUCOES LTDA ,,,,SERVIÇOS DE MANUTENÇÃO CORRETIVA E PREVENTIVA EM PRÉDIOS PÚBLICOS - CAMPUS MULTI-INSTITUCIONAL DE IGUATU - CE.,1958083.74,195808.374,1958083.74,0.0,2026-09-03,2026-09-03,2028-01-03,,,2026-09-10T01:06:37,2026-09-10T01:06:37,False,10,0,False,False,1455202,,,,,43022.008765/202690,07954480000179-2-032947/2026,Secretaria do Planejamento e Gestão do Ceará,07954480000179,ESTADO DO CEARA,N,E,8,Serviços,1,Contrato (termo inicial),Ceará,CE,Fortaleza,081401,SUPERINTENDÊNCIA DE OBRAS PÚBLICAS ,2304400
07954480000179-1-015486/2026,,,2026,32948,2026-09-10T01:06:42,PJ,32002167000188,ANTONIO VANDERLAU PEREIRA DE ARAUJO,,,,MANUTENÇÃO E CONSERVAÇÃO DE MÁQUINAS E EQUIPAMENTOS - MANUTENÇÃO DE ARES CONDICIONADOS. EEEP ALFREDO NUNES DE MELO - ACOPIARA - CREDE 16,17114.0,17114.0,17114.0,0.0,2026-08-28,2026-08-28,2027-08-27,,,2026-09-10T01:06:39,2026-09-10T01:06:42,False,1,0,False,False,1454445,,,,,22001.103009/202641,07954480000179-2-032948/2026,Secretaria do Planejamento e Gestão do Ceará,07954480000179,ESTADO DO CEARA,N,E,2,Compras,1,Contrato (termo inicial),Ceará,CE,Acopiara,228542,EEEP ALFREDO NUNES DE MELO,2300309
07954480000179-1-020786/2026,,,2026,32949,2026-09-10T01:07:08,PJ,63560007000188,COPERGA COML GAS PEREIRA DE MORAIS LTDA,,,,GÁS E OUTROS MATERIAIS ENGARRAFADOS.(GÁS DE COZINHA 02) - EEMTI MONSENHOR ANTÔNIO FEITOSA - MISSAO VELHA - CREDE 20,4700.0,4700.0,4700.0,0.0,2026-08-31,2026-09-11,2027-09-11,,,2026-09-10T01:07:07,2026-09-10T01:07:08,False,1,0,False,False,1453423,,,,,22001.134684/202612,07954480000179-2-032949/2026,Secretaria do Planejamento e Gestão do Ceará,07954480000179,ESTADO DO CEARA,N,E,2,Compras,1,Contrato (termo inicial),Ceará,CE,Missão Velha,228641,EEM MONSENHOR ANTÔNIO FEITOSA,2308401
07954480000179-1-020338/2026,,,2026,32950,2026-09-10T01:07:14,PJ,17704086000136,MULTSETE SOLUCOES AMBIENTAIS LTDA,,,,SERVIÇOS DE TERCEIROS - MANUTENÇÃO E CONSERVAÇÃO PREDIAL (SEFOR 1),7650.0,7650.0,7650.0,0.0,2026-08-28,2026-09-11,2027-09-11,,,2026-09-10T01:07:12,2026-09-10T01:07:14,False,1,0,False,False,1454717,,,,,22001.123969/202628,07954480000179-2-032950/2026,Secretaria do Planejamento e Gestão do Ceará,07954480000179,ESTADO DO CEARA,N,E,8,Serviços,1,Contrato (termo inicial),Ceará,CE,Fortaleza,228043,EEFM JOSÉ BEZERRA DE MENEZES,2304400
07954480000179-1-021179/2026,,,2026,32951,2026-09-10T01:07:32,PJ,74031709000190,CLEITON MORAIS LOPES ME,,,,Aquisição de Gêneros de Alimentação - EEMTI CORONEL ALFREDO SILVANO - RERIUTABA - CREDE 6 -,23782.3,23782.3,23782.3,0.0,2026-08-27,2026-09-11,2027-09-11,,,2026-09-10T01:07:31,2026-09-10T01:07:32,False,1,0,False,False,1454437,,,,,22001.134314/202685,07954480000179-2-032951/2026,Secretaria do Planejamento e Gestão do Ceará,07954480000179,ESTADO DO CEARA,N,E,2,Compras,1,Contrato (termo inicial),Ceará,CE,Reriutaba,228349,EEM CORONEL ALFREDO SILVANO,2311702
07954480000179-1-017968/2026,,,2026,32952,2026-09-10T01:07:34,PJ,61101753000188,BG ANDRADE EMPREENDIMENTOS COMERCIO E SERVICOS LTDA,,,,GÊNEROS DE ALIMENTAÇÃO - EEMTI ELZA GOERSCH - FORQUILHA - CREDE 6,25860.0,25860.0,25860.0,0.0,2026-08-27,2026-09-11,2027-09-11,,,2026-09-10T01:07:33,2026-09-10T01:07:34,False,1,0,False,False,1454406,,,,,22001.094851/202685,07954480000179-2-032952/2026,Secretaria do Planejamento e Gestão do Ceará,07954480000179,ESTADO DO CEARA,N,E,2,Compras,1,Contrato (termo inicial),Ceará,CE,Forquilha,228339,EEM ELZA GOERSCH,2304350
07954480000179-1-011656/2026,,,2026,32953,2026-09-10T01:07:39,PJ,45014432000190,JW COMERCIAL E SERVICOS LTDA,,,,FESTIVIDADE E HOMENAGEM - EEMTI PROFESSORA IRACI PEREIRA DE ALCANTARA - CAUCAIA - CREDE 1.,9750.0,9750.0,9750.0,0.0,2026-08-31,2026-09-11,2027-09-11,,,2026-09-10T01:07:35,2026-09-10T01:07:39,False,1,0,False,False,1454485,,,,,22001.083310/202621,07954480000179-2-032953/2026,Secretaria do Planejamento e Gestão do Ceará,07954480000179,ESTADO DO CEARA,N,E,8,Serviços,1,Contrato (termo inicial),Ceará,CE,Caucaia,228785,ESCOLA DE ENSINO MEDIO DE CUMBUCO,2303709
07954480000179-1-025061/2025,07954480000179-1-025061/2025-000001,,2026,32954,2026-09-10T01:07:42,PJ,63901882000186,CIPECE LTDA,,,,"CONTRATUALIZAÇÃO DO SALDO DISPONÍVEL NA ATA DE REGISTRO DE PREÇO N.º 2026/25114, DECORRENTE DO PREGÃO ELETRÔNICO Nº 20251587 , QUE TEM COMO OBJETO A CONTRATAÇÃO DE SERVIÇOS EM HORAS, SOBREAVISO E PROCEDIMENTOS CIRÚRGICOS ESPECIALIZADOS NA CATEGORIA DE MÉDICOS CIRURGIÕES PEDIÁTRICOS, PELO PERÍODO DE 12 (DOZE) MESES, PARA SUPRIR AS NECESSIDADES OPERACIONAIS DO HOSPITAL GERAL DE FORTALEZA - HGF, UNIDADE VINCULADA À SECRETARIA DA SAÚDE DO ESTADO DO CEARÁ (SESA).   FORNECEDOR: CIPECE LTDA",1118297.64,93191.47,1118297.64,0.0,2026-09-04,2026-09-11,2027-09-11,,,2026-09-10T01:07:41,2026-09-10T01:07:42,False,12,0,False,False,1455404,,,,,24001.056553/202612,07954480000179-2-032954/2026,Secretaria do Planejamento e Gestão do Ceará,07954480000179,ESTADO DO CEARA,N,E,6,Mão de Obra,1,Contrato (termo inicial),Ceará,CE,Fortaleza,241281,HOSPITAL GERAL DE FORTALEZA,2304400
07954480000179-1-002280/2025,,,2026,32955,2026-09-10T01:07:59,PJ,51186050000146,COMERCIAL EFICAZ LTDA,,,,"O objeto do presente instrumento é a prestação dos serviços de alimentação para o fornecimento de
refeições destinadas aos alunos das Escolas Estaduais de Ensino Médio em Tempo Integral e das Escolas
Estaduais de Educação Profissional de abrangência das Coordenadorias Regionais de Desenvolvimento da
Educação - CREDEs 2, 3 e 4, e alunos que estejam em intercâmbio nas ações pedagógicas, Grupo 10 ¿
EEMTI VICENTE ANTENOR FERREIRA GOMES - MIRAÍMA, nas condições estabelecidas neste
contrato e no Termo de Referência do Edital e na proposta do CONTRATADO. EMPRESA
COMERCIAL EFICAZ LTDA.",485878.5,485878.5,485878.5,0.0,2026-07-10,2026-07-10,2027-07-10,,,2026-09-10T01:07:58,2026-09-10T01:07:59,False,1,0,False,False,1447753,,,,,22001.074726/202659,07954480000179-2-032955/2026,Secretaria do Planejamento e Gestão do Ceará,07954480000179,ESTADO DO CEARA,N,E,8,Serviços,1,Contrato (termo inicial),Ceará,CE,Fortaleza,220001,SECRETARIA DA EDUCACAO,2304400
07954480000179-1-017892/2026,,,2026,32956,2026-09-10T01:08:02,PJ,36244654000108,C M COMERCIAL E SERVICOS LTDA,,,,GÊNEROS DE ALIMENTAÇÃO - INSTITUTO CEARENSE DE EDUCAÇÃO DE SURDOS -  (SEFOR 2),13997.5,13997.5,13997.5,0.0,2026-08-26,2026-09-10,2027-09-10,,,2026-09-10T01:08:01,2026-09-10T01:08:02,False,1,0,False,False,1450645,,,,,22001.114975/202694,07954480000179-2-032956/2026,Secretaria do Planejamento e Gestão do Ceará,07954480000179,ESTADO DO CEARA,N,E,2,Compras,1,Contrato (termo inicial),Ceará,CE,Fortaleza,228059,INSTITUTO CEARENSE DE EDUCAÇÃO DOS SURDOS,2304400
07954480000179-1-021232/2026,,,2026,32957,2026-09-10T01:08:08,PJ,57844287000153,M & F PRODUTOS SERVICOS E LOCACOES LTDA,,,,"AQUISIÇÃO - MATERIAL DE CONSUMO - GÊNEROS DE ALIMENTAÇÃOCOMPOTAS, DOCES ENLATADOS- CEREAIS EM GRAOS E FARINHAS P/ PANIFICAÇÃO - EEMTI RAIMUNDO DA CUNHA BRITO - GRACA - CREDE 6",34280.0,34280.0,34280.0,0.0,2026-08-27,2026-09-10,2027-09-10,,,2026-09-10T01:08:07,2026-09-10T01:08:08,False,1,0,False,False,1454422,,,,,22001.132834/202653,07954480000179-2-032957/2026,Secretaria do Planejamento e Gestão do Ceará,07954480000179,ESTADO DO CEARA,N,E,2,Compras,1,Contrato (termo inicial),Ceará,CE,Graça,228369,EEM RAIMUNDO DA CUNHA BRITO,2304657
07954480000179-1-016002/2026,,,2026,32958,2026-09-10T01:08:13,PJ,53279810000195,53.279.810 JULIANA VITOR PEREIRA,,,,Contratação de serviços de manutenção de máquinas e equipamentos. EEM MARIANO MARTINS -  (SEFOR 1),3920.0,3920.0,3920.0,0.0,2026-08-27,2026-09-11,2027-09-11,,,2026-09-10T01:08:10,2026-09-10T01:08:13,False,1,0,False,False,1454446,,,,,22001.101079/202665,07954480000179-2-032958/2026,Secretaria do Planejamento e Gestão do Ceará,07954480000179,ESTADO DO CEARA,N,E,2,Compras,1,Contrato (termo inicial),Ceará,CE,Fortaleza,228047,EEM MARIANO MARTINS,2304400
07954480000179-1-018352/2026,,,2026,32959,2026-09-10T01:08:16,PJ,00289070000101,DIMAIA´S COMERCIAL LTDA - ME,,,,GENEROS ALIMENTICIOS- COT 03 /2026 - EEMTI BÁRBARA DE ALENCAR - (SEFOR 2),8230.0,8230.0,8230.0,0.0,2026-08-28,2026-09-11,2027-09-11,,,2026-09-10T01:08:15,2026-09-10T01:08:16,False,1,0,False,False,1454388,,,,,22001.089884/202611,07954480000179-2-032959/2026,Secretaria do Planejamento e Gestão do Ceará,07954480000179,ESTADO DO CEARA,N,E,2,Compras,1,Contrato (termo inicial),Ceará,CE,Fortaleza,228051,EEFM BÁRBARA DE ALENCAR,2304400
07954480000179-1-021053/2026,,,2026,32960,2026-09-10T01:08:18,PJ,00289070000101,DIMAIA´S COMERCIAL LTDA - ME,,,,Aquisição de gêneros da alimentação - EEMTI PROFESSORA MARIA MARGARIDA DE CASTRO ALMEIDA -  (SEFOR 3),29573.2,29573.2,29573.2,0.0,2026-08-27,2026-09-10,2027-09-10,,,2026-09-10T01:08:17,2026-09-10T01:08:18,False,1,0,False,False,1454473,,,,,22001.118890/202685,07954480000179-2-032960/2026,Secretaria do Planejamento e Gestão do Ceará,07954480000179,ESTADO DO CEARA,N,E,2,Compras,1,Contrato (termo inicial),Ceará,CE,Fortaleza,228159,EEFM PROFESSORA MARIA MARGARIDA DE CASTRO ALMEIDA,2304400
09499757000146-1-000029/2026,09499757000146-1-000029/2026-000001,,2026,70,2026-09-10T07:40:50,PJ,61089913000110,SUNMED HOSPITALAR COMERCIO DE PRODUTOS LTDA,,,,"EMPENHO REFERENTE AO REGISTRO DE PREÇOS VISANDO FUTURAS E EVENTUAIS AQUISIÇÕES DE EQUIPAMENTOS E MATERIAIS DE CONSUMO
ODONTOLÓGICOS E FISIOTERAPÊUTICOS, PARA ATENDER ÀS NECESSIDADES DA ASSESSORIA DE SAÚDE DO TCE/CE. (GRUPO 9, 12, 14 e item 117)",1506.46,1506.46,1506.46,,2026-09-09,2026-09-09,2026-10-08,,,2026-09-10T07:40:49,2026-09-10T07:40:50,False,1,0,False,False,2026NE001040,,,,,02293/2026-8,09499757000146-2-000070/2026,Compras.gov.br,09499757000146,TRIBUNAL DE CONTAS DO CEARA,L,E,2,Compras,7,Empenho,Ceará,CE,Fortaleza,925467,TRIBUNAL DE CONTAS DO ESTADO DO CEARÁ,2304400
09499757000146-1-000029/2026,09499757000146-1-000029/2026-000001,,2026,71,2026-09-10T07:46:11,PJ,61089913000110,SUNMED HOSPITALAR COMERCIO DE PRODUTOS LTDA,,,,"EMPENHO REFERENTE AO REGISTRO DE PREÇOS VISANDO FUTURAS E EVENTUAIS AQUISIÇÕES DE EQUIPAMENTOS EMATERIAIS DE CONSUMO ODONTOLÓGICOS E FISIOTERAPÊUTICOS, PARA ATENDER ÀS NECESSIDADES DA ASSESSORIADE SAÚDE DO TCE/CE. (GRUPO 9, 12, 14 e item 117)",1879.59,1879.59,1879.59,,2026-09-09,2026-09-09,2026-10-08,,,2026-09-10T07:46:10,2026-09-10T07:46:11,False,1,0,False,False,2026NE001041 ,,,,,02293/2026-8,09499757000146-2-000071/2026,Compras.gov.br,09499757000146,TRIBUNAL DE CONTAS DO CEARA,L,E,2,Compras,7,Empenho,Ceará,CE,Fortaleza,925467,TRIBUNAL DE CONTAS DO ESTADO DO CEARÁ,2304400
07963515000136-1-000054/2026,,,2026,271,2026-09-10T07:52:37,PJ,09363822000101,INTERATIVA LOCACOES & SERVICOS EIRELI,,,,CONTRATAÇÃO DA PRESTAÇÃO DE SERVIÇOS DE LOCAÇÃO DE MÁQUINAS PESADAS E CAMINHÕES PARA ATENDER AS NECESSIDADES DA SECRETARIA DE INFRAESTRUTURA E RECURSOS HÍDRICOS DO MUNICÍPIO DE BOA VIAGEM/CE,3892909.32,3892909.32,3892909.32,3892909.32,2026-09-03,2026-09-03,2027-09-03,,,2026-09-10T07:52:37,2026-09-10T07:52:37,False,1,0,False,False,202609030001,,,,,0000920260505000182,07963515000136-2-000271/2026,M2A tecnologia,07963515000136,MUNICIPIO DE BOA VIAGEM,N,M,8,Serviços,1,Contrato (termo inicial),Ceará,CE,Boa Viagem,17,SECRETARIA DE INFRAESTRUTURA E RECURSOS HÍDRICOS,2302404
07963515000136-1-000054/2026,,,2026,272,2026-09-10T07:57:00,PJ,09363822000101,INTERATIVA LOCACOES & SERVICOS EIRELI,,,,CONTRATAÇÃO DA PRESTAÇÃO DE SERVIÇOS DE LOCAÇÃO DE CAMINHÕES PARA ATENDER AS NECESSIDADES DA SECRETARIA DE MEIO AMBIENTE E URBANISMO DO MUNICÍPIO DE BOA VIAGEM/CE,1036880.28,1036880.28,1036880.28,1036880.28,2026-09-03,2026-09-03,2027-09-03,,,2026-09-10T07:56:59,2026-09-10T07:57:00,False,1,0,False,False,202609030002,,,,,0000920260505000182,07963515000136-2-000272/2026,M2A tecnologia,07963515000136,MUNICIPIO DE BOA VIAGEM,N,M,8,Serviços,1,Contrato (termo inicial),Ceará,CE,Boa Viagem,202533,SECRETARIA DE MEIO E AMBIENTE E URBANISMO,2302404
07963515000136-1-000054/2026,,,2026,273,2026-09-10T08:00:16,PJ,09363822000101,INTERATIVA LOCACOES & SERVICOS EIRELI,,,,CONTRATAÇÃO DA PRESTAÇÃO DE SERVIÇOS DE LOCAÇÃO DE CAMINHÃO PARA ATENDER AS NECESSIDADES DA SECRETARIA DE SEGURANÇA PÚBLICA DO MUNICÍPIO DE BOA VIAGEM/CE,113500.0,113500.0,113500.0,113500.0,2026-09-03,2026-09-03,2027-09-03,,,2026-09-10T08:00:10,2026-09-10T08:00:16,False,1,0,False,False,202609030003,,,,,0000920260505000182,07963515000136-2-000273/2026,M2A tecnologia,07963515000136,MUNICIPIO DE BOA VIAGEM,N,M,8,Serviços,1,Contrato (termo inicial),Ceará,CE,Boa Viagem,40,SECRETARIA DE SEGURANÇA PÚBLICA MUNICIPAL,2302404
23718356000160-1-000069/2026,,,2026,50,2026-09-10T08:00:44,PJ,58451673000148,58.451.673 SEBASTIAO MARQUES DE FREITAS,,,,Aquisição de material permanente destinado a biblioteca pública do município de Ararendá-Ce,9910.0,9910.0,9910.0,9910.0,2026-09-09,2026-09-09,2027-09-09,,,2026-09-10T08:00:42,2026-09-10T08:00:44,False,1,0,False,False,202609090001,,,,,DL-01.140826-SEJUV,23718356000160-2-000050/2026,M2A tecnologia,23718356000160,MUNICIPIO DE ARARENDA,N,M,2,Compras,1,Contrato (termo inicial),Ceará,CE,Ararendá,202501,PREFEITURA MUNICIPAL DE ARARENDA,2301257
23718356000160-1-000069/2026,,,2026,51,2026-09-10T08:01:34,PJ,07765651000111,ELIAS DE PAULA JUNIOR,,,,Aquisição de material permanente destinado a biblioteca pública do município de Ararendá-Ce,28828.0,28828.0,28828.0,28828.0,2026-09-09,2026-09-09,2027-09-09,,,2026-09-10T08:01:33,2026-09-10T08:01:34,False,1,0,False,False,202609090002,,,,,DL-01.140826-SEJUV,23718356000160-2-000051/2026,M2A tecnologia,23718356000160,MUNICIPIO DE ARARENDA,N,M,2,Compras,1,Contrato (termo inicial),Ceará,CE,Ararendá,202501,PREFEITURA MUNICIPAL DE ARARENDA,2301257
00449053000194-1-000004/2026,,,2026,3,2026-09-11T00:08:50,PJ,17682464000128,TRIBUS CONSULTORIA E ASSESSORIA CONTABIL LTDA,,,,"Contratação empresa especializada para a prestação de serviços de assessoria e consultoria administrativa para realização de diagnóstico organizacional, mapeamento de processos internos, modelagem de fluxos administrativos (AS IS e TO BE), elaboração de fluxogramas e redesenho de procedimentos administrativos, com utilização de ferramentas de Business Processo Management (BPM), tais como Bizagi Modeler ou similares, objetivando a melhoria da eficiência administrativa, padronização de procedimentos, mitigação de riscos operacionais e fortalecimento dos controles internos do Poder Legislativo Municipal de Bela Cruz.",60000.0,60000.0,60000.0,60000.0,2026-09-02,2026-09-02,2027-03-01,,,2026-09-11T00:08:49,2026-09-11T00:08:50,False,1,0,False,False,202609020001,,,,,2026.004,00449053000194-2-000003/2026,M2A tecnologia,00449053000194,MUNICIPIO DE BELA CRUZ/CAMARA MUNICIPAL,L,M,8,Serviços,1,Contrato (termo inicial),Ceará,CE,Bela Cruz,202599,CÂMARA MUNICIPAL DE BELA CRUZ,2302305
07442981000176-1-000092/2026,,,2026,212,2026-09-11T07:33:43,PJ,12131013000189,FAZ LIMPO SERVICOS E LOCACAO DE MAO DE  OBRA LTDA,,,,"CONTRATAÇÃO DE SERVIÇO DE ASSESSORIA E GESTÃO PARA POLÍTICAS PÚBLICAS DA  
SECRETARIA MUNICIPAL DE POLÍTICAS PÚBLICAS PARA AS MULHERES DO MUNICIPIO DE  
JAGUARIBARA/CE.",64632.0,64632.0,64632.0,64632.0,2026-09-10,2026-09-10,2027-09-10,,,2026-09-11T07:33:11,2026-09-11T07:33:43,False,1,0,False,False,20260318,,,,,22070001/26,07442981000176-2-000212/2026,M2A tecnologia,07442981000176,MUNICIPIO DE JAGUARIBARA,N,M,8,Serviços,1,Contrato (termo inicial),Ceará,CE,Jaguaribara,202596,SEC. MUNICIPAL DE POLÍTICAS PARA AS MULHERES,2306801
10724903000179-1-000240/2025,10724903000179-1-000240/2025-000011,,2026,658,2026-09-11T08:02:42,PJ,60250972000166,TEX TEXTIL LTDA,,,,"EMPENHO PARA ATENDER DESPESA COM AQUISICAO DE MATERIAL DE CONSUMO (EDUCATIVO E ESPORTIVO) PARA ATENDER AS NECESSIDADES DO IFCE CAMPUS CEDRO.PREGAO 90003/2025, UASG DA LICITACAO 158129. PROCESSO SEI:23262.003970/2025-48.",6597.5,6597.5,6597.5,,2026-05-26,2026-05-26,2026-12-31,,,2026-09-11T08:02:41,2026-09-11T08:02:42,False,1,0,False,False,2026NE000055,,,,False,23262.003970/2025-48,10744098000145-2-000658/2026,Contratos.gov.br,10744098000145,"INSTITUTO FEDERAL DE EDUCACAO, CIENCIA E TECNOLOGIA DO CEARA",E,F,2,Compras,7,Empenho,Ceará,CE,Cedro,158318,INST.FED.DO CEARA/CAMPUS CEDRO,2303808
06742480000142-1-000089/2026,,,2026,247,2026-09-11T08:04:23,PJ,33615509000106,SINCES TECNOLOGIA COMÉRCIO E SERVIÇOS LTDA,,,,"Aquisição/fornecimento de materiais permanentes (mobiliário, centrais de ar, informática e eletroeletrônico), para atender as necessidades da Secretaria de Assistência Social do Município de Quixelô/CE.",67950.0,67950.0,67950.0,,2026-09-08,2026-09-08,2027-09-08,,,2026-09-11T08:04:22,2026-09-11T08:04:23,False,1,0,False,False,2026.08.11.1.1,,,,,2026.08.11.1,06742480000142-2-000247/2026,BR Conectado,06742480000142,MUNICIPIO DE QUIXELO,N,M,2,Compras,1,Contrato (termo inicial),Ceará,CE,Quixelô,1,PREFEITURA MUNICIPAL DE QUIXELÔ - CE,2311355
06742480000142-1-000089/2026,,,2026,248,2026-09-11T08:07:41,PJ,19603291000130,POTENCIAL DISTRIBUIDORA LTDA,,,,"Aquisição/fornecimento de materiais permanentes (mobiliário, centrais de ar, informática e eletroeletrônico), para atender as necessidades da Secretaria de Assistência Social do Município de Quixelô/CE.",190500.0,190500.0,190500.0,,2026-09-08,2026-09-08,2027-09-08,,,2026-09-11T08:07:39,2026-09-11T08:07:41,False,1,0,False,False,2026.08.11.1.2,,,,,2026.08.11.1,06742480000142-2-000248/2026,BR Conectado,06742480000142,MUNICIPIO DE QUIXELO,N,M,2,Compras,1,Contrato (termo inicial),Ceará,CE,Quixelô,1,PREFEITURA MUNICIPAL DE QUIXELÔ - CE,2311355
06742480000142-1-000089/2026,,,2026,249,2026-09-11T08:10:34,PJ,30607801000180,AGIL COMERCIO E DISTRIBUIDORA DE EQUIPAMENTOS LTDA,,,,"Aquisição/fornecimento de materiais permanentes (mobiliário, centrais de ar, informática e eletroeletrônico), para atender as necessidades da Secretaria de Assistência Social do Município de Quixelô/CE.",7725.0,7725.0,7725.0,,2026-09-08,2026-09-08,2027-09-08,,,2026-09-11T08:10:34,2026-09-11T08:10:34,False,1,0,False,False,2026.08.11.1.3,,,,,2026.08.11.1,06742480000142-2-000249/2026,BR Conectado,06742480000142,MUNICIPIO DE QUIXELO,N,M,2,Compras,1,Contrato (termo inicial),Ceará,CE,Quixelô,1,PREFEITURA MUNICIPAL DE QUIXELÔ - CE,2311355
06742480000142-1-000089/2026,,,2026,250,2026-09-11T08:13:01,PJ,12565600000186,J M V SANTANA COMERCIAL LTDA,,,,"Aquisição/fornecimento de materiais permanentes (mobiliário, centrais de ar, informática e eletroeletrônico), para atender as necessidades da Secretaria de Assistência Social do Município de Quixelô/CE.",11300.0,11300.0,11300.0,,2026-09-08,2026-09-08,2027-09-08,,,2026-09-11T08:13:01,2026-09-11T08:13:01,False,1,0,False,False,2026.08.11.1.4,,,,,2026.08.11.1,06742480000142-2-000250/2026,BR Conectado,06742480000142,MUNICIPIO DE QUIXELO,N,M,2,Compras,1,Contrato (termo inicial),Ceará,CE,Quixelô,1,PREFEITURA MUNICIPAL DE QUIXELÔ - CE,2311355
07954480000179-1-003489/2023,07954480000179-1-003489/2023-000001,BRA,2023,2102,2026-09-12T15:00:12,PJ,50344473000184,F C COMERCIO DE MATERIAIS DE LIMPEZA LTDA,,,,REGISTRO DE PREÇOS - MATERIAL DE CONSUMO - LIMPEZA E HIGIENE,1289.6,0.0,1289.6,0.0,2026-09-08,2026-09-08,2026-12-31,,,2026-09-12T15:00:11,2026-09-12T15:00:12,False,1,0,False,False,2026000140,,,,False,,07954480000179-2-002102/2023,Secretaria do Planejamento e Gestão do Ceará,07954480000179,ESTADO DO CEARA,N,E,2,Compras,7,Empenho,Ceará,CE,Fortaleza,410001,CONTROLADORIA E OUVIDORIA GERAL DO ESTADO,2304400
07598634000137-1-000157/2024,,,2026,160,2026-09-18T07:45:15,PJ,51007107000100,ARKTEC CONSTRUTORA E ARQUITETURA LTDA,,,,"[LICITANET] - [LICITANET] - CONTRATAÇÃO DE EMPRESA ESPECIALIZADA PARA EXECUÇÃO DA REFORMA DA PRAÇA FRANSCISCO ANTÔNIO FERREIRA, ALTOS, DISTRITO DE ARACATIAÇU, NO MUNICÍPIO DE SOBRAL/CE",135278.13,135278.13,135278.13,0.0,2026-09-11,2026-09-14,2027-01-11,,,2026-09-14T07:22:51,2026-09-18T07:45:15,False,1,0,False,False,23,CONTRATO Nº 23/2026 - ASSINADO EM 11/09/2026 - PUBLICADO EM 14/09/2026,,,,P329593/2024,07598634000137-2-000160/2026,Licitanet Licitações Eletrônicas LTDA,07598634000137,MUNICIPIO DE SOBRAL,N,M,7,Obras,1,Contrato (termo inicial),Ceará,CE,Sobral,2391,MUNICIPIO DE SOBRAL/CE,2312908
07598600000142-1-000157/2026,,,2026,212,2026-09-14T07:55:26,PJ,04794205000147,COMERCIAL CENTRAL DAS BALAS VARJOTA LTDA,,,,"CONTRATAÇÃO DE EMPRESA PARA O FORNECIMENTO DE MATERIAIS DE LIMPEZA, COPA E COZINHA, PARA ATENDER ÀS NECESSIDADES DA SECRETARIA DE PLANEJAMENTO, GESTÃO E FINANÇAS DO MUNICÍPIO DE CARIRÉ-CE.",9696.3,9696.3,9696.3,,2026-07-21,2026-07-21,2027-07-21,,,2026-09-14T07:54:51,2026-09-14T07:55:26,False,1,0,False,False,05.PD.SMP,,,,,05.PD.SMP/2026,07598600000142-2-000212/2026,UMUPP,07598600000142,MUNICIPIO DE CARIRE,N,M,2,Compras,1,Contrato (termo inicial),Ceará,CE,Cariré,202508,"SECRETARIA DE ADMINISTRACAO, PLANEJ. E FINANCAS",2303105
07733256000157-1-000118/2025,07733256000157-1-000118/2025-000007,BRA,2026,635,2026-09-14T08:08:34,PJ,44205333000122,MAISVIDA DISTRIBUIDORA DE MATERIAL MEDICO HOSPITALAR LTDA,,,,"REGISTRO DE PREÇO PARA FUTURA E EVENTUAL AQUISIÇÃO DE MATERIAL DE CONSUMO (LIMPEZA, HIGIENE, UTENSÍLIOS DOMÉSTICOS E DESCARTÁVEIS) DE INTERESSE DA SECRETARIA DE GOVERNO, ADMINISTRAÇÃO E DESENVOLVIMENTO ECONÔMICO DO MUNICÍPIO DE SOLONÓPOLE-CE.",6970.36,6970.36,6970.36,6970.36,2026-08-26,2026-08-26,2027-08-26,,,2026-09-14T08:08:27,2026-09-14T08:08:34,False,1,0,False,False,2026.08.26.01,,,,,0000420250728000142,07733256000157-2-000635/2026,M2A tecnologia,07733256000157,MUNICIPIO DE SOLONOPOLE,N,M,2,Compras,1,Contrato (termo inicial),Ceará,CE,Solonópole,51,Sec.Mun.de Governo Administ.e Desenv.Econômico,2313005
07733256000157-1-000118/2025,07733256000157-1-000118/2025-000007,BRA,2026,636,2026-09-14T08:19:46,PJ,44205333000122,MAISVIDA DISTRIBUIDORA DE MATERIAL MEDICO HOSPITALAR LTDA,,,,"REGISTRO DE PREÇO PARA FUTURA E EVENTUAL AQUISIÇÃO DE MATERIAL DE CONSUMO (LIMPEZA, HIGIENE, UTENSÍLIOS DOMÉSTICOS E DESCARTÁVEIS) DE INTERESSE DA SECRETARIA DE FINANÇAS E PLANEJAMENTO DO MUNICÍPIO DE SOLONÓPOLE-CE.",4697.89,4697.89,4697.89,4697.89,2026-08-26,2026-08-26,2027-08-26,,,2026-09-14T08:19:38,2026-09-14T08:19:46,False,1,0,False,False,2026.08.26.02,,,,,0000420250728000142,07733256000157-2-000636/2026,M2A tecnologia,07733256000157,MUNICIPIO DE SOLONOPOLE,N,M,2,Compras,1,Contrato (termo inicial),Ceará,CE,Solonópole,202552,SECRETARIA MUNICIPAL DE FINANÇAS E PLANEJAMENTO,2313005
06742480000142-1-000099/2026,,,2026,251,2026-09-14T08:21:40,PF,71995455334,FRANCINILDA FREITAS RODRIGUES,,,,"Locação de um imóvel situado na Rua Samuel Vieira Ibiapino, Apartamento 03, Centro, para funcionar como moradia de uma família que se encontra em situação de vulnerabilidade e risco social, por intermédio da Secretaria Municipal de Assistência Social de Quixelô/CE.",1400.0,1400.0,1400.0,,2026-09-04,2026-09-04,2026-12-31,,,2026-09-14T08:21:39,2026-09-14T08:21:40,False,1,0,False,False,2026.09.02.1.1,,,,,2026.09.02.1,06742480000142-2-000251/2026,BR Conectado,06742480000142,MUNICIPIO DE QUIXELO,N,M,2,Compras,1,Contrato (termo inicial),Ceará,CE,Quixelô,1,PREFEITURA MUNICIPAL DE QUIXELÔ - CE,2311355
07598600000142-1-000167/2026,,,2026,213,2026-09-14T09:11:59,PJ,11049892000131,"DUNORTE DISTRIBUIDORA, SERVICOS E NEGOCIOS EMPRESARIAIS LTDA",,,,"CONTRATAÇÃO DE EMPRESA PARA O FORNECIMENTO DE MATERIAIS DE ACONDICIONAMENTO E EMBALAGEM DESTINADOS AO ARMAZENAMENTO, PROTEÇÃO, ORGANIZAÇÃO E TRANSPORTE DE ALIMENTOS, VISANDO ATENDER ÀS NECESSIDADES DA SECRETARIA DE EDUCAÇÃO DO MUNICÍPIO DE CARIRÉ-CE.",44548.0,44548.0,44548.0,,2026-07-30,2026-07-30,2026-12-31,,,2026-09-14T08:29:38,2026-09-14T09:11:59,False,1,0,False,False,14.PD.SME,,,,,14.PD.SME/2026,07598600000142-2-000213/2026,UMUPP,07598600000142,MUNICIPIO DE CARIRE,N,M,2,Compras,1,Contrato (termo inicial),Ceará,CE,Cariré,202503,FUNDO MUNICIPAL DE EDUCAÇÃO,2303105
07547821000191-1-000021/2026,,BRA,2026,181,2026-09-14T08:36:10,PJ,23494313000149,ANTONIO XIMENES DE SOUSA,,,,"AQUISIÇÃO DE BENEFÍCIOS EVENTUAIS (SERVIÇOS FUNERÁRIOS), PARA ATENDER ÀS NECESSIDADES DA SECRETARIA DE ASSISTÊNCIA SOCIAL DE ACARAÚ",1058310.0,1058310.0,1058310.0,1058310.0,2026-08-26,2026-08-26,2027-08-26,,,2026-09-14T08:36:04,2026-09-14T08:36:10,False,1,0,False,False,202608260001,,,,,0001220260128000140,07547821000191-2-000181/2026,M2A tecnologia,07547821000191,MUNICIPIO DE ACARAU,N,M,2,Compras,1,Contrato (termo inicial),Ceará,CE,Acaraú,202512,SECRETARIA MUNICIPAL DE ASSISTÊNCIA SOCIAL,2300200
07954480000179-1-024708/2024,07954480000179-1-024708/2024-000001,BRA,2026,33653,2026-09-15T01:00:33,PJ,41323123000140,C A ALIMENTOS LTDA,,,,"Contratualização da ATA 2025/29358 por 12 (doze) meses, no valor de R$ 6.500,00, para atender as necessidades do HCASG.",6500.0,541.6666,6500.0,0.0,2026-09-04,2026-09-16,2027-09-16,,,2026-09-15T01:00:31,2026-09-15T01:00:33,False,12,0,False,False,1455476,,,,,24001.074921/202612,07954480000179-2-033653/2026,Secretaria do Planejamento e Gestão do Ceará,07954480000179,ESTADO DO CEARA,N,E,2,Compras,1,Contrato (termo inicial),Ceará,CE,Fortaleza,241291,HOSPITAL DR CARLOS ALBERTO STUDART GOMES - MESSEJANA,2304400
07954480000179-1-024839/2024,07954480000179-1-024839/2024-000001,,2026,33654,2026-09-15T01:00:58,PJ,10394570000167,DNE - COMERCIO DE PRODUTOS LABORATORIAIS LTDA,,,,Contratualização da ATA 24370/2025 por 12 (doze) meses para suprir as necessidades do HCASG.,164784.0,13732.0,164784.0,0.0,2026-09-04,2026-09-16,2027-09-16,,,2026-09-15T01:00:58,2026-09-15T01:00:58,False,12,0,False,False,1455495,,,,,24001.074644/202630,07954480000179-2-033654/2026,Secretaria do Planejamento e Gestão do Ceará,07954480000179,ESTADO DO CEARA,N,E,2,Compras,1,Contrato (termo inicial),Ceará,CE,Fortaleza,241291,HOSPITAL DR CARLOS ALBERTO STUDART GOMES - MESSEJANA,2304400
07954480000179-1-022236/2026,,,2026,33655,2026-09-15T01:01:10,PJ,51759722000165,FF DISTRIBUIDORA DE GAS LTDA,,,,Aquisição de gás liquefeito de petróleo - EEMTI PROFESSOR PEDRO JAIME - MOMBAÇA - CREDE 14 -,3345.93,3345.93,3345.93,0.0,2026-09-03,2026-09-16,2027-09-11,,,2026-09-15T01:01:08,2026-09-15T01:01:10,False,1,0,False,False,1455616,,,,,22001.141627/202690,07954480000179-2-033655/2026,Secretaria do Planejamento e Gestão do Ceará,07954480000179,ESTADO DO CEARA,N,E,2,Compras,1,Contrato (termo inicial),Ceará,CE,Mombaça,228520,EEM PROFESSOR PEDRO JAIME,2308500
07954480000179-1-021079/2026,,,2026,33656,2026-09-15T01:01:34,PJ,66725041000153,66.725.041 MARCELO PEQUENO BARBOSA,,,,MANUTENÇÃO E CONSERVAÇÃO DE BENS IMÓVEIS - ESCOLA INDÍGENA JENIPAPO KANINDÉ - AQUIRAZ - CREDE 1,4800.0,4800.0,4800.0,0.0,2026-09-04,2026-09-16,2027-09-16,,,2026-09-15T01:01:29,2026-09-15T01:01:34,False,1,0,False,False,1455627,,,,,22001.135110/202661,07954480000179-2-033656/2026,Secretaria do Planejamento e Gestão do Ceará,07954480000179,ESTADO DO CEARA,N,E,8,Serviços,1,Contrato (termo inicial),Ceará,CE,Aquiraz,228658,ESCOLA INDÍGENA JENIPAPO KANINDÉ,2301000
07954480000179-1-020841/2026,,,2026,33657,2026-09-15T01:02:27,PJ,42106974000102,"ANFRE ENGENHARIA, LOCACOES E SERVICOS LTDA",,,,PRESTAÇAÕ DE SERVIÇO DE MANUTENÇÃO E COSERVAÇÃO DE ESCOLA. EEMTI MARIA DAS DORES CIDRÃO ALEXANDRINO - TAUA - CREDE 15,32900.0,32900.0,32900.0,0.0,2026-09-04,2026-09-16,2027-09-16,,,2026-09-15T01:02:24,2026-09-15T01:02:27,False,1,0,False,False,1455430,,,,,22001.135136/202618,07954480000179-2-033657/2026,Secretaria do Planejamento e Gestão do Ceará,07954480000179,ESTADO DO CEARA,N,E,8,Serviços,1,Contrato (termo inicial),Ceará,CE,Tauá,228538,EEM MARIA DAS DORES CIDRÃO ALEXANDRINO,2313302
07954480000179-1-015740/2025,07954480000179-1-015740/2025-000001,,2026,33658,2026-09-15T01:02:44,PJ,73694788000157,SALINAS EMPREENDIMENTOS E CONSTRUCOES LTDA ,,,,Contratualização do Saldo Parcial da ARP 2026/00405 Item 01( Código 1157314)- Para atender os serviços de manutenção predial da COADS de Tianguá,615011.63,51250.9691,615011.63,0.0,2026-09-02,2026-09-16,2027-09-16,,,2026-09-15T01:02:44,2026-09-15T01:02:44,False,12,0,False,False,1454922,,,,,24001.050870/202625,07954480000179-2-033658/2026,Secretaria do Planejamento e Gestão do Ceará,07954480000179,ESTADO DO CEARA,N,E,7,Obras,1,Contrato (termo inicial),Ceará,CE,Fortaleza,240001,SECRETARIA DA SAUDE,2304400
07954480000179-1-021701/2026,,,2026,33659,2026-09-15T01:02:58,PJ,41322314000198,F & L COMERCIO & SERVICOS LTDA,,,,Cotação Eletrônica nº 2026/25589 - Contratação de Serviços de Terceiros - Festividades e Homenagens em Alusão ao Circuito Sou + Terceirão em favor do Colégio Estadual Paulo Sarasate,4490.0,4490.0,4490.0,0.0,2026-09-02,2026-09-16,2027-09-16,,,2026-09-15T01:02:54,2026-09-15T01:02:58,False,1,0,False,False,1455620,,,,,22001.120867/202651,07954480000179-2-033659/2026,Secretaria do Planejamento e Gestão do Ceará,07954480000179,ESTADO DO CEARA,N,E,8,Serviços,1,Contrato (termo inicial),Ceará,CE,Pedra Branca,228530,EEEP ANTONIO RODRIGUES DE OLIVEIRA,2310506
07954480000179-1-024839/2024,07954480000179-1-024839/2024-000001,BRA,2026,33660,2026-09-15T01:03:25,PJ,13784373000142,DXLAB COMERCIO DE PRODUTOS LABORATORIAIS LTDA,,,,"Contratualização da ATA 24370/2025, por 12 (doze) meses, no valor de R$ 280.519,88, para atender as necessidades do HCASG.",280519.88,23376.6566,280519.88,0.0,2026-09-04,2026-09-16,2027-09-16,,,2026-09-15T01:03:24,2026-09-15T01:03:25,False,12,0,False,False,1455488,,,,,24001.074832/202668,07954480000179-2-033660/2026,Secretaria do Planejamento e Gestão do Ceará,07954480000179,ESTADO DO CEARA,N,E,2,Compras,1,Contrato (termo inicial),Ceará,CE,Fortaleza,241291,HOSPITAL DR CARLOS ALBERTO STUDART GOMES - MESSEJANA,2304400
07954480000179-1-020968/2026,,,2026,33661,2026-09-15T01:03:29,PJ,45820242000160,J I BRIGIDO PINHEIRO,,,,AQUISIÇÃO - SERVIÇOS GRÁFICOS - EEEP DOM WALFRIDO TEIXEIRA VIEIRA - SOBRAL - CREDE 6 -,2825.0,2825.0,2825.0,0.0,2026-09-03,2026-09-03,2027-09-02,,,2026-09-15T01:03:26,2026-09-15T01:03:29,False,1,0,False,False,1455624,,,,,22001.135735/202623,07954480000179-2-033661/2026,Secretaria do Planejamento e Gestão do Ceará,07954480000179,ESTADO DO CEARA,N,E,8,Serviços,1,Contrato (termo inicial),Ceará,CE,Sobral,228370,EEEP DOM WALFRIDO TEIXEIRA VIEIRA,2312908
07954480000179-1-017376/2026,,,2026,33662,2026-09-15T01:03:47,PJ,02268603000102,R G MOREIRA SOUZA COMERCIAL DE ALIMENTOS LTDA,,,,AQUISIÇÃO - SERVIÇOS DE TERCEIROS - FESTIVIDADES E HOMENAGENS - CENTRO CEARENSE DE IDIOMAS - UNIDADE TIANGUÁ - TIANGUA - CREDE 5,1288.0,1288.0,1288.0,0.0,2026-09-03,2026-09-03,2027-06-29,,,2026-09-15T01:03:46,2026-09-15T01:03:47,False,1,0,False,False,1455329,,,,,22001.099369/202631,07954480000179-2-033662/2026,Secretaria do Planejamento e Gestão do Ceará,07954480000179,ESTADO DO CEARA,N,E,8,Serviços,1,Contrato (termo inicial),Ceará,CE,Tianguá,229255,CENTRO CEARENSE DE IDIOMAS - UNIDADE TIANGUA,2313401
07954480000179-1-021271/2026,,,2026,33663,2026-09-15T01:04:19,PJ,11224603000193,MV COMERCIO VAREJISTA DE GLP LTDA,,,,GÁS ENGARRAFADO - EEMTI POETA OTACÍLIO COLARES -  (SEFOR 2),4997.5,4997.5,4997.5,0.0,2026-09-02,2026-09-16,2027-09-16,,,2026-09-15T01:04:15,2026-09-15T01:04:19,False,1,0,False,False,1455338,,,,,22001.138277/202684,07954480000179-2-033663/2026,Secretaria do Planejamento e Gestão do Ceará,07954480000179,ESTADO DO CEARA,N,E,2,Compras,1,Contrato (termo inicial),Ceará,CE,Fortaleza,228088,EEEP JAIME ALENCAR DE OLIVEIRA,2304400
07954480000179-1-021271/2026,,,2026,33664,2026-09-15T01:04:48,PJ,32762666000173,32.762.666 MARIA THAYNARA ALVES RODRIGUES,,,,COTAÇÃO 18/2026 - AQUISIÇÃO DE SERVIÇOS DE FESTIVIDADES E HOMENAGENS EM FAVOR DA ESCOLA - EEEP JAIME ALENCAR DE OLIVEIRA - (SEFOR 2),17229.99,17229.99,17229.99,0.0,2026-09-02,2026-09-16,2027-09-16,,,2026-09-15T01:04:45,2026-09-15T01:04:48,False,1,0,False,False,1455324,,,,,22001.083147/202605,07954480000179-2-033664/2026,Secretaria do Planejamento e Gestão do Ceará,07954480000179,ESTADO DO CEARA,N,E,8,Serviços,1,Contrato (termo inicial),Ceará,CE,Fortaleza,228088,EEEP JAIME ALENCAR DE OLIVEIRA,2304400
07954480000179-1-021526/2026,,,2026,33665,2026-09-15T01:04:52,PJ,48929267000194,CEARA GOURMET SERVICOS DE ALIMENTACAO LTDA,,,,AQUISIÇÃO DE GÊNEROS ALIMENTÍCIOS. EEMTI DONA HILZA DIOGO DE OLIVEIRA -  (SEFOR 1),31735.0,31735.0,31735.0,0.0,2026-09-03,2026-09-16,2027-09-11,,,2026-09-15T01:04:50,2026-09-15T01:04:52,False,1,0,False,False,1455626,,,,,22001.136217/202627,07954480000179-2-033665/2026,Secretaria do Planejamento e Gestão do Ceará,07954480000179,ESTADO DO CEARA,N,E,2,Compras,1,Contrato (termo inicial),Ceará,CE,Fortaleza,228013,EEFM DONA HILZA DIOGO DE OLIVEIRA,2304400
07954480000179-1-021592/2026,,,2026,33666,2026-09-15T01:05:29,PJ,00289070000101,DIMAIA´S COMERCIAL LTDA - ME,,,,MERENDA ESCOLAR - EEMTI PADRE GUILHERME WAESSEN - (SEFOR 2),7281.6,7281.6,7281.6,0.0,2026-08-28,2026-09-16,2027-09-16,,,2026-09-15T01:05:27,2026-09-15T01:05:29,False,1,0,False,False,1454441,,,,,22001.138362/202642,07954480000179-2-033666/2026,Secretaria do Planejamento e Gestão do Ceará,07954480000179,ESTADO DO CEARA,N,E,2,Compras,1,Contrato (termo inicial),Ceará,CE,Fortaleza,228085,EEFM PADRE GUILHERME WAESSEN,2304400
07954480000179-1-018641/2026,,,2026,33667,2026-09-15T01:05:36,PJ,11304590000162,ITALO ARAUJO MONTEIRO ,,,,AQUISIÇÃO - SERVIÇOS DE TERCEIROS - FESTIVIDADES E HOMENAGENS - ESCOLA INDÍGENA DA PONTE - CAUCAIA - CREDE 1 -,3900.0,3900.0,3900.0,0.0,2026-09-02,2026-09-16,2027-09-16,,,2026-09-15T01:05:32,2026-09-15T01:05:36,False,1,0,False,False,1455568,,,,,22001.114144/202612,07954480000179-2-033667/2026,Secretaria do Planejamento e Gestão do Ceará,07954480000179,ESTADO DO CEARA,N,E,8,Serviços,1,Contrato (termo inicial),Ceará,CE,Caucaia,228724,ESCOLA INDÍGENA DA PONTE,2303709
07442981000176-1-000080/2026,,,2026,214,2026-09-15T07:17:51,PJ,47853014000111,J T SERVICOS E LOCACOES LTDA,,,,"PRESTAÇÃO DE SERVIÇO DE LOCAÇÃO DE IMPRESSORAS MULTIFUNCIONAIS DE USO PROFISSIONAL DE GRANDE, MÉDIO E PEQUENO PORTE, VISANDO SUPRIR AS NECESSIDADES DAS ESCOLAS PÚBLICAS (ENSINO FUNDAMENTAL, PRE-ESCOLA E CRECHE) DENTRO DA SECRETARIA DE EDUCAÇÃO, NO MUNICÍPIO DE JAGUARIBARA/CE.",123678.0,123678.0,123678.0,123678.0,2026-09-11,2026-09-11,2027-09-11,,,2026-09-15T07:17:48,2026-09-15T07:17:51,False,1,0,False,False,20260319,,,,,08060001/26,07442981000176-2-000214/2026,M2A tecnologia,07442981000176,MUNICIPIO DE JAGUARIBARA,N,M,8,Serviços,1,Contrato (termo inicial),Ceará,CE,Jaguaribara,202509,FUNDO MANUT DESENV EDUCACAO BASICA E VAL PROFISSIO,2306801
35050756000120-1-000066/2026,,,2026,453,2026-09-15T08:03:44,PJ,33118264000101,LPX CONSTRUTORA LTDA,,,,"Contratacao de empresa especializada para a execucao dos servicos de pavimentacao asfaltica na Rua Manoel de Doninha no Municipio de Fortim, atraves da Secretaria de Desenvolvimento Urbano.",3154437.32,0.0,3154437.32,0.0,2026-08-05,2026-08-05,2027-03-05,111.11-011,https://cipi.economia.gov.br/111.11-011,2026-09-15T08:03:42,2026-09-15T08:03:44,False,1,0,False,False,20260587,,,,,2506.01-26-SMDU,35050756000120-2-000453/2026,ASP - Automação Serviços e Produtos de Informática - LTDA,35050756000120,MUNICIPIO DE FORTIM,N,M,7,Obras,1,Contrato (termo inicial),Ceará,CE,Fortim,91177,Secretaria Municipal de Desenvolvimento Urbano,2304459
07954480000179-1-023000/2025,07954480000179-1-023000/2025-000001,,2026,33669,2026-09-16T00:24:27,PJ,57088206000132,D. V. PINHEIRO LTDA,,,,"AÇÚCAR, TIPO CRISTAL, ASPECTO SÓLIDO COM CRISTAIS BEM DEFINIDOS, COMPOSTO POR SACAROSE DE CANA-DE-AÇÚCAR, COR BRANCA, DADOS DE IDENTIFICAÇÃO DO PRODUTO, MARCA DO FABRICANTE, DATA DE FABRICAÇÃO, PRAZO DE VALIDADE, RESOLUÇÃO 12/78 ¿ COMISSÃO NACIONAL DE NORMAS E PADRÕES PARA ALIMENTOS ¿ CNNPA. PACOTE 1,0 QUILOGRAMA. MARCA: PAYOL.",812.5,812.5,812.5,0.0,2026-09-11,2026-09-11,2026-12-31,,,2026-09-16T00:24:07,2026-09-16T00:24:27,False,1,0,False,False,1454570,,,,False,59000.001269/202601,07954480000179-2-033669/2026,Secretaria do Planejamento e Gestão do Ceará,07954480000179,ESTADO DO CEARA,N,E,2,Compras,7,Empenho,Ceará,CE,Fortaleza,590001,SECRETARIA DO TRABALHO,2304400
07954480000179-1-021519/2026,,,2026,33670,2026-09-16T00:32:44,PJ,12321127000191,EDUQUE & BRINQUE EIRELI,,,,MATERIAL DE EXPEDINETE - EEMTI CORONEL HUMBERTO BEZERRA - QUIXERAMOBIM - CREDE 12,687.31,687.31,687.31,0.0,2026-09-09,2026-09-09,2026-12-31,,,2026-09-16T00:32:19,2026-09-16T00:32:44,False,1,0,False,False,1455278,,,,False,22001.136382/202689,07954480000179-2-033670/2026,Secretaria do Planejamento e Gestão do Ceará,07954480000179,ESTADO DO CEARA,N,E,2,Compras,7,Empenho,Ceará,CE,Quixeramobim,228474,EEFM CORONEL HUMBERTO BEZERRA,2311405
07954480000179-1-018932/2025,07954480000179-1-018932/2025-000001,,2026,33671,2026-09-16T00:34:43,PJ,26230868000171,BRILHARES PRODUTOS DE LIMPEZA LTDA ,,,,"AQUISIÇÃO DE MATERIAL DE LIMPEZA PARA ESTE CEO-CENTRO, CONFORME ORDEM DE COMPRAS Nº 71310/2026 E ATA Nº 2026/27516",181.8,181.8,181.8,0.0,2026-09-03,2026-09-03,2026-12-31,,,2026-09-16T00:34:29,2026-09-16T00:34:43,False,1,0,False,False,1455109,,,,False,24001.073229/202669,07954480000179-2-033671/2026,Secretaria do Planejamento e Gestão do Ceará,07954480000179,ESTADO DO CEARA,N,E,2,Compras,7,Empenho,Ceará,CE,Fortaleza,241501,CENTRO ODONTOLOGICO - TIPO I,2304400
07954480000179-1-003491/2023,07954480000179-1-003491/2023-000001,,2026,33672,2026-09-16T00:37:33,PJ,00466084000153,SUPRIMAX COMERCIAL LTDA,,,,"AQUISIÇÃO DE CONSUMO/MATERIAL DE EXPEDIENTE PARA ESTE CEO CENTRO, ATRAVÉS DA ATA DE REGISTRO DE PREÇO Nº 2025/31591 E ORDEM DE COMPRA Nº 68956/2026.",273.0,273.0,273.0,0.0,2026-08-28,2026-08-28,2026-12-31,,,2026-09-16T00:37:32,2026-09-16T00:37:33,False,1,0,False,False,1453878,,,,False,24001.072980/202648,07954480000179-2-033672/2026,Secretaria do Planejamento e Gestão do Ceará,07954480000179,ESTADO DO CEARA,N,E,2,Compras,7,Empenho,Ceará,CE,Fortaleza,241501,CENTRO ODONTOLOGICO - TIPO I,2304400
07954480000179-1-017587/2026,,,2026,33673,2026-09-16T00:48:12,PJ,12321127000191,EDUQUE & BRINQUE EIRELI,,,,MATERIAL EDUCATIVO E ESPORTIVO - EEMTI DE CASCAVEL - CASCAVEL - CREDE 9,698.9,698.9,698.9,0.0,2026-09-09,2026-09-09,2026-12-31,,,2026-09-16T00:47:32,2026-09-16T00:48:12,False,1,0,False,False,1452623,,,,False,22001.111406/202697,07954480000179-2-033673/2026,Secretaria do Planejamento e Gestão do Ceará,07954480000179,ESTADO DO CEARA,N,E,2,Compras,7,Empenho,Ceará,CE,Cascavel,229244,ESCOLA DE ENSINO MEDIO EM TEMPO INTEGRAL,2303501
07954480000179-1-016825/2026,,,2026,33674,2026-09-16T01:02:56,PJ,23434790000119,NERI DISTRIBUIDORA LTDA ,,,,Gênero Alimentício - EEFM DONA JÚLIA ALVES PESSOA -  (SEFOR 3),13988.0,13988.0,13988.0,0.0,2026-09-04,2026-09-17,2027-09-17,,,2026-09-16T01:02:26,2026-09-16T01:02:56,False,1,0,False,False,1455724,,,,,22001.110529/202619,07954480000179-2-033674/2026,Secretaria do Planejamento e Gestão do Ceará,07954480000179,ESTADO DO CEARA,N,E,2,Compras,1,Contrato (termo inicial),Ceará,CE,Fortaleza,228154,EEFM DONA JÚLIA ALVES PESSOA,2304400
07954480000179-1-022001/2026,,,2026,33675,2026-09-16T01:03:33,PJ,60992744000161,LUIZA DANNY UCHOA LTDA,,,,Aquisição de RACK DE PAREDE 12U,700.0,700.0,700.0,0.0,2026-09-11,2026-09-17,2027-09-17,,,2026-09-16T01:02:57,2026-09-16T01:03:33,False,1,0,False,False,1456502,,,,,10011.005853/202618,07954480000179-2-033675/2026,Secretaria do Planejamento e Gestão do Ceará,07954480000179,ESTADO DO CEARA,N,E,2,Compras,1,Contrato (termo inicial),Ceará,CE,Fortaleza,100614,FSPDS - PERICIA FORENSE,2304400
07954480000179-1-021291/2026,,,2026,33676,2026-09-16T01:04:24,PJ,48293154000145,48.293.154 FRANCISCO DANIEL DE ARAUJO,,,,"Aquisição - Serviços de Terceiros - Outros Serviços de Terceiros -   Manutenção de Câmeras de Monitoramento, em favor da EEMTI Ana Noronha. PARAMBU - CREDE 15",1340.0,1340.0,1340.0,0.0,2026-09-08,2026-09-17,2027-09-17,,,2026-09-16T01:03:50,2026-09-16T01:04:24,False,1,0,False,False,1455170,,,,,22001.121406/202603,07954480000179-2-033676/2026,Secretaria do Planejamento e Gestão do Ceará,07954480000179,ESTADO DO CEARA,N,E,8,Serviços,1,Contrato (termo inicial),Ceará,CE,Parambu,228540,EEM ANA NORONHA,2310308
07954480000179-1-019520/2026,,,2026,33677,2026-09-16T01:05:18,PJ,46333345000168,OURO VERDE COMERCIO E SERVICOS LTDA,,,,AQUISIÇÃO DE MATERIAL DE CONSUMO(GÊNEROS DE ALIMENTAÇÃO) PARA ATENDER AS NECESSIDADES DA FUNECE,35841.0,2986.75,35841.0,0.0,2026-09-11,2026-09-11,2027-09-11,,,2026-09-16T01:04:41,2026-09-16T01:05:18,False,12,0,False,False,1456750,,,,,31032.009422/202644,07954480000179-2-033677/2026,Secretaria do Planejamento e Gestão do Ceará,07954480000179,ESTADO DO CEARA,N,E,2,Compras,1,Contrato (termo inicial),Ceará,CE,Fortaleza,310101,FUNDACAO UNIVERSIDADE ESTADUAL DO CEARA,2304400
07954480000179-1-022221/2026,,,2026,33678,2026-09-16T01:08:03,PJ,17704086000136,MULTSETE SOLUCOES AMBIENTAIS LTDA,,,,REPASSE PARA MANUTENÇÃO DE ESCOLAS - EEEP EDSON QUEIROZ - CASCAVEL - CREDE 9,14065.0,14065.0,14065.0,0.0,2026-09-04,2026-09-17,2027-09-17,,,2026-09-16T01:07:22,2026-09-16T01:08:03,False,1,0,False,False,1455698,,,,,22001.140215/202632,07954480000179-2-033678/2026,Secretaria do Planejamento e Gestão do Ceará,07954480000179,ESTADO DO CEARA,N,E,8,Serviços,1,Contrato (termo inicial),Ceará,CE,Cascavel,228429,EEEP EDSON QUEIROZ,2303501
07954480000179-1-021675/2026,,,2026,33679,2026-09-16T01:09:19,PJ,35438916000102,HALTECH COMERCIO DE GLP LTDA,,,,AQUISIÇÃO DE MATERIAL DE CONSUMO - GAS ENGARRAFADO DO TIPO BOTIJÃO DE 13KG EM FAVOR DA EEMTI VEREADORA EDIMAR MARTINS DA CUNHA PARA O SEMESTRE 2026.2 - ITAPIUNA - CREDE 8 -,6552.0,6552.0,6552.0,0.0,2026-09-02,2026-09-17,2027-09-17,,,2026-09-16T01:08:44,2026-09-16T01:09:19,False,1,0,False,False,1455612,,,,,22001.137620/202673,07954480000179-2-033679/2026,Secretaria do Planejamento e Gestão do Ceará,07954480000179,ESTADO DO CEARA,N,E,2,Compras,1,Contrato (termo inicial),Ceará,CE,Itapiúna,228415,EEM VEREADORA EDIMAR MARTINS DA CUNHA,2306504
07954480000179-1-021551/2026,,,2026,33680,2026-09-16T01:09:41,PJ,49668232000101,LUSA LOG & DISTRIBUICAO LTDA,,,,AQUISIÇÃO DE GÊNEROS DE ALIMENTAÇÃO - ÁGUA MINERAL EM GARRAFÃO DE 20 LITROS - EEMTI GOVERNADOR LUIZ GONZAGA DA FONSECA MOTA - QUIXADA - CREDE 12,12823.54,12823.54,12823.54,0.0,2026-09-03,2026-09-17,2027-09-17,,,2026-09-16T01:09:20,2026-09-16T01:09:41,False,1,0,False,False,1455497,,,,,22001.138102/202677,07954480000179-2-033680/2026,Secretaria do Planejamento e Gestão do Ceará,07954480000179,ESTADO DO CEARA,N,E,2,Compras,1,Contrato (termo inicial),Ceará,CE,Quixadá,228478,EEM GOVERNADOR LUIZ GONZAGA DA FONSECA MOTA,2311306
07954480000179-1-011733/2026,,,2026,33681,2026-09-16T01:10:42,PJ,34027041000193,SALUTEM SERVIÇOS DE DEDETIZAÇÃO E SOLUÇOES AMBIENTAIS LTDA,,,,Limpeza e conservação - Dedetização e limpeza reservatórios de água - EEMTI PRESIDENTE HUMBERTO DE ALENCAR CASTELO BRANCO -  (SEFOR 3),3550.0,3550.0,3550.0,0.0,2026-09-03,2026-09-17,2027-09-17,,,2026-09-16T01:09:59,2026-09-16T01:10:42,False,1,0,False,False,1455290,,,,,22001.046042/202667,07954480000179-2-033681/2026,Secretaria do Planejamento e Gestão do Ceará,07954480000179,ESTADO DO CEARA,N,E,8,Serviços,1,Contrato (termo inicial),Ceará,CE,Fortaleza,228119,COLÉGIO ESTADUAL PRESIDENTE HUMBERTO DE ALENCAR CASTELO BRANCO,2304400
07954480000179-1-016529/2026,,,2026,33682,2026-09-16T01:11:24,PJ,41322314000198,F & L COMERCIO & SERVICOS LTDA,,,,FESTIVIDADES E HOMENAGENS; EEM ABRAÃO BAQUIT - COORDENADORIA REGIONAL DE DESENVOLVIMENTO DA EDUCAÇÃO (CREDE 12 - QUIXADÁ),6100.0,6100.0,6100.0,0.0,2026-09-03,2026-09-17,2027-09-17,,,2026-09-16T01:11:02,2026-09-16T01:11:24,False,1,0,False,False,1455505,,,,,22001.109194/202688,07954480000179-2-033682/2026,Secretaria do Planejamento e Gestão do Ceará,07954480000179,ESTADO DO CEARA,N,E,8,Serviços,1,Contrato (termo inicial),Ceará,CE,Quixadá,228475,EEM ABRAÃO BAQUIT,2311306
07954480000179-1-003363/2023,07954480000179-1-003363/2023-000001,,2026,33683,2026-09-16T01:11:59,PJ,10922543000110,KG CONSTRUÇÕES LTDA - EPP,,,,SERVIÇOS DE MANUTENÇÃO CORRETIVA E PREVENTIVA EM PREDIOS PUBLICOS - UNIDADE PRISIONAL PROFESSOR JOSÉ SOBREIRA DE AMORIM.,1884229.76,471057.44,1884229.76,0.0,2026-09-09,2026-09-09,2028-03-09,,,2026-09-16T01:11:58,2026-09-16T01:11:59,False,4,0,False,False,1455826,,,,,43022.009664/202636,07954480000179-2-033683/2026,Secretaria do Planejamento e Gestão do Ceará,07954480000179,ESTADO DO CEARA,N,E,7,Obras,1,Contrato (termo inicial),Ceará,CE,Fortaleza,081401,SUPERINTENDÊNCIA DE OBRAS PÚBLICAS ,2304400
07954480000179-1-023138/2025,,,2026,33684,2026-09-16T01:12:25,PJ,59377751000174,DRONE AIR COMERCIO E SERVICOS TECNOLOGICOS LTDA,,,,"Aquisição de Material Permanente: PROJETOR MULTIMÍDIA, para os Colégios da PMCE - DRONE AIR COM E SERV TECNOLÓGICOS LTDA",47120.0,3926.6666,47120.0,0.0,2026-09-10,2026-09-17,2027-09-17,,,2026-09-16T01:12:24,2026-09-16T01:12:25,False,12,0,False,False,1456474,,,,,10061.041779/202519,07954480000179-2-033684/2026,Secretaria do Planejamento e Gestão do Ceará,07954480000179,ESTADO DO CEARA,N,E,2,Compras,1,Contrato (termo inicial),Ceará,CE,Fortaleza,100610,FSPDS COLEGIO POLICIA MILITAR,2304400
07954480000179-1-002755/2026,,,2026,33685,2026-09-16T01:13:40,PJ,59905895000156,NS COMERCIO E SERVICOS LTDA,,,,AQUISIÇÃO - SERVIÇOS DE TERCEIROS - MANUTENÇÃO DE MÁQUINAS E EQUIPAMENTOS - AR CONDICIONADO; EEMTI MARIA DO CARMO BEZERRA - COORDENADORIA REGIONAL DE DESENVOLVIMENTO DA EDUCAÇÃO (CREDE 8 - BATURITÉ),12150.0,12150.0,12150.0,0.0,2026-09-01,2026-09-17,2027-09-17,,,2026-09-16T01:12:49,2026-09-16T01:13:40,False,1,0,False,False,1455523,,,,,22001.036931/202616,07954480000179-2-033685/2026,Secretaria do Planejamento e Gestão do Ceará,07954480000179,ESTADO DO CEARA,N,E,8,Serviços,1,Contrato (termo inicial),Ceará,CE,Acarape,228402,EEM MARIA DO CARMO BEZERRA,2300150
07954480000179-1-019364/2026,,BRA,2026,33686,2026-09-16T01:14:35,PJ,45898856000164,AMBIENTAL CRATO CONCESSIONARIA DE SANEAMENTO SPE S.A,,,,Contratação da AMBIENTAL CRATO CONCESSIONÁRIA DE SANEAMENTO SPE S.A para prestação contínua dos serviços públicos de fornecimento de água tratada e coleta de esgoto sanitário destinados ao atendimento das necessidades da 3ªCia/2ºBPM e do 2ºPel/1ªCia/5ºBPRAIO no município do Crato/CE.,35505.0,35505.0,35505.0,0.0,2026-09-08,2026-09-16,2031-09-16,,,2026-09-16T01:13:59,2026-09-16T01:14:35,False,1,0,False,False,1453281,,,,,10061.019489/202670,07954480000179-2-033686/2026,Secretaria do Planejamento e Gestão do Ceará,07954480000179,ESTADO DO CEARA,N,E,8,Serviços,1,Contrato (termo inicial),Ceará,CE,Fortaleza,101031,POLICIA MILITAR DO CEARA,2304400
07954480000179-1-021543/2026,,,2026,33687,2026-09-16T01:15:15,PJ,24317997000176,24.317.997 NAIME CAVALCANTE AUR,,,,AQUISIÇÃO SERVIÇOS DE TERCEIROS -FESTIVIDADES E HOMENAGENS II EM FAVOR DA  EEMTI JERÔNIMO ALVES. INDEPENDENCIA - CREDE 13,6833.87,6833.87,6833.87,0.0,2026-09-02,2026-09-17,2027-03-16,,,2026-09-16T01:14:52,2026-09-16T01:15:15,False,1,0,False,False,1454959,,,,,22001.138302/202620,07954480000179-2-033687/2026,Secretaria do Planejamento e Gestão do Ceará,07954480000179,ESTADO DO CEARA,N,E,8,Serviços,1,Contrato (termo inicial),Ceará,CE,Fortaleza,228498,EEM JERÔNIMO ALVES DE ARAÚJO,2304400
07954480000179-1-021693/2026,,,2026,33688,2026-09-16T01:16:34,PJ,63697458000161,LHM LICITACOES & NEGOCIOS LTDA,,,,SERVIÇOS GRÁFICOS - EEM ANANIAS DO AMARAL VIEIRA - MOMBAÇA - CREDE 14,525.0,525.0,525.0,0.0,2026-09-02,2026-09-02,2027-09-01,,,2026-09-16T01:16:17,2026-09-16T01:16:34,False,1,0,False,False,1454662,,,,,22001.139536/202694,07954480000179-2-033688/2026,Secretaria do Planejamento e Gestão do Ceará,07954480000179,ESTADO DO CEARA,N,E,8,Serviços,1,Contrato (termo inicial),Ceará,CE,Mombaça,228522,EEM PROFESSOR ANANIAS DO AMARAL VIEIRA,2308500
07954480000179-1-018103/2026,,,2026,33689,2026-09-16T01:17:25,PJ,52943684000169,52.943.684 JUVIANO COELHO DOS SANTOS,,,,AQUISIÇÃO DE MATERIAL PARA MANUTENÇÃO DE BENS IMÓVEIS EM PROL DA EEMTI MATILDE RODRIGUES VASCONCELOS - URUBURETAMA - CREDE 2,1860.0,1860.0,1860.0,0.0,2026-08-28,2026-09-17,2027-09-17,,,2026-09-16T01:16:49,2026-09-16T01:17:25,False,1,0,False,False,1455367,,,,,22001.115774/202612,07954480000179-2-033689/2026,Secretaria do Planejamento e Gestão do Ceará,07954480000179,ESTADO DO CEARA,N,E,2,Compras,1,Contrato (termo inicial),Ceará,CE,Uruburetama,228252,EEM MATILDE RODRIGUES VASCONCELOS,2313807
07954480000179-1-014542/2026,,,2026,33690,2026-09-16T01:18:08,PJ,11372526000119,FC ALVES DA SILVA EMBALAGENS - ME,,,,AQUISIÇÃO - SERVIÇOS DE TERCEIROS - MANUTENÇÃO E CONSERVAÇÃO DE BENS IMÓVEIS - EEMTI ESTRELA TORQUATO - CAUCAIA - CREDE 1,11720.0,11720.0,11720.0,0.0,2026-09-02,2026-09-17,2027-09-17,,,2026-09-16T01:17:45,2026-09-16T01:18:08,False,1,0,False,False,1455377,,,,,22001.076916/202619,07954480000179-2-033690/2026,Secretaria do Planejamento e Gestão do Ceará,07954480000179,ESTADO DO CEARA,N,E,8,Serviços,1,Contrato (termo inicial),Ceará,CE,Caucaia,228212,CAIC PROFESSORA FRANCISCA ESTRELA TORQUATO FIRMEZA,2303709
07954480000179-1-021393/2026,,,2026,33691,2026-09-16T01:19:10,PJ,11224603000193,MV COMERCIO VAREJISTA DE GLP LTDA,,,,GÁS ENGARRAFADO - EEFM FIGUEIREDO CORREIA -  (SEFOR 3),2000.0,2000.0,2000.0,0.0,2026-09-04,2026-09-16,2027-09-16,,,2026-09-16T01:18:27,2026-09-16T01:19:10,False,1,0,False,False,1455386,,,,,22001.136683/202611,07954480000179-2-033691/2026,Secretaria do Planejamento e Gestão do Ceará,07954480000179,ESTADO DO CEARA,N,E,2,Compras,1,Contrato (termo inicial),Ceará,CE,Fortaleza,228116,EEFM FIGUEIREDO CORREIA,2304400
07954480000179-1-021613/2026,,,2026,33692,2026-09-16T01:19:52,PJ,54547417000106,54.547.417 KARINE MARIA DE OLIVEIRA LIMA,,,,Aquisição de Gêneros alimenticios - LICEU DE CAUCAIA - CAUCAIA - CREDE 1,704.53,704.53,704.53,0.0,2026-09-01,2026-09-17,2027-09-17,,,2026-09-16T01:19:28,2026-09-16T01:19:52,False,1,0,False,False,1455946,,,,,22001.138078/202676,07954480000179-2-033692/2026,Secretaria do Planejamento e Gestão do Ceará,07954480000179,ESTADO DO CEARA,N,E,2,Compras,1,Contrato (termo inicial),Ceará,CE,Caucaia,228228,LICEU DE CAUCAIA,2303709
07954480000179-1-021862/2026,,,2026,33693,2026-09-16T01:20:55,PJ,40841585000197,MIDAS DISTRIBUIDORA DE GAS LTDA,,,,AQUISIÇÃO - MATERIAL DE CONSUMO - GÁS ENGARRAFADO - CEJA GUILHERME GOUVEIA - GRANJA - CREDE 4 -,2340.0,2340.0,2340.0,0.0,2026-09-04,2026-09-17,2027-09-12,,,2026-09-16T01:20:14,2026-09-16T01:20:55,False,1,0,False,False,1456041,,,,,22001.137763/202685,07954480000179-2-033693/2026,Secretaria do Planejamento e Gestão do Ceará,07954480000179,ESTADO DO CEARA,N,E,2,Compras,1,Contrato (termo inicial),Ceará,CE,Granja,228298,CEJA GUILHERME GOUVEIA,2304707
07954480000179-1-023138/2025,,,2026,33694,2026-09-16T01:21:20,PJ,55469601000130,BW OFFICE,,,,"Aquisição de Material Permanente:  FURADEIRAS, para os Colégios da Polícia Militar do Ceará - BW OFFICE DIST E IMPORTAÇÃO LTDA",1158.52,96.5433,1158.52,0.0,2026-09-10,2026-09-17,2027-09-17,,,2026-09-16T01:21:18,2026-09-16T01:21:20,False,12,0,False,False,1456309,,,,,10061.041779/202519,07954480000179-2-033694/2026,Secretaria do Planejamento e Gestão do Ceará,07954480000179,ESTADO DO CEARA,N,E,2,Compras,1,Contrato (termo inicial),Ceará,CE,Fortaleza,100610,FSPDS COLEGIO POLICIA MILITAR,2304400
07954480000179-1-009585/2024,07954480000179-1-009585/2024-000001,,2026,33695,2026-09-16T01:22:04,PJ,41600131000197,OMEGA DISTRIBUIDORA DE PRODUTOS ALIMENTICIOS LTDA,,,,ADESÃO A ARP 2024/00732 PARA AQUISIÇÃO DE GÊNEROS DE ALIMENTAÇÃO ( CAFÉ) PARA ATENDER AS NECESSIDADES ADMINISTRATIVAS E PEDAGÓGICAS DA EEMTI BENI CARVALHO NO ARACATI. ARACATI - CREDE 10,6375.6,6375.6,6375.6,0.0,2026-09-04,2026-09-17,2027-09-17,,,2026-09-16T01:22:03,2026-09-16T01:22:04,False,1,0,False,False,1456114,,,,,22001.142701/202695,07954480000179-2-033695/2026,Secretaria do Planejamento e Gestão do Ceará,07954480000179,ESTADO DO CEARA,N,E,2,Compras,1,Contrato (termo inicial),Ceará,CE,Aracati,228431,EEM BENI CARVALHO,2301109
07954480000179-1-026153/2025,07954480000179-1-026153/2025-000001,,2026,33696,2026-09-16T01:22:25,PJ,29253577000197,ROGER ANDRÉ BRAUN ME,,,,"O objeto do presente instrumento é a prestação de serviços gráficos, compreendendo a confecção de material gráfico e material de divulgação para atendimento das necessidades institucionais da Escola de Gestão Pública do Estado do Ceará (EGPCE), conforme especificações, quantitativos e preços registrados na Ata de Registro de Preços n° 2026/17245, nas condições estabelecidas neste contrato, no Termo de Referência do edital e na proposta do CONTRATADO.",3357.5,3357.5,3357.5,0.0,2026-09-09,2026-09-09,2027-09-09,,,2026-09-16T01:22:24,2026-09-16T01:22:25,False,1,0,False,False,1456443,,,,,46011.000777/202693,07954480000179-2-033696/2026,Secretaria do Planejamento e Gestão do Ceará,07954480000179,ESTADO DO CEARA,N,E,8,Serviços,1,Contrato (termo inicial),Ceará,CE,Fortaleza,461031,ESCOLA DE GESTAO PUBLICA DO ESTADO DO CEARA,2304400
07954480000179-1-016029/2026,,,2026,33697,2026-09-16T01:23:59,PJ,60992744000161,LUIZA DANNY UCHOA LTDA,,,,"Aquisição de equipamentos de áudio e vídeo para o Laboratório de Regência
da EEEP Dona Creusa do Carmo Rocha, no município de Fortaleza. CT 575/2026.",9400.0,9400.0,9400.0,0.0,2026-08-05,2026-09-17,2027-09-17,,,2026-09-16T01:23:20,2026-09-16T01:23:59,False,1,0,False,False,1450737,,,,,22001.084245/202651,07954480000179-2-033697/2026,Secretaria do Planejamento e Gestão do Ceará,07954480000179,ESTADO DO CEARA,N,E,2,Compras,1,Contrato (termo inicial),Ceará,CE,Fortaleza,220001,SECRETARIA DA EDUCACAO,2304400
07954480000179-1-013874/2026,,,2026,33698,2026-09-16T01:24:18,PJ,58413180000113,CONSTRUTORA DO NORTE LTDA,,,,REFORMA DA QUADRA NA EEMTI MARIA CONCEIÇÃO DE ARAÚJO - CREDE 3,92000.0,92000.0,92000.0,0.0,2026-09-01,2026-09-17,2027-09-17,,,2026-09-16T01:24:01,2026-09-16T01:24:18,False,1,0,False,False,1455517,,,,,22001.058658/202681,07954480000179-2-033698/2026,Secretaria do Planejamento e Gestão do Ceará,07954480000179,ESTADO DO CEARA,N,E,8,Serviços,1,Contrato (termo inicial),Ceará,CE,Acaraú,228278,EEFM MARIA CONCEIÇÃO DE ARAÚJO,2300200
07954480000179-1-003242/2026,,,2026,33699,2026-09-16T01:25:11,PJ,64438228000140,ADD SERVICOS E CONSTRUCOES LTDA,,,,CONSTRUÇÃO DE CISTERNA COM RAMAIS HIDRÁULICOS NA EEEP EDSON QUEIROZ - CREDE 9,63932.39,63932.39,63932.39,0.0,2026-09-02,2026-09-02,2027-09-01,,,2026-09-16T01:24:34,2026-09-16T01:25:11,False,1,0,False,False,1455580,,,,,22001.137886/202535,07954480000179-2-033699/2026,Secretaria do Planejamento e Gestão do Ceará,07954480000179,ESTADO DO CEARA,N,E,7,Obras,1,Contrato (termo inicial),Ceará,CE,Cascavel,228429,EEEP EDSON QUEIROZ,2303501
07954480000179-1-022107/2026,,,2026,33700,2026-09-16T01:25:52,PJ,59308009000107,ACM COMERCIAL E SERVICOS LTDA,,,,GÊNEROS DE ALIMENTAÇÃO - SALDO 02 - COLÉGIO DA POLÍCIA MILITAR DO CEARÁ GENERAL EDGARD FACÓ - (SEFOR 1),8907.2,8907.2,8907.2,0.0,2026-09-04,2026-09-17,2027-09-17,,,2026-09-16T01:25:30,2026-09-16T01:25:52,False,1,0,False,False,1455605,,,,,22001.139533/202651,07954480000179-2-033700/2026,Secretaria do Planejamento e Gestão do Ceará,07954480000179,ESTADO DO CEARA,N,E,2,Compras,1,Contrato (termo inicial),Ceará,CE,Fortaleza,228034,COLÉGIO DA POLÍCIA MILITAR DO CEARÁ,2304400
07954480000179-1-021727/2026,,,2026,33701,2026-09-16T01:26:11,PJ,49179057000199,AVANTI COMERCIAL E SERVICOS LTDA,,,,FESTIVIDADES E HOMENAGENS - EEM JÚLIA ALENQUER FONTENELE - PINDORETAMA - CREDE 9 -,2850.0,2850.0,2850.0,0.0,2026-09-09,2026-09-17,2027-09-17,,,2026-09-16T01:25:52,2026-09-16T01:26:11,False,1,0,False,False,1456098,,,,,22001.143068/202652,07954480000179-2-033701/2026,Secretaria do Planejamento e Gestão do Ceará,07954480000179,ESTADO DO CEARA,N,E,8,Serviços,1,Contrato (termo inicial),Ceará,CE,Pindoretama,228421,EEM JÚLIA ALENQUER FONTENELE,2310852
07954480000179-1-011144/2026,,,2026,33702,2026-09-16T01:27:00,PJ,19599914000149,FRANCISCO DANILO TIMBO FERREIRA,,,,AQUISIÇÃO - SERVIÇOS DE TERCEIROS - MANUTENÇÃO E CONSERVAÇÃO DE MÁQUINAS E EQUIPAMENTOS - EEMTI DE IGUATU - IGUATU - CREDE 16,5640.0,5640.0,5640.0,0.0,2026-09-04,2026-09-17,2027-09-17,,,2026-09-16T01:26:27,2026-09-16T01:27:00,False,1,0,False,False,1456017,,,,,22001.086027/202651,07954480000179-2-033702/2026,Secretaria do Planejamento e Gestão do Ceará,07954480000179,ESTADO DO CEARA,N,E,8,Serviços,1,Contrato (termo inicial),Ceará,CE,Iguatu,229312,ESCOLA DE ENSINO MEDIO DE IGUATU,2305506
07954480000179-1-021727/2026,,,2026,33703,2026-09-16T01:27:35,PJ,41322314000198,F & L COMERCIO & SERVICOS LTDA,,,,FESTIVIDADES E HOMENAGENS - EEM JÚLIA ALENQUER FONTENELE - PINDORETAMA - CREDE 9 -,4600.0,4600.0,4600.0,0.0,2026-09-09,2026-09-17,2027-09-17,,,2026-09-16T01:27:01,2026-09-16T01:27:35,False,1,0,False,False,1456097,,,,,22001.132968/202674,07954480000179-2-033703/2026,Secretaria do Planejamento e Gestão do Ceará,07954480000179,ESTADO DO CEARA,N,E,8,Serviços,1,Contrato (termo inicial),Ceará,CE,Pindoretama,228421,EEM JÚLIA ALENQUER FONTENELE,2310852
07954480000179-1-018339/2026,,,2026,33704,2026-09-16T01:28:29,PJ,21271579000105,ÊXODO TRANSPORTES E LOGÍSTICA EIRELI EPP,,,,Aquisição de serviço de abastecimento de água por pessoa jurídica ¿ carro pipa em favor da EEEP Antonio Mota Filho. COORDENADORIA REGIONAL DE DESENVOLVIMENTO DA EDUCAÇÃO (CREDE 13 - CRATEÚS),14573.0,14573.0,14573.0,0.0,2026-09-08,2026-09-17,2027-09-17,,,2026-09-16T01:27:50,2026-09-16T01:28:29,False,1,0,False,False,1456042,,,,,22001.118937/202619,07954480000179-2-033704/2026,Secretaria do Planejamento e Gestão do Ceará,07954480000179,ESTADO DO CEARA,N,E,8,Serviços,1,Contrato (termo inicial),Ceará,CE,Tamboril,228516,EEEP ANTÔNIO MOTA FILHO,2313203
07954480000179-1-022676/2026,,,2026,33705,2026-09-16T01:29:37,PJ,59820960000140,MP SOLUCOES CONSTRUTIVAS LTDA,,,,Manutenção e conservação de bens imóveis - Serviços Gerais Básicos. EEMTI PROFESSORA MARIETA SANTOS - BELA CRUZ - CREDE 3 -,27245.0,27245.0,27245.0,0.0,2026-09-09,2026-09-09,2027-09-08,,,2026-09-16T01:29:03,2026-09-16T01:29:37,False,1,0,False,False,1456067,,,,,22001.108138/202626,07954480000179-2-033705/2026,Secretaria do Planejamento e Gestão do Ceará,07954480000179,ESTADO DO CEARA,N,E,8,Serviços,1,Contrato (termo inicial),Ceará,CE,Bela Cruz,228272,EEFM PROFESSORA MARIETA SANTOS,2302305
07954480000179-1-017627/2026,,,2026,33706,2026-09-16T01:30:15,PJ,56177567000192,DIMENSAO E-COMMERCE LTDA,,,,AQUISIÇÃO DE MATERIAL DE LIMPEZA E HIGIENIZAÇÃO - EEMTI RAUL TAVARES CAVALCANTE - ITAITINGA - CREDE 1 -,10898.18,10898.18,10898.18,0.0,2026-09-04,2026-09-17,2027-09-17,,,2026-09-16T01:29:54,2026-09-16T01:30:15,False,1,0,False,False,1455809,,,,,22001.113751/202665,07954480000179-2-033706/2026,Secretaria do Planejamento e Gestão do Ceará,07954480000179,ESTADO DO CEARA,N,E,2,Compras,1,Contrato (termo inicial),Ceará,CE,Itaitinga,228230,EEM RAUL TAVARES CAVALCANTE,2306256
07954480000179-1-021990/2026,,,2026,33707,2026-09-16T01:31:16,PJ,41322314000198,F & L COMERCIO & SERVICOS LTDA,,,,GÊNEROS DE ALIMENTAÇÃO - EEMTI PROFESSOR JOSÉ MARIA CAMPOS DE OLIVEIRA -  (SEFOR 3),1680.0,1680.0,1680.0,0.0,2026-09-03,2026-09-17,2027-09-17,,,2026-09-16T01:30:52,2026-09-16T01:31:16,False,1,0,False,False,1455738,,,,,22001.140373/202692,07954480000179-2-033707/2026,Secretaria do Planejamento e Gestão do Ceará,07954480000179,ESTADO DO CEARA,N,E,2,Compras,1,Contrato (termo inicial),Ceará,CE,Fortaleza,228152,EEM PROFESSOR JOSÉ MARIA CAMPOS DE OLIVEIRA,2304400
07954480000179-1-023138/2025,,,2026,33708,2026-09-16T01:31:42,PJ,52919905000163,BEST HYDRO COMERCIAL LTDA,,,,"Aquisição de Material Permanente:  ESCADAS EXTENSÍVEIS FIBRA DE VIDRO, para os Colégios da PMCE - BEST HYDRO COM LTDA",6281.4,523.45,6281.4,0.0,2026-09-10,2026-09-17,2027-09-17,,,2026-09-16T01:31:41,2026-09-16T01:31:42,False,12,0,False,False,1456308,,,,,10061.041779/202519,07954480000179-2-033708/2026,Secretaria do Planejamento e Gestão do Ceará,07954480000179,ESTADO DO CEARA,N,E,2,Compras,1,Contrato (termo inicial),Ceará,CE,Fortaleza,100610,FSPDS COLEGIO POLICIA MILITAR,2304400
07954480000179-1-020326/2026,,,2026,33709,2026-09-16T01:32:05,PJ,64720094000156,SHEVA CONSTRUCAO E EMPREENDIMENTOS LTDA,,,,CONSTRUÇÃO DE UMA SALA DE AULA NA EEMTI MONSENHOR HORÁCIO TEIXEIRA - CREDE 17,98193.69,98193.69,98193.69,0.0,2026-09-02,2026-09-02,2027-09-01,,,2026-09-16T01:31:45,2026-09-16T01:32:05,False,1,0,False,False,1455596,,,,,22001.085493/202610,07954480000179-2-033709/2026,Secretaria do Planejamento e Gestão do Ceará,07954480000179,ESTADO DO CEARA,N,E,7,Obras,1,Contrato (termo inicial),Ceará,CE,Baixio,228558,EEFM MONSENHOR HORÁCIO TEIXEIRA,2301802
07954480000179-1-018123/2025,,,2026,33710,2026-09-16T01:33:35,PJ,02464845000163,MOVEIS JB INDUSTRA E COMERCIO LTDA,,,,"Aquisição de Mobiliários em geral para atender à Rede Pública Estadual de Ensino, de acordo com as especificações e quantitativos previstos neste Termo de Referência. CT 666/2026.",5342480.0,5342480.0,5342480.0,0.0,2026-09-09,2026-09-16,2027-09-16,,,2026-09-16T01:33:35,2026-09-16T01:33:35,False,1,0,False,False,1454041,,,,,22001.140324/202650,07954480000179-2-033710/2026,Secretaria do Planejamento e Gestão do Ceará,07954480000179,ESTADO DO CEARA,N,E,2,Compras,1,Contrato (termo inicial),Ceará,CE,Fortaleza,220001,SECRETARIA DA EDUCACAO,2304400
07954480000179-1-021409/2026,,,2026,33711,2026-09-16T01:34:32,PJ,41322314000198,F & L COMERCIO & SERVICOS LTDA,,,,"GÊNEROS ALIMENTÍCIOS PARA A MERENDA ESCOLAR, UTILIZANDO O SALDO DA PORTARIA Nº 5 - EEM ALICE MOREIRA DE OLIVEIRA - CAUCAIA - CREDE 1",329.5,329.5,329.5,0.0,2026-08-31,2026-09-17,2027-09-17,,,2026-09-16T01:34:10,2026-09-16T01:34:32,False,1,0,False,False,1455700,,,,,22001.135561/202607,07954480000179-2-033711/2026,Secretaria do Planejamento e Gestão do Ceará,07954480000179,ESTADO DO CEARA,N,E,2,Compras,1,Contrato (termo inicial),Ceará,CE,Caucaia,228231,EEM ALICE MOREIRA DE OLIVEIRA,2303709
07954480000179-1-020187/2026,,,2026,33712,2026-09-16T01:35:27,PJ,63359863000170,TECNOLIFE EQUIPAMENTOS MEDICOS LTDA,,,,"CONTRATAÇÃO DA EMPRESA TECNOLIFE EQUIPAMENTOS MÉDICOS LTDA, PARA SERVIÇO CONTÍNUO DE MANUTENÇÃO PREVENTIVA E CORRETIVA EM AUTOCLAVE DA MARCA CISA, COM FORNECIMENTO DE PEÇAS E ACESSÓRIOS ORIGINAIS.",70200.0,70200.0,70200.0,0.0,2026-09-02,2026-09-16,2027-09-16,,,2026-09-16T01:34:50,2026-09-16T01:35:27,False,1,0,False,False,1454737,,,,,10061.018211/202685,07954480000179-2-033712/2026,Secretaria do Planejamento e Gestão do Ceará,07954480000179,ESTADO DO CEARA,N,E,8,Serviços,1,Contrato (termo inicial),Ceará,CE,Fortaleza,101331,HOSPITAL E MATERNIDADE DA POLÍCIA MILITAR DO CEARÁ JOSÉ MARTINIANO DE ALENCAR,2304400
07954480000179-1-022096/2026,,,2026,33713,2026-09-16T01:36:58,PJ,24317997000176,24.317.997 NAIME CAVALCANTE AUR,,,,SERVIÇOS DE TERCEIROS - FESTIVIDADES E HOMENAGENS - EEMTI AGOSTINHO NERES PORTELA - SOBRAL - CREDE 6.,4990.0,4990.0,4990.0,0.0,2026-09-09,2026-09-17,2027-09-17,,,2026-09-16T01:36:35,2026-09-16T01:36:58,False,1,0,False,False,1456073,,,,,22001.122854/202616,07954480000179-2-033713/2026,Secretaria do Planejamento e Gestão do Ceará,07954480000179,ESTADO DO CEARA,N,E,7,Obras,1,Contrato (termo inicial),Ceará,CE,Sobral,228371,EEM AGOSTINHO NERES PORTELA,2312908
07954480000179-1-021303/2026,,,2026,33714,2026-09-16T01:37:36,PJ,51158968000181,"CAPISTRANO DEDETIZADORA, COMERCIO E SERVICOS LTDA",,,,"Aquisição de OUTROS SERVIÇOS DE TERCEIROS ¿ PESSOA JURÍDICA ¿ (LIMPEZA E CONSERVAÇÃO), destinado a atender as necessidades da EI YBI PIRANG. MONSENHOR TABOSA - CREDE 13",1500.0,1500.0,1500.0,0.0,2026-09-09,2026-09-17,2027-07-14,,,2026-09-16T01:37:19,2026-09-16T01:37:36,False,1,0,False,False,1456093,,,,,22001.133451/202601,07954480000179-2-033714/2026,Secretaria do Planejamento e Gestão do Ceará,07954480000179,ESTADO DO CEARA,N,E,8,Serviços,1,Contrato (termo inicial),Ceará,CE,Monsenhor Tabosa,229309,ESCOLA INDIGENA YBI PIRANG,2308609
07954480000179-1-018123/2025,,,2026,33715,2026-09-16T01:37:37,PJ,31472249000123,EDM EMPRESA DISTRIBUIDORA DE MOBILIARIOS LTDA.,,,,"Aquisição de Mobiliários em geral para atender à Rede Pública Estadual de Ensino, de acordo com as especificações e quantitativos previstos neste Termo de Referência.               CT 667/2026",54000000.0,27000000.0,54000000.0,0.0,2026-09-08,2026-09-16,2027-09-16,,,2026-09-16T01:37:37,2026-09-16T01:37:37,False,2,0,False,False,1455965,,,,,22001.140535/202692,07954480000179-2-033715/2026,Secretaria do Planejamento e Gestão do Ceará,07954480000179,ESTADO DO CEARA,N,E,2,Compras,1,Contrato (termo inicial),Ceará,CE,Fortaleza,220001,SECRETARIA DA EDUCACAO,2304400
07954480000179-1-019173/2026,,,2026,33716,2026-09-16T01:38:10,PJ,52887321000153,52.887.321 FERNANDA GONCALVES DE OLIVEIRA,,,,"AQUISIÇÃO DE GÊNEROS DE ALIMENTAÇÃO - QUEIJO, IOGURTE, BOLO E PEIXE. EEMTI MARIA DAS DORES CIDRÃO ALEXANDRINO - TAUA - CREDE 15 -",55199.0,55199.0,55199.0,0.0,2026-09-04,2026-09-17,2027-09-17,,,2026-09-16T01:37:38,2026-09-16T01:38:10,False,1,0,False,False,1455456,,,,,22001.122400/202645,07954480000179-2-033716/2026,Secretaria do Planejamento e Gestão do Ceará,07954480000179,ESTADO DO CEARA,N,E,2,Compras,1,Contrato (termo inicial),Ceará,CE,Tauá,228538,EEM MARIA DAS DORES CIDRÃO ALEXANDRINO,2313302
07954480000179-1-021772/2026,,,2026,33717,2026-09-16T01:38:44,PJ,51158968000181,"CAPISTRANO DEDETIZADORA, COMERCIO E SERVICOS LTDA",,,,SERVIÇOS DE TERCEIROS - LIMPEZA E CONSERVAÇÃO. COORDENADORIA REGIONAL DE DESENVOLVIMENTO DA EDUCAÇÃO (CREDE 1 - MARACANAÚ),2600.0,2600.0,2600.0,0.0,2026-09-04,2026-09-17,2027-09-17,,,2026-09-16T01:38:25,2026-09-16T01:38:44,False,1,0,False,False,1455933,,,,,22001.139321/202673,07954480000179-2-033717/2026,Secretaria do Planejamento e Gestão do Ceará,07954480000179,ESTADO DO CEARA,N,E,8,Serviços,1,Contrato (termo inicial),Ceará,CE,Maracanaú,227001,COORDENADORIA REGIONAL DE DESENVOLVIMENTO DA EDUCACAO - CREDE 01 - MARACANAU,2307650
07954480000179-1-016118/2026,,,2026,33718,2026-09-16T01:39:55,PJ,35438916000102,HALTECH COMERCIO DE GLP LTDA,,,,GÁS E OUTROS MATERIAIS ENGARRAFADOS - CEJA JOÃO RICARDO DA SILVEIRA - QUIXADA - CREDE 12,1493.16,1493.16,1493.16,0.0,2026-09-04,2026-09-17,2027-09-17,,,2026-09-16T01:39:33,2026-09-16T01:39:55,False,1,0,False,False,1455816,,,,,22001.097174/202657,07954480000179-2-033718/2026,Secretaria do Planejamento e Gestão do Ceará,07954480000179,ESTADO DO CEARA,N,E,2,Compras,1,Contrato (termo inicial),Ceará,CE,Quixadá,228477,CEJA JOÃO RICARDO DA SILVEIRA,2311306
07954480000179-1-004206/2024,07954480000179-1-004206/2024-000001,,2026,33719,2026-09-16T01:40:12,PJ,10394436000166,BOA VISTA COMERCIAL E SERVIÇOS LTDA - EPP,,,,GÊNEROS DE ALIMENTAÇÃO - ARP - EEFM JOSÉ LEOPOLDINO DA SILVA FILHO -  (SEFOR 3),33134.2,33134.2,33134.2,0.0,2026-08-12,2026-09-17,2027-09-17,,,2026-09-16T01:40:11,2026-09-16T01:40:12,False,1,0,False,False,1455818,,,,,22001.134889/202606,07954480000179-2-033719/2026,Secretaria do Planejamento e Gestão do Ceará,07954480000179,ESTADO DO CEARA,N,E,2,Compras,1,Contrato (termo inicial),Ceará,CE,Fortaleza,228151,EEFM JOSÉ LEOPOLDINO DA SILVA FILHO,2304400
07954480000179-1-020931/2026,,,2026,33720,2026-09-16T01:40:33,PJ,00289070000101,DIMAIA´S COMERCIAL LTDA - ME,,,,AQUISIÇÃO DE GÊNEROS ALIEMNTÍCIOS - EEMTI RAUL TAVARES CAVALCANTE - ITAITINGA - CREDE 1 -,27494.0,27494.0,27494.0,0.0,2026-09-01,2026-09-17,2027-09-17,,,2026-09-16T01:40:13,2026-09-16T01:40:33,False,1,0,False,False,1456016,,,,,22001.134977/202608,07954480000179-2-033720/2026,Secretaria do Planejamento e Gestão do Ceará,07954480000179,ESTADO DO CEARA,N,E,2,Compras,1,Contrato (termo inicial),Ceará,CE,Itaitinga,228230,EEM RAUL TAVARES CAVALCANTE,2306256
07954480000179-1-021062/2026,,,2026,33721,2026-09-16T01:41:02,PJ,35071489000177,FRANCISCO ANTONIO DA SILVA GOMES -ME,,,,aquisição de gêneros alimentícios da merenda aporte 2026 - LICEU DE BATURITÉ DOMINGOS SÁVIO - BATURITE - CREDE 8 -,742.14,742.14,742.14,0.0,2026-09-01,2026-09-17,2027-09-12,,,2026-09-16T01:40:43,2026-09-16T01:41:02,False,1,0,False,False,1456078,,,,,22001.135458/202659,07954480000179-2-033721/2026,Secretaria do Planejamento e Gestão do Ceará,07954480000179,ESTADO DO CEARA,N,E,2,Compras,1,Contrato (termo inicial),Ceará,CE,Baturité,228401,LICEU DE BATURITÉ DOMINGOS SÁVIO,2302107
07954480000179-1-021465/2026,,,2026,33722,2026-09-16T01:41:34,PJ,51158968000181,"CAPISTRANO DEDETIZADORA, COMERCIO E SERVICOS LTDA",,,,LIMPEZA E CONSERVAÇÃO - ESCOLA INDÍGENA CHUÍ - MARACANAU - CREDE 1,1400.0,1400.0,1400.0,0.0,2026-09-04,2026-09-17,2027-09-17,,,2026-09-16T01:41:12,2026-09-16T01:41:34,False,1,0,False,False,1455639,,,,,22001.073986/202615,07954480000179-2-033722/2026,Secretaria do Planejamento e Gestão do Ceará,07954480000179,ESTADO DO CEARA,N,E,8,Serviços,1,Contrato (termo inicial),Ceará,CE,Maracanaú,228220,ESCOLA INDÍGENA CHUÍ,2307650
07954480000179-1-013668/2026,,,2026,33723,2026-09-16T01:41:51,PJ,48293154000145,48.293.154 FRANCISCO DANIEL DE ARAUJO,,,,"AQUISIÇÃO DE GÊNEROS DE ALIMENTAÇÃO (ÁGUA MINERAL, CAFÉ E AÇÚCAR) PARA ATENDER AS NECESSIDADES DA EEMTI HELENITA LOPES GURGEL VALENTE. FORTIM - CREDE 10",18114.04,18114.04,18114.04,0.0,2026-09-04,2026-09-17,2027-09-12,,,2026-09-16T01:41:35,2026-09-16T01:41:51,False,1,0,False,False,1456069,,,,,22001.066953/202619,07954480000179-2-033723/2026,Secretaria do Planejamento e Gestão do Ceará,07954480000179,ESTADO DO CEARA,N,E,2,Compras,1,Contrato (termo inicial),Ceará,CE,Fortim,228442,EEM HELENITA LOPES GURGEL VALENTE,2304459
07954480000179-1-005232/2026,,,2026,33724,2026-09-16T01:42:06,PJ,11245557000109,A R NETO SERVICOS LTDA,,,,SERVIÇO DE MANUTENÇÃO DO LABORATÓRIO DE CIÊNCIAS NA EEMTI RICARDO DE SOUSA NEVES - CREDE 3,93700.0,93700.0,93700.0,0.0,2026-09-02,2026-09-17,2027-09-17,,,2026-09-16T01:41:53,2026-09-16T01:42:06,False,1,0,False,False,1455539,,,,,22001.163907/202578,07954480000179-2-033724/2026,Secretaria do Planejamento e Gestão do Ceará,07954480000179,ESTADO DO CEARA,N,E,7,Obras,1,Contrato (termo inicial),Ceará,CE,Marco,228276,EEM RICARDO DE SOUSA NEVES,2307809
07954480000179-1-008553/2025,,,2026,33725,2026-09-16T01:43:03,PJ,43350432000135,NZ CONSTRUCOES LTDA,,,,RECUPERAÇÃO DA COBERTA DA QUADRA DE ESPORTES E AUDITÓRIO - EEMTI PROFESSORA ADALGISA BONFIM SOARES - SEFOR 3,87752.93,87752.93,87752.93,0.0,2026-08-20,2026-08-20,2027-08-19,,,2026-09-16T01:42:48,2026-09-16T01:43:03,False,1,0,False,False,1453037,,,,,22001.076825/202594,07954480000179-2-033725/2026,Secretaria do Planejamento e Gestão do Ceará,07954480000179,ESTADO DO CEARA,N,E,7,Obras,1,Contrato (termo inicial),Ceará,CE,Fortaleza,228133,EEFM PROFESSORA ADALGISA BONFIM SOARES,2304400
07954480000179-1-026090/2025,07954480000179-1-026090/2025-000001,,2026,33726,2026-09-16T01:43:12,PJ,51455414000146,COMERCIO MM LTDA,,,,"Aquisição de água adicionada de sais por meio de ARP, para suprir as necessidades da EEMTI João Barbosa Lima. ITAICABA - CREDE 10 -",4820.0,4820.0,4820.0,0.0,2026-09-03,2026-09-17,2027-09-12,,,2026-09-16T01:43:11,2026-09-16T01:43:12,False,1,0,False,False,1455581,,,,,22001.140235/202611,07954480000179-2-033726/2026,Secretaria do Planejamento e Gestão do Ceará,07954480000179,ESTADO DO CEARA,N,E,2,Compras,1,Contrato (termo inicial),Ceará,CE,Itaiçaba,228433,EEM JOÃO BARBOSA LIMA,2306207
07954480000179-1-021616/2026,,,2026,33727,2026-09-16T01:43:34,PJ,38404532000167,RODRIGO LUIS LOPES REIS,,,,AQUISIÇÃO DE  GÊNEROS DE ALIMENTAÇÃO - CEJA PROFESSORA CECY CIALDINE - SOBRAL - CREDE 6 -,8449.25,8449.25,8449.25,0.0,2026-08-31,2026-09-17,2027-09-17,,,2026-09-16T01:43:19,2026-09-16T01:43:34,False,1,0,False,False,1455689,,,,,22001.136826/202686,07954480000179-2-033727/2026,Secretaria do Planejamento e Gestão do Ceará,07954480000179,ESTADO DO CEARA,N,E,2,Compras,1,Contrato (termo inicial),Ceará,CE,Sobral,228363,CEJA PROFESSORA CECY CIALDINE,2312908
07954480000179-1-011423/2025,07954480000179-1-011423/2025-000001,,2026,33728,2026-09-16T01:43:46,PJ,62042351000112,ALD COMERCIO DE MATERIAIS EM GERAL LTDA,,,,AQUISIÇÃO - MATERIAL DE CONSUMO - MATERIAL DE EXPEDIENTE- EEMTI JOAQUIM RODRIGUES DE LIMA - QUIXERE - CREDE 10,4503.96,4503.96,4503.96,0.0,2026-09-03,2026-09-17,2027-09-17,,,2026-09-16T01:43:46,2026-09-16T01:43:46,False,1,0,False,False,1455590,,,,,22001.137697/202643,07954480000179-2-033728/2026,Secretaria do Planejamento e Gestão do Ceará,07954480000179,ESTADO DO CEARA,N,E,2,Compras,1,Contrato (termo inicial),Ceará,CE,Quixeré,228773,EEM JOAQUIM RODRIGUES DE LIMA,2311504
07954480000179-1-019808/2026,,,2026,33729,2026-09-16T01:44:19,PJ,07047251000170,COMPANHIA ENERGETICA DO CEARA - ENEL,,,,"Contratação do Serviços de fornecimento e distribuição de energia elétrica às Unidades Locais da Agência de Defesa Agropecuária do Estado do Ceará ¿ ADAGRI localizadas no Estado do Ceará.
INEXIGÍVEL DE LICITAÇÃO - Art. 74, inciso I, da Lei nº 14.133/2021",117600.0,9800.0,117600.0,0.0,2026-09-10,2026-09-10,2027-09-10,,,2026-09-16T01:44:04,2026-09-16T01:44:19,False,12,0,False,False,1456467,,,,,56022.002082/202671,07954480000179-2-033729/2026,Secretaria do Planejamento e Gestão do Ceará,07954480000179,ESTADO DO CEARA,N,E,2,Compras,1,Contrato (termo inicial),Ceará,CE,Fortaleza,211101,AGENCIA DE DEFESA AGROPECUARIA DO ESTADO DO CEARA,2304400
07954480000179-1-020776/2026,,,2026,33730,2026-09-16T01:44:42,PJ,66204528000190,VSV COMERCIO E SERVICO LTDA,,,,Gêneros de Alimentação - EEMTI POETA OTACÍLIO COLARES -  (SEFOR 2),38115.0,38115.0,38115.0,0.0,2026-09-04,2026-09-17,2027-09-17,,,2026-09-16T01:44:27,2026-09-16T01:44:42,False,1,0,False,False,1455692,,,,,22001.133479/202630,07954480000179-2-033730/2026,Secretaria do Planejamento e Gestão do Ceará,07954480000179,ESTADO DO CEARA,N,E,2,Compras,1,Contrato (termo inicial),Ceará,CE,Fortaleza,228103,EEFM POETA OTACÍLIO COLARES,2304400
07954480000179-1-020300/2026,,,2026,33731,2026-09-16T01:45:05,PJ,19284180000109,LHEPPIUSSB DISTRIBUIDORA DE GÁS - ME,,,,MATERIAL DE CONSUMO - GÁS - EEMTI SINHÁ SABÓIA - SOBRAL - CREDE 6 -,4700.0,4700.0,4700.0,0.0,2026-09-03,2026-09-17,2027-09-17,,,2026-09-16T01:44:49,2026-09-16T01:45:05,False,1,0,False,False,1456047,,,,,22001.117443/202617,07954480000179-2-033731/2026,Secretaria do Planejamento e Gestão do Ceará,07954480000179,ESTADO DO CEARA,N,E,2,Compras,1,Contrato (termo inicial),Ceará,CE,Sobral,228361,EEM SINHÁ SABÓIA,2312908
07954480000179-1-020141/2026,,,2026,33732,2026-09-16T01:45:23,PJ,59308009000107,ACM COMERCIAL E SERVICOS LTDA,,,,AQUISIÇÃO DE GÊNEROS DE ALIMENTAÇÃO EM FAVOR DA EEMTI MARIA JOSÉ COUTINHO - QUITERIANÓPOLIS - CREDE 15 - TAUÁ - CEARÁ,37433.5,37433.5,37433.5,0.0,2026-09-08,2026-09-17,2027-09-17,,,2026-09-16T01:45:14,2026-09-16T01:45:23,False,1,0,False,False,1455935,,,,,22001.130575/202626,07954480000179-2-033732/2026,Secretaria do Planejamento e Gestão do Ceará,07954480000179,ESTADO DO CEARA,N,E,2,Compras,1,Contrato (termo inicial),Ceará,CE,Quiterianópolis,228536,EEM MARIA JOSÉ COUTINHO,2311264
07954480000179-1-015975/2026,,,2026,33733,2026-09-16T01:45:26,PJ,28419096000146,FRANCISCO SOARES LIMA 37998331372,,,,CONTRATAÇÃO DE SERVIÇOS DE TERCEIROS - SERVIÇO DE LIMPEZA E CONSERVAÇÃO EM FAVOR DA EEMTI HELENITA LOPES GURGEL VALENTE. FORTIM - (CREDE 10 -,999.0,999.0,999.0,0.0,2026-09-02,2026-09-17,2027-04-05,,,2026-09-16T01:45:24,2026-09-16T01:45:26,False,1,0,False,False,1455857,,,,,22001.089915/202626,07954480000179-2-033733/2026,Secretaria do Planejamento e Gestão do Ceará,07954480000179,ESTADO DO CEARA,N,E,8,Serviços,1,Contrato (termo inicial),Ceará,CE,Fortim,228442,EEM HELENITA LOPES GURGEL VALENTE,2304459
07954480000179-1-018702/2026,,,2026,33734,2026-09-16T01:46:38,PJ,29905424000187,FRANCISCO MARQUESAN MELO QUEIROZ,,,,SERVIÇO DE MANUTENÇÃO  DE ARCONDICIONADO - EEMTI MONSENHOR ANTONINO - GUARACIABA DO NORTE - CREDE 5 -,3850.0,3850.0,3850.0,0.0,2026-09-03,2026-09-03,2027-09-02,,,2026-09-16T01:46:20,2026-09-16T01:46:38,False,1,0,False,False,1455273,,,,,22001.116753/202614,07954480000179-2-033734/2026,Secretaria do Planejamento e Gestão do Ceará,07954480000179,ESTADO DO CEARA,N,E,8,Serviços,1,Contrato (termo inicial),Ceará,CE,Guaraciaba do Norte,228319,EEFM MONSENHOR ANTONINO,2305001
07954480000179-1-021665/2026,,,2026,33735,2026-09-16T01:47:03,PJ,63460372000110,LEOPOLDO ALVES E SILVA FILHO ME,,,,Aquisição de Agua Mineral - EEMTI CORONEL ALFREDO SILVANO - RERIUTABA - CREDE 6,17349.83,17349.83,17349.83,0.0,2026-09-03,2026-09-17,2027-09-17,,,2026-09-16T01:46:47,2026-09-16T01:47:03,False,1,0,False,False,1455847,,,,,22001.138207/202626,07954480000179-2-033735/2026,Secretaria do Planejamento e Gestão do Ceará,07954480000179,ESTADO DO CEARA,N,E,2,Compras,1,Contrato (termo inicial),Ceará,CE,Reriutaba,228349,EEM CORONEL ALFREDO SILVANO,2311702
07954480000179-1-020421/2026,,,2026,33736,2026-09-16T01:47:28,PJ,51044835000184,DISTRIMIX SOLUÇÕES & SERVIÇOS BRASIL LTDA,,,,SERVIÇOS GRÁFICOS E EDITORIAIS - EEM JÚLIA ALENQUER FONTENELE - PINDORETAMA - CREDE 9,760.0,760.0,760.0,0.0,2026-09-02,2026-09-17,2027-09-17,,,2026-09-16T01:47:12,2026-09-16T01:47:28,False,1,0,False,False,1455359,,,,,22001.143716/202671,07954480000179-2-033736/2026,Secretaria do Planejamento e Gestão do Ceará,07954480000179,ESTADO DO CEARA,N,E,8,Serviços,1,Contrato (termo inicial),Ceará,CE,Pindoretama,228421,EEM JÚLIA ALENQUER FONTENELE,2310852
07954480000179-1-021343/2026,,,2026,33737,2026-09-16T01:47:53,PJ,59308009000107,ACM COMERCIAL E SERVICOS LTDA,,,,ALIMENTAÇÃO ESCOLAR 2 - EEMTI ANTONIETA SIQUEIRA - (SEFOR 1),34565.0,34565.0,34565.0,0.0,2026-09-08,2026-09-17,2027-09-17,,,2026-09-16T01:47:33,2026-09-16T01:47:53,False,1,0,False,False,1455939,,,,,22001.132064/202649,07954480000179-2-033737/2026,Secretaria do Planejamento e Gestão do Ceará,07954480000179,ESTADO DO CEARA,N,E,2,Compras,1,Contrato (termo inicial),Ceará,CE,Fortaleza,228026,EEFM ANTONIETA SIQUEIRA,2304400
07954480000179-1-017757/2026,,,2026,33738,2026-09-16T01:48:21,PJ,57844287000153,M & F PRODUTOS SERVICOS E LOCACOES LTDA,,,,AQUISIÇÃO DE MATERIAL DE CONSUMO (RAÇÃO PARA ANIMAIS) PARA ATENDER AS NECESSIDADES DA FUNECE,46163.0,3846.9166,46163.0,0.0,2026-09-11,2026-09-11,2027-09-11,,,2026-09-16T01:48:02,2026-09-16T01:48:21,False,12,0,False,False,1456776,,,,,31032.002818/202661,07954480000179-2-033738/2026,Secretaria do Planejamento e Gestão do Ceará,07954480000179,ESTADO DO CEARA,N,E,2,Compras,1,Contrato (termo inicial),Ceará,CE,Fortaleza,310101,FUNDACAO UNIVERSIDADE ESTADUAL DO CEARA,2304400
07954480000179-1-021653/2026,,,2026,33739,2026-09-16T01:48:38,PJ,21834603000169,M. GLEICIANE DE SOUSA - ME,,,,AQUISIÇÃO - SERVIÇOS DE TERCEIROS - MANUTENÇÃO E CONSERVAÇÃO DE BENS IMÓVEIS - EEMTI VICENTE DE PAULO DA COSTA - ACARAU - CREDE 3,1498.0,1498.0,1498.0,0.0,2026-09-09,2026-09-17,2027-09-17,,,2026-09-16T01:48:23,2026-09-16T01:48:38,False,1,0,False,False,1456062,,,,,22001.118217/202645,07954480000179-2-033739/2026,Secretaria do Planejamento e Gestão do Ceará,07954480000179,ESTADO DO CEARA,N,E,8,Serviços,1,Contrato (termo inicial),Ceará,CE,Acaraú,228290,EEM VICENTE DE PAULO DA COSTA,2300200
07954480000179-1-004546/2026,,,2026,33740,2026-09-16T01:48:50,PJ,35411699000167,CONSTRUTORA AC LTDA,,,,SERVIÇO DE MANUTENÇÃO DO BANHEIRO FEMININO E ACESSÍVEL NA EEMTI DOUTOR JOÃO RIBEIRO RAMOS  - CREDE 6,56007.93,56007.93,56007.93,0.0,2026-09-09,2026-09-09,2027-03-07,,,2026-09-16T01:48:39,2026-09-16T01:48:50,False,1,0,False,False,1456113,,,,,22001.033649/202687,07954480000179-2-033740/2026,Secretaria do Planejamento e Gestão do Ceará,07954480000179,ESTADO DO CEARA,N,E,7,Obras,1,Contrato (termo inicial),Ceará,CE,Sobral,228362,EEM DOUTOR JOÃO RIBEIRO RAMOS,2312908
07954480000179-1-021619/2026,,,2026,33741,2026-09-16T01:49:18,PJ,48199754000149,SOUZA AMARAL ENGENHARIA LTDA,,,,Aquisição de serviços de Máquinas e Equipamentos Manutenção preventiva e corretiva de Impressoras diversas - LICEU DE CAUCAIA - CAUCAIA - CREDE 1,3492.93,3492.93,3492.93,0.0,2026-09-02,2026-09-17,2027-09-17,,,2026-09-16T01:49:00,2026-09-16T01:49:18,False,1,0,False,False,1455577,,,,,22001.138227/202605,07954480000179-2-033741/2026,Secretaria do Planejamento e Gestão do Ceará,07954480000179,ESTADO DO CEARA,N,E,8,Serviços,1,Contrato (termo inicial),Ceará,CE,Caucaia,228228,LICEU DE CAUCAIA,2303709
07954480000179-1-025516/2025,07954480000179-1-025516/2025-000001,,2026,33742,2026-09-16T01:49:29,PJ,29725927000170,BMP DE SOUSA COMERCIAL LTDA ,,,,ARP GENEROS ALIMENTICIOS - EEMTI  PARQUE PRESIDENTE VARGAS - (SEFOR 3),19352.5,19352.5,19352.5,0.0,2026-09-01,2026-09-17,2027-09-17,,,2026-09-16T01:49:28,2026-09-16T01:49:29,False,1,0,False,False,1455354,,,,,22001.141527/202663,07954480000179-2-033742/2026,Secretaria do Planejamento e Gestão do Ceará,07954480000179,ESTADO DO CEARA,N,E,2,Compras,1,Contrato (termo inicial),Ceará,CE,Fortaleza,228169,EEFM PARQUE PRESIDENTE VARGAS,2304400
07954480000179-1-020792/2026,,,2026,33743,2026-09-16T01:50:16,PJ,22603436000108,PANIFICADORA MAX PAO LTDA,,,,AQUISIÇÃO - MATERIAL DE CONSUMO - GÊNEROS DE ALIMENTAÇÃO (Segunda Portaria). EEMTI ISRAEL LEOCADIO DE VASCONCELOS - SOBRAL - CREDE 6,5337.5,5337.5,5337.5,0.0,2026-08-31,2026-09-17,2027-09-17,,,2026-09-16T01:50:10,2026-09-16T01:50:16,False,1,0,False,False,1455576,,,,,22001.132699/202646,07954480000179-2-033743/2026,Secretaria do Planejamento e Gestão do Ceará,07954480000179,ESTADO DO CEARA,N,E,2,Compras,1,Contrato (termo inicial),Ceará,CE,Sobral,228360,EEM ISRAEL LEOCÁDIO DE VASCONCELOS,2312908
07954480000179-1-021930/2026,,,2026,33744,2026-09-16T01:50:34,PJ,53279810000195,53.279.810 JULIANA VITOR PEREIRA,,,,Manutenção e Conservação de Máquinas e Equipamentos - EEMTI LICEU VILA VELHA - (SEFOR 1),6370.0,6370.0,6370.0,0.0,2026-09-03,2026-09-03,2026-12-31,,,2026-09-16T01:50:23,2026-09-16T01:50:34,False,1,0,False,False,1455489,,,,,22001.103015/202607,07954480000179-2-033744/2026,Secretaria do Planejamento e Gestão do Ceará,07954480000179,ESTADO DO CEARA,N,E,8,Serviços,1,Contrato (termo inicial),Ceará,CE,Fortaleza,228024,EEFM WALDEMAR FALCÃO,2304400
07954480000179-1-016061/2026,,,2026,33745,2026-09-16T01:50:56,PJ,13644785000187,SANTOS SERVICOS CONTABEIS LTDA,,,,Serviços Técnicos Profissionais - EEM GOVERNADOR ADAUTO BEZERRA -  (SEFOR 3),249.99,249.99,249.99,0.0,2026-09-02,2026-09-17,2027-09-17,,,2026-09-16T01:50:41,2026-09-16T01:50:56,False,1,0,False,False,1455276,,,,,22001.103204/202671,07954480000179-2-033745/2026,Secretaria do Planejamento e Gestão do Ceará,07954480000179,ESTADO DO CEARA,N,E,8,Serviços,1,Contrato (termo inicial),Ceará,CE,Fortaleza,228108,EEM GOVERNADOR ADAUTO BEZERRA,2304400
07954480000179-1-021055/2026,,,2026,33746,2026-09-16T01:51:19,PJ,63001165000106,63.001.165 LILIAN DAYANE SOUZA LOPES,,,,COTAÇÃO ELETRÔNICA Nº 26/2026 AQUISIÇÃO SERVIÇOS DE TERCEIROS (FESTIVIDADES E HOMENAGENS) EM FAVOR DA EEMTI EDITE ALCÂNTARA MOTA - ITAPIPOCA - CREDE 02.,6400.0,6400.0,6400.0,0.0,2026-09-01,2026-09-17,2027-09-17,,,2026-09-16T01:51:03,2026-09-16T01:51:19,False,1,0,False,False,1455947,,,,,22001.134112/202633,07954480000179-2-033746/2026,Secretaria do Planejamento e Gestão do Ceará,07954480000179,ESTADO DO CEARA,N,E,8,Serviços,1,Contrato (termo inicial),Ceará,CE,Fortaleza,228260,EEFM EDITE ALCÂNTARA MOTA,2304400
07954480000179-1-021062/2026,,,2026,33747,2026-09-16T01:51:38,PJ,38404532000167,RODRIGO LUIS LOPES REIS,,,,aquisição de gêneros alimentícios da merenda aporte 2026 - LICEU DE BATURITÉ DOMINGOS SÁVIO - BATURITE - CREDE 8 -,2746.8,2746.8,2746.8,0.0,2026-09-01,2026-09-17,2027-09-12,,,2026-09-16T01:51:26,2026-09-16T01:51:38,False,1,0,False,False,1456101,,,,,22001.135458/202659,07954480000179-2-033747/2026,Secretaria do Planejamento e Gestão do Ceará,07954480000179,ESTADO DO CEARA,N,E,2,Compras,1,Contrato (termo inicial),Ceará,CE,Baturité,228401,LICEU DE BATURITÉ DOMINGOS SÁVIO,2302107
07954480000179-1-017633/2026,,,2026,33748,2026-09-16T01:51:55,PJ,08325226000174,CHAMA AZUL COMERCIO DE GAS LTDA,,,,GÁS ENGARRAFADO - EEMTI INTEGRADA 2 DE MAIO -  (SEFOR 2),1155.0,1155.0,1155.0,0.0,2026-09-04,2026-09-17,2027-09-17,,,2026-09-16T01:51:44,2026-09-16T01:51:55,False,1,0,False,False,1455940,,,,,22001.104928/202632,07954480000179-2-033748/2026,Secretaria do Planejamento e Gestão do Ceará,07954480000179,ESTADO DO CEARA,N,E,2,Compras,1,Contrato (termo inicial),Ceará,CE,Fortaleza,228086,EEFM INTEGRADA 2 DE MAIO,2304400
07954480000179-1-021505/2026,,,2026,33749,2026-09-16T01:52:05,PJ,40841585000197,MIDAS DISTRIBUIDORA DE GAS LTDA,,,,MATERIAL DE CONSUMO- GÁS ENGARRAFADO - EEM FRANCISCO DE ASSIS FONTENELE - CAMOCIM - CREDE 4,2530.0,2530.0,2530.0,0.0,2026-09-08,2026-09-17,2027-09-17,,,2026-09-16T01:51:56,2026-09-16T01:52:05,False,1,0,False,False,1456051,,,,,22001.138400/202667,07954480000179-2-033749/2026,Secretaria do Planejamento e Gestão do Ceará,07954480000179,ESTADO DO CEARA,N,E,2,Compras,1,Contrato (termo inicial),Ceará,CE,Camocim,228741,EEM FRANCISCO DE ASSIS FONTENELE,2302602
07954480000179-1-021625/2026,,,2026,33750,2026-09-16T01:52:24,PJ,32762666000173,32.762.666 MARIA THAYNARA ALVES RODRIGUES,,,,AQUISIÇÃO DE SERVIÇO DE ALIMENTAÇÃO - KITS (SPAECE). EEEP CLEMENTE OLINTHO TÁVORA ARRUDA - BATURITE - CREDE 8,2158.2,2158.2,2158.2,0.0,2026-09-03,2026-09-03,2027-09-02,,,2026-09-16T01:52:11,2026-09-16T01:52:24,False,1,0,False,False,1455345,,,,,22001.139180/202699,07954480000179-2-033750/2026,Secretaria do Planejamento e Gestão do Ceará,07954480000179,ESTADO DO CEARA,N,E,8,Serviços,1,Contrato (termo inicial),Ceará,CE,Baturité,228789,ESCOLA ESTADUAL DE EDUCACAO PROFISSIONAL DE BATURITE,2302107
07954480000179-1-015270/2026,,,2026,33751,2026-09-16T01:52:35,PJ,51044835000184,DISTRIMIX SOLUÇÕES & SERVIÇOS BRASIL LTDA,,,,GÊNEROS DE ALIMENTAÇÃO - EEFM DONA JÚLIA ALVES PESSOA - (SEFOR 3),26080.0,26080.0,26080.0,0.0,2026-09-01,2026-09-17,2027-09-17,,,2026-09-16T01:52:25,2026-09-16T01:52:35,False,1,0,False,False,1455385,,,,,22001.104055/202668,07954480000179-2-033751/2026,Secretaria do Planejamento e Gestão do Ceará,07954480000179,ESTADO DO CEARA,N,E,2,Compras,1,Contrato (termo inicial),Ceará,CE,Fortaleza,228154,EEFM DONA JÚLIA ALVES PESSOA,2304400
07954480000179-1-021439/2026,,BRA,2026,33752,2026-09-16T01:53:16,PJ,07508138000145,SAAE DE IGUATU                          ,,,,"Contratação do Serviço Autônomo de Água e Esgoto - SAAE/Iguatu para prestação contínua dos serviços públicos de fornecimento de água tratada e coleta de esgoto sanitário destinados ao atendimento das necessidades do 10º Batalhão da Polícia Militar do Ceará 10º BPM, sediado no município de Iguatu/CE.",2505.0,2505.0,2505.0,0.0,2026-09-08,2026-09-17,2031-09-17,,,2026-09-16T01:53:07,2026-09-16T01:53:16,False,1,0,False,False,1453477,,,,,10061.047112/202619,07954480000179-2-033752/2026,Secretaria do Planejamento e Gestão do Ceará,07954480000179,ESTADO DO CEARA,N,E,8,Serviços,1,Contrato (termo inicial),Ceará,CE,Fortaleza,101031,POLICIA MILITAR DO CEARA,2304400
07954480000179-1-021699/2026,,,2026,33753,2026-09-16T01:53:30,PJ,48199754000149,SOUZA AMARAL ENGENHARIA LTDA,,,,AQUISIÇÃO - SERVIÇOS DE TERCEIROS - OUTROS SERVIÇOS DE TERCEIROS - EEEP ANTONIO RODRIGUES DE OLIVEIRA - PEDRA BRANCA - CREDE 14,40572.0,40572.0,40572.0,0.0,2026-09-02,2026-09-17,2027-09-17,,,2026-09-16T01:53:21,2026-09-16T01:53:30,False,1,0,False,False,1455609,,,,,22001.118071/202638,07954480000179-2-033753/2026,Secretaria do Planejamento e Gestão do Ceará,07954480000179,ESTADO DO CEARA,N,E,8,Serviços,1,Contrato (termo inicial),Ceará,CE,Pedra Branca,228530,EEEP ANTONIO RODRIGUES DE OLIVEIRA,2310506
07954480000179-1-021308/2026,,,2026,33754,2026-09-16T01:53:37,PJ,53645611000153,F. L. L. NETO LTDA,,,,Aquisição de Material de consumo - Água Mineral Natural (Garrafão 20.0 Litros) - CEJA DOUTOR GERARDO CAMELO MADEIRA - IPU - CREDE 5 -,780.08,780.08,780.08,0.0,2026-09-04,2026-09-17,2027-04-25,,,2026-09-16T01:53:35,2026-09-16T01:53:37,False,1,0,False,False,1455501,,,,,22001.136561/202616,07954480000179-2-033754/2026,Secretaria do Planejamento e Gestão do Ceará,07954480000179,ESTADO DO CEARA,N,E,2,Compras,1,Contrato (termo inicial),Ceará,CE,Ipu,228327,CEJA DOUTOR GERARDO CAMELO MADEIRA,2305803
07954480000179-1-020792/2026,,,2026,33755,2026-09-16T01:53:40,PJ,41322314000198,F & L COMERCIO & SERVICOS LTDA,,,,AQUISIÇÃO - MATERIAL DE CONSUMO - GÊNEROS DE ALIMENTAÇÃO (Segunda Portaria). EEMTI ISRAEL LEOCADIO DE VASCONCELOS - SOBRAL - CREDE 6,2448.5,2448.5,2448.5,0.0,2026-09-03,2026-09-17,2027-09-17,,,2026-09-16T01:53:39,2026-09-16T01:53:40,False,1,0,False,False,1455575,,,,,22001.142601/202669,07954480000179-2-033755/2026,Secretaria do Planejamento e Gestão do Ceará,07954480000179,ESTADO DO CEARA,N,E,2,Compras,1,Contrato (termo inicial),Ceará,CE,Sobral,228360,EEM ISRAEL LEOCÁDIO DE VASCONCELOS,2312908
07954480000179-1-022162/2026,,,2026,33756,2026-09-16T01:53:55,PJ,53029926000176,CSV COMERCIO E SERVICOS LTDA,,,,"Contratação de Outros Serviços de Terceiros - Manutenção de Bens Imóveis em favor da EEMTI Maria Celeste de Azevedo Porto, durante o exercício financeiro de 2026.2. - TRAIRI - CREDE 2 -",9760.0,9760.0,9760.0,0.0,2026-09-04,2026-09-17,2027-09-17,,,2026-09-16T01:53:44,2026-09-16T01:53:55,False,1,0,False,False,1455355,,,,,22001.141177/202635,07954480000179-2-033756/2026,Secretaria do Planejamento e Gestão do Ceará,07954480000179,ESTADO DO CEARA,N,E,8,Serviços,1,Contrato (termo inicial),Ceará,CE,Trairi,228653,EEM MARIA CELESTE DE AZEVEDO,2313500
07954480000179-1-018779/2026,,,2026,33757,2026-09-16T01:54:09,PJ,60760233000114,LM NOGUEIRA DISTRIBUIDORA E SERVICOS LTDA,,,,"Aquisição de Instrumentos Musicais para o Laboratório de Regência da EEEP Dona Creusa do Carmo Rocha, no município de Fortaleza, de acordo com as
especificações e quantitativos previstos neste termo. CT 641/2026.",914.0,914.0,914.0,0.0,2026-08-31,2026-09-17,2027-09-17,,,2026-09-16T01:54:00,2026-09-16T01:54:09,False,1,0,False,False,1454649,,,,,22001.130171/202632,07954480000179-2-033757/2026,Secretaria do Planejamento e Gestão do Ceará,07954480000179,ESTADO DO CEARA,N,E,2,Compras,1,Contrato (termo inicial),Ceará,CE,Fortaleza,220001,SECRETARIA DA EDUCACAO,2304400
07954480000179-1-019295/2026,,,2026,33758,2026-09-16T01:54:14,PJ,12350270000101,GEETA HOSPITALAR LTDA EPP,,,,"Contratação do serviço de manutenção preventiva e corretiva e calibração, dos equipamentos médico-hospitalares da marca Karl Storz (TORRES DE VÍDEO), por 12 (doze) meses, para suprir as necessidades do HMCASG.",97200.0,8100.0,97200.0,0.0,2026-09-11,2026-09-17,2027-09-17,,,2026-09-16T01:54:14,2026-09-16T01:54:14,False,12,0,False,False,1456630,,,,,24001.024223/202404,07954480000179-2-033758/2026,Secretaria do Planejamento e Gestão do Ceará,07954480000179,ESTADO DO CEARA,N,E,8,Serviços,1,Contrato (termo inicial),Ceará,CE,Fortaleza,241291,HOSPITAL DR CARLOS ALBERTO STUDART GOMES - MESSEJANA,2304400
07954480000179-1-021010/2026,,,2026,33759,2026-09-16T01:54:31,PJ,41322314000198,F & L COMERCIO & SERVICOS LTDA,,,,COTAÇÃO ELETRÔNICA 12/2026 - ALIMENTOS - EEM JOSEFA BRAGA BARROSO - MIRAIMA - CREDE 2 -,52879.0,52879.0,52879.0,0.0,2026-09-01,2026-09-17,2027-09-17,,,2026-09-16T01:54:20,2026-09-16T01:54:31,False,1,0,False,False,1456112,,,,,22001.123949/202657,07954480000179-2-033759/2026,Secretaria do Planejamento e Gestão do Ceará,07954480000179,ESTADO DO CEARA,N,E,2,Compras,1,Contrato (termo inicial),Ceará,CE,Miraíma,228243,EEFM JOSEFA BRAGA BARROSO,2308377
07954480000179-1-021776/2026,,,2026,33760,2026-09-16T01:54:46,PJ,59308009000107,ACM COMERCIAL E SERVICOS LTDA,,,,Gêneros de Alimentação (7) - EEMTI WALDEMAR FALCÃO - (SEFOR 1),46720.0,46720.0,46720.0,0.0,2026-09-02,2026-09-16,2027-05-14,,,2026-09-16T01:54:35,2026-09-16T01:54:46,False,1,0,False,False,1455567,,,,,22001.139724/202612,07954480000179-2-033760/2026,Secretaria do Planejamento e Gestão do Ceará,07954480000179,ESTADO DO CEARA,N,E,2,Compras,1,Contrato (termo inicial),Ceará,CE,Fortaleza,228024,EEFM WALDEMAR FALCÃO,2304400
07954480000179-1-021265/2026,,,2026,33761,2026-09-16T01:55:03,PJ,07121465000140,I M PEREIRA,,,,"O objeto do presente instrumento é a execução de serviços de inspeção, manutenção e recarga de extintores de incêndio, pertencentes à Secretaria de Segurança Pública e Defesa Social (SSPDS), nas condições estabelecidas neste contrato e no Termo de Referência do edital e na proposta do CONTRATADO.",27018.5,27018.5,27018.5,0.0,2026-09-10,2026-09-10,2027-09-10,,,2026-09-16T01:54:52,2026-09-16T01:55:03,False,1,0,False,False,1456019,,,,,10001.011151/202684,07954480000179-2-033761/2026,Secretaria do Planejamento e Gestão do Ceará,07954480000179,ESTADO DO CEARA,N,E,8,Serviços,1,Contrato (termo inicial),Ceará,CE,Fortaleza,100001,SECRETARIA DA SEGURANCA PUBLICA E DEFESA SOCIAL,2304400
07954480000179-1-011462/2026,,,2026,33762,2026-09-16T01:55:08,PJ,68621198000164,CONSORCIO ACOPIARA,,,,"Pavimentação da CE-166, no Trecho Entr. CE-371 - Ebron no Município de Acopiara - CE.",21458817.56,2384313.0622,21458817.56,0.0,2026-09-15,2026-09-15,2028-06-15,,,2026-09-16T01:55:08,2026-09-16T01:55:08,False,9,0,False,False,1456989,,,,,43022.003114/202611,07954480000179-2-033762/2026,Secretaria do Planejamento e Gestão do Ceará,07954480000179,ESTADO DO CEARA,N,E,7,Obras,1,Contrato (termo inicial),Ceará,CE,Fortaleza,081401,SUPERINTENDÊNCIA DE OBRAS PÚBLICAS ,2304400
07954480000179-1-005169/2025,,,2026,33763,2026-09-16T01:55:25,PJ,00698775000182,ROBERTO DIAS NETO-ME,,,,AMPLIAÇÃO DO BLOCO DE SALAS DE AULA PARA IMPLANTAÇÃO DE UMA SALA MULTIFUNCIONAL DA EEMTI PEDRO JORGE MOTA - REDE 16,94088.0,94088.0,94088.0,0.0,2026-09-03,2026-09-17,2027-09-12,,,2026-09-16T01:55:13,2026-09-16T01:55:25,False,1,0,False,False,1455579,,,,,22001.061260/202541,07954480000179-2-033763/2026,Secretaria do Planejamento e Gestão do Ceará,07954480000179,ESTADO DO CEARA,N,E,7,Obras,1,Contrato (termo inicial),Ceará,CE,Catarina,228552,EEM PEDRO JORGE MOTA,2303600
07954480000179-1-021474/2026,,,2026,33764,2026-09-16T01:56:07,PJ,66725041000153,66.725.041 MARCELO PEQUENO BARBOSA,,,,MANUTENÇÃO E CONSERVAÇÃO DE BENS IMOVEIS III - EEFM PATRONATO SAGRADA FAMÍLIA -  (SEFOR 1),3000.0,3000.0,3000.0,0.0,2026-09-08,2026-09-17,2027-03-16,,,2026-09-16T01:55:56,2026-09-16T01:56:07,False,1,0,False,False,1456115,,,,,22001.138038/202624,07954480000179-2-033764/2026,Secretaria do Planejamento e Gestão do Ceará,07954480000179,ESTADO DO CEARA,N,E,8,Serviços,1,Contrato (termo inicial),Ceará,CE,Fortaleza,228049,EEFM PATRONATO SAGRADA FAMÍLIA,2304400
07954480000179-1-022381/2026,,,2026,33765,2026-09-16T01:56:27,PJ,21834603000169,M. GLEICIANE DE SOUSA - ME,,,,SERVIÇOS DE TERCEIROS ¿ SERVIÇOS DE MANUTENÇÃO PREDIAL (MANUTENÇÃO DA CERCA ELÉTRICA) - COORDENADORIA REGIONAL DE DESENVOLVIMENTO DA EDUCAÇÃO (CREDE 3 - ACARAÚ),9590.0,9590.0,9590.0,0.0,2026-09-08,2026-09-17,2027-09-17,,,2026-09-16T01:56:11,2026-09-16T01:56:27,False,1,0,False,False,1455936,,,,,22001.140457/202626,07954480000179-2-033765/2026,Secretaria do Planejamento e Gestão do Ceará,07954480000179,ESTADO DO CEARA,N,E,8,Serviços,1,Contrato (termo inicial),Ceará,CE,Acaraú,227003,COORDENADORIA REGIONAL DE DESENVOLVIMENTO DA EDUCACAO - CREDE 03 -  ACARAU,2300200
07954480000179-1-021294/2026,,,2026,33766,2026-09-16T01:56:40,PJ,32762666000173,32.762.666 MARIA THAYNARA ALVES RODRIGUES,,,,"AQUISIÇÃO DO SERVIÇO DE DECORAÇÃO E AMBIENTAÇÃO PARA O MOMENTO DO JANTAR, PARA ATENDER AS DEMANDAS DA ESCOLA. EEMTI CAPELÃO FREI ORLANDO - CANINDE - CREDE 7",1192.0,1192.0,1192.0,0.0,2026-09-03,2026-09-17,2027-09-17,,,2026-09-16T01:56:28,2026-09-16T01:56:40,False,1,0,False,False,1455511,,,,,22001.136559/202647,07954480000179-2-033766/2026,Secretaria do Planejamento e Gestão do Ceará,07954480000179,ESTADO DO CEARA,N,E,8,Serviços,1,Contrato (termo inicial),Ceará,CE,Canindé,228387,EEMTI CAPELAO FREI ORLANDO,2302800
07954480000179-1-014211/2026,,,2026,33767,2026-09-16T01:56:45,PJ,68425596000105,CONSORCIO PIO / R&S PAVIMENTACAO CANINDE,,,,"Pavimentação do Acesso ao Campus UECE de Canindé no trecho Entr. CE-257 ao Campus da UECE, município de Canindé - CE (0,50 km).",2248939.82,562234.955,2248939.82,0.0,2026-09-10,2026-09-10,2027-06-10,,,2026-09-16T01:56:45,2026-09-16T01:56:45,False,4,0,False,False,1456153,,,,,43022.003586/202666,07954480000179-2-033767/2026,Secretaria do Planejamento e Gestão do Ceará,07954480000179,ESTADO DO CEARA,N,E,7,Obras,1,Contrato (termo inicial),Ceará,CE,Fortaleza,081401,SUPERINTENDÊNCIA DE OBRAS PÚBLICAS ,2304400
07954480000179-1-021925/2026,,,2026,33768,2026-09-16T01:56:55,PJ,09149100000159,CHRISTIANE VIEIRA RODRIGUES LEAL EIRELI - ME,,,,AQUISIÇÃO - SERVIÇOS DE TERCEIROS - FESTIVIDADES E HOMENAGENS - EEFM SÃO FRANCISCO DE ASSIS - CANINDEZINHO - (SEFOR 3),3840.0,3840.0,3840.0,0.0,2026-09-09,2026-09-17,2027-09-17,,,2026-09-16T01:56:50,2026-09-16T01:56:55,False,1,0,False,False,1456087,,,,,22001.139330/202664,07954480000179-2-033768/2026,Secretaria do Planejamento e Gestão do Ceará,07954480000179,ESTADO DO CEARA,N,E,8,Serviços,1,Contrato (termo inicial),Ceará,CE,Fortaleza,228143,EEF SÃO FRANCISCO DE ASSIS,2304400
07954480000179-1-024633/2024,07954480000179-1-024633/2024-000001,,2026,33769,2026-09-16T01:57:33,PJ,20767014000142,MARCELO R DOS SANTOS - ME,,,,"Aquisição de 3.000 conjuntos de Equipamentos de Proteção Individual (joelheira e cotoveleira) destinados ao efetivo do CPRAIO, POG e BPRE. MAPP 160",661200.0,661200.0,661200.0,0.0,2026-09-10,2026-09-17,2027-09-17,,,2026-09-16T01:57:33,2026-09-16T01:57:33,False,1,0,False,False,1454651,,,,,10061.018947/202653,07954480000179-2-033769/2026,Secretaria do Planejamento e Gestão do Ceará,07954480000179,ESTADO DO CEARA,N,E,2,Compras,1,Contrato (termo inicial),Ceará,CE,Fortaleza,101031,POLICIA MILITAR DO CEARA,2304400
07954480000179-1-019198/2026,,,2026,33770,2026-09-16T01:57:43,PJ,41322314000198,F & L COMERCIO & SERVICOS LTDA,,,,SERVIÇOS DE TERCEIROS DE FESTIVIDADES E HOMENAGENS- SOU + TERCEIRÃO DA EEMTI PROFESSORA MARIA AFONSINA DINIZ MACEDO - CREDE 17,3670.0,3670.0,3670.0,0.0,2026-09-08,2026-09-17,2027-09-17,,,2026-09-16T01:57:38,2026-09-16T01:57:43,False,1,0,False,False,1455621,,,,,22001.112825/202646,07954480000179-2-033770/2026,Secretaria do Planejamento e Gestão do Ceará,07954480000179,ESTADO DO CEARA,N,E,8,Serviços,1,Contrato (termo inicial),Ceará,CE,Várzea Alegre,228571,EEM PROFESSORA MARIA AFONSINA DINIZ MACÊDO,2314003
07954480000179-1-012589/2026,,,2026,33771,2026-09-16T01:57:57,PJ,64752266000173,SOMA CONSTRUCOES E EMPREENDIMENTOS LTDA,,,,"ADAPTAÇÃO E MODERNIZAÇÃO PARA CLIMATIZAÇÃO DAS SALAS  9, 10, 11, 12. EEMTI MONSENHOR ANTÔNIO FEITOSA - MISSAO VELHA - CREDE 20",92687.29,92687.29,92687.29,0.0,2026-09-09,2026-09-09,2027-09-03,,,2026-09-16T01:57:47,2026-09-16T01:57:57,False,1,0,False,False,1456072,,,,,22001.034627/202634,07954480000179-2-033771/2026,Secretaria do Planejamento e Gestão do Ceará,07954480000179,ESTADO DO CEARA,N,E,7,Obras,1,Contrato (termo inicial),Ceará,CE,Missão Velha,228641,EEM MONSENHOR ANTÔNIO FEITOSA,2308401
07954480000179-1-021097/2026,,,2026,33772,2026-09-16T01:58:13,PJ,49762368000186,49.762.368 LUIZ LUCENA DE OLIVEIRA,,,,MANUTENÇÃO E CONSERVAÇÃO DE BENS IMÓVEIS - COORDENADORIA REGIONAL DE DESENVOLVIMENTO DA EDUCAÇÃO (CREDE 15 - TAUÁ),25881.0,25881.0,25881.0,0.0,2026-09-03,2026-09-17,2027-09-17,,,2026-09-16T01:58:02,2026-09-16T01:58:13,False,1,0,False,False,1455823,,,,,22001.060040/202681,07954480000179-2-033772/2026,Secretaria do Planejamento e Gestão do Ceará,07954480000179,ESTADO DO CEARA,N,E,8,Serviços,1,Contrato (termo inicial),Ceará,CE,Tauá,227015,COORDENADORIA REGIONAL DE DESENVOLVIMENTO DA EDUCACAO - CREDE 15 - TAUA,2313302
07954480000179-1-020725/2026,,,2026,33773,2026-09-16T01:58:43,PJ,57242139000169,AM SOLUCOES ENGENHARIA LTDA,,,,AQUISIÇÃO - MATERIAL DE CONSUMO - GÁS ENGARRAFADO- RECARGA DE EXTINTOR - EEMPC FRANCISCA PINTO DOS SANTOS - OCARA - CREDE 8,885.6,885.6,885.6,0.0,2026-09-02,2026-09-17,2027-09-12,,,2026-09-16T01:58:37,2026-09-16T01:58:43,False,1,0,False,False,1455381,,,,,22001.103849/202612,07954480000179-2-033773/2026,Secretaria do Planejamento e Gestão do Ceará,07954480000179,ESTADO DO CEARA,N,E,2,Compras,1,Contrato (termo inicial),Ceará,CE,Ocara,228784,EEM FRANCISCA PINTO DOS SANTOS,2309458
07954480000179-1-020684/2026,,,2026,33774,2026-09-16T01:59:01,PJ,11372526000119,FC ALVES DA SILVA EMBALAGENS - ME,,,,Contratação de Repasse para Manutenção de Escolas para EEMTI Professor Antônio Martins Filho - MARACANAU - CREDE 1,26500.0,26500.0,26500.0,0.0,2026-09-03,2026-09-03,2027-09-02,,,2026-09-16T01:58:51,2026-09-16T01:59:01,False,1,0,False,False,1455584,,,,,22001.132476/202689,07954480000179-2-033774/2026,Secretaria do Planejamento e Gestão do Ceará,07954480000179,ESTADO DO CEARA,N,E,8,Serviços,1,Contrato (termo inicial),Ceará,CE,Maracanaú,228185,EEM PROFESSOR ANTÔNIO MARTINS FILHO,2307650
07954480000179-1-020421/2026,,,2026,33775,2026-09-16T01:59:13,PJ,35972114000188,HELTON JHON OLIVEIRA ANJOS SILVA,,,,SERVIÇOS GRÁFICOS E EDITORIAIS - EEM JÚLIA ALENQUER FONTENELE - PINDORETAMA - CREDE 9,4414.1,4414.1,4414.1,0.0,2026-09-02,2026-09-17,2027-09-17,,,2026-09-16T01:59:06,2026-09-16T01:59:13,False,1,0,False,False,1455353,,,,,22001.109104/202659,07954480000179-2-033775/2026,Secretaria do Planejamento e Gestão do Ceará,07954480000179,ESTADO DO CEARA,N,E,8,Serviços,1,Contrato (termo inicial),Ceará,CE,Pindoretama,228421,EEM JÚLIA ALENQUER FONTENELE,2310852
07954480000179-1-021127/2026,,,2026,33776,2026-09-16T02:00:12,PJ,51248814000180,CLEBER DA SILVA MOURAO LTDA,,,,Serviços de Festividades e Homenagens - ESCOLA INDÍGENA DE MONSENHOR TABOSA - MONSENHOR TABOSA - CREDE 13,4997.0,4997.0,4997.0,0.0,2026-09-02,2026-09-17,2027-02-14,,,2026-09-16T02:00:07,2026-09-16T02:00:12,False,1,0,False,False,1455003,,,,,22001.130357/202691,07954480000179-2-033776/2026,Secretaria do Planejamento e Gestão do Ceará,07954480000179,ESTADO DO CEARA,N,E,8,Serviços,1,Contrato (termo inicial),Ceará,CE,Monsenhor Tabosa,228513,ESCOLA INDÍGENA DE MONSENHOR TABOSA,2308609
07954480000179-1-022320/2026,,,2026,33777,2026-09-16T02:00:56,PJ,45494394000110,LUCIANA SALES DA SILVA 04797626941,,,,FESTIVIDADES E HOMENAGENS - EEMTI DE MINEIROLÂNDIA - PEDRA BRANCA - CREDE 14,2003.4,2003.4,2003.4,0.0,2026-09-09,2026-09-17,2027-09-17,,,2026-09-16T02:00:52,2026-09-16T02:00:56,False,1,0,False,False,1456014,,,,,22001.141753/202644,07954480000179-2-033777/2026,Secretaria do Planejamento e Gestão do Ceará,07954480000179,ESTADO DO CEARA,N,E,8,Serviços,1,Contrato (termo inicial),Ceará,CE,Fortaleza,228523,EEM DE MINEIROLÂNDIA,2304400
07954480000179-1-022402/2026,,,2026,33778,2026-09-16T02:01:01,PJ,21834603000169,M. GLEICIANE DE SOUSA - ME,,,,SERVIÇOS DE TERCEIROS ¿ SERVIÇOS DE MANUTENÇÃO DE MÁQUINAS E EQUIPAMENTOS (MANUTENÇÃO DE CIRCUITO DE VIDEOVIGILÂNCIA) - COORDENADORIA REGIONAL DE DESENVOLVIMENTO DA EDUCAÇÃO (CREDE 3 - ACARAÚ),8598.0,8598.0,8598.0,0.0,2026-09-08,2026-09-17,2027-09-17,,,2026-09-16T02:00:57,2026-09-16T02:01:01,False,1,0,False,False,1455941,,,,,22001.140079/202681,07954480000179-2-033778/2026,Secretaria do Planejamento e Gestão do Ceará,07954480000179,ESTADO DO CEARA,N,E,8,Serviços,1,Contrato (termo inicial),Ceará,CE,Acaraú,227003,COORDENADORIA REGIONAL DE DESENVOLVIMENTO DA EDUCACAO - CREDE 03 -  ACARAU,2300200
07954480000179-1-026371/2025,,,2026,33779,2026-09-16T02:01:04,PJ,04238297000189,3CORP TECHNOLOGY INFRAESTRUTURA DE TELECOM LTDA.,,,,"AQUISIÇÃO DE SERVIÇO DE TELEFONIA BASEADA EM TECNOLOGIA VOIP, POR MEIO DE UMA SOLUÇÃO CENTRALIZADA DE VOZ SOBRE IP COM ESTRUTURA DE COMUNICAÇÃO UNIFICADAS PARA ATENDER AS NECESSIDADES DA FUNECE.",87996.0,7333.0,87996.0,0.0,2026-09-11,2026-09-11,2027-09-11,,,2026-09-16T02:01:03,2026-09-16T02:01:04,False,12,0,False,False,1456591,,,,,31032.009974/202652,07954480000179-2-033779/2026,Secretaria do Planejamento e Gestão do Ceará,07954480000179,ESTADO DO CEARA,N,E,8,Serviços,1,Contrato (termo inicial),Ceará,CE,Fortaleza,310101,FUNDACAO UNIVERSIDADE ESTADUAL DO CEARA,2304400
07954480000179-1-022022/2026,,,2026,33780,2026-09-16T02:01:13,PJ,24317997000176,24.317.997 NAIME CAVALCANTE AUR,,,,Aquisição de serviço de terceiros (festividades e homenagens) em favor da E.I Aldeia Marruá. MONSENHOR TABOSA - CREDE 13,1799.0,1799.0,1799.0,0.0,2026-09-09,2026-09-17,2027-04-05,,,2026-09-16T02:01:09,2026-09-16T02:01:13,False,1,0,False,False,1456107,,,,,22001.097939/202659,07954480000179-2-033780/2026,Secretaria do Planejamento e Gestão do Ceará,07954480000179,ESTADO DO CEARA,N,E,8,Serviços,1,Contrato (termo inicial),Ceará,CE,Monsenhor Tabosa,229315,ESCOLA INDÍGENA DA ALDEIA MERRUÁ,2308609
07954480000179-1-021965/2026,,,2026,33781,2026-09-16T02:01:27,PF,22355855315,JOSEFA TORRES PEREIRA,,,,"Locação de imóvel para SEDE da ADAGRI no Município de Icó/CE, destinar-se-á servir de ponto de Núcleo Local na execução das atividades de Defesa Agropecuária. Inexigibilidade nos termos do Art.74",18000.0,1500.0,18000.0,0.0,2026-09-09,2026-09-09,2027-09-09,,,2026-09-16T02:01:17,2026-09-16T02:01:27,False,12,0,False,False,1456850,,,,,56022.002229/202622,07954480000179-2-033781/2026,Secretaria do Planejamento e Gestão do Ceará,07954480000179,ESTADO DO CEARA,N,E,5,Locação Imóveis,1,Contrato (termo inicial),Ceará,CE,Fortaleza,211101,AGENCIA DE DEFESA AGROPECUARIA DO ESTADO DO CEARA,2304400
07954480000179-1-019550/2026,,,2026,33782,2026-09-16T02:02:09,PJ,50686946000121,E & M HEALTH HOME CARE LTDA,,,,"Serviços médicos para tratamento home care com materiais, equipamentos e profissionais, conforme relatório médico e termo de referência.
Atender decisão proferida nos autos do processo judicial n° 3015708-31.2026.8.06.6001, que concedeu o pedido ao autor, Sr. Artur Gonçalves Pinheiro.",199206.0,199206.0,199206.0,0.0,2026-08-28,2026-08-28,2027-08-28,,,2026-09-16T02:01:56,2026-09-16T02:02:09,False,1,0,False,False,1454222,,,,,46042.018276/202604,07954480000179-2-033782/2026,Secretaria do Planejamento e Gestão do Ceará,07954480000179,ESTADO DO CEARA,N,E,10,Serviços de Saúde,1,Contrato (termo inicial),Ceará,CE,Fortaleza,460101,INSTITUTO DE SAUDE DOS SERVIDORES DO ESTADO DO CEARA,2304400
07954480000179-1-021305/2026,,,2026,33783,2026-09-16T02:02:24,PJ,48199754000149,SOUZA AMARAL ENGENHARIA LTDA,,,,Manutenção e conservação de Maquinas e Equipamentos (Manutenção de Fogão e Bebedouros) - LICEU DE CAUCAIA - CAUCAIA - CREDE 1,2497.0,2497.0,2497.0,0.0,2026-09-08,2026-09-17,2027-09-17,,,2026-09-16T02:02:13,2026-09-16T02:02:24,False,1,0,False,False,1455833,,,,,22001.136776/202637,07954480000179-2-033783/2026,Secretaria do Planejamento e Gestão do Ceará,07954480000179,ESTADO DO CEARA,N,E,8,Serviços,1,Contrato (termo inicial),Ceará,CE,Caucaia,228228,LICEU DE CAUCAIA,2303709
07954480000179-1-019308/2026,,,2026,33784,2026-09-16T02:02:25,PJ,32163711000173,MR COMERCIO DE ARTIGO DE PAPELARIA LTDA,,,,"Serviços de entregas rápidas, com 01 (um) veículo de transporte motorizado/motoboy, visando atender a demanda de serviços externos de entrega, coleta de documentos e pequenas encomendas na cidade de Fortaleza e Região Metropolitana, disponível por até 4 (quatro) horas diárias, de segunda a sexta-feira, pelo período de 12 (doze) meses",35928.0,2994.0,35928.0,0.0,2026-09-04,2026-09-04,2027-09-04,,,2026-09-16T02:02:25,2026-09-16T02:02:25,False,12,0,False,False,1455703,,,,,31001.000202/202612,07954480000179-2-033784/2026,Secretaria do Planejamento e Gestão do Ceará,07954480000179,ESTADO DO CEARA,N,E,8,Serviços,1,Contrato (termo inicial),Ceará,CE,Fortaleza,310001,"SECRETARIA DA CIENCIA, TECNOLOGIA E EDUCACAO SUPERIOR",2304400
07954480000179-1-015988/2026,,,2026,33785,2026-09-16T02:02:43,PJ,53279810000195,53.279.810 JULIANA VITOR PEREIRA,,,,manutenção de aparelhos de ar - condicionados em favor da EEMTI André Cartaxo - MAURITI - CREDE 20 -,13401.0,13401.0,13401.0,0.0,2026-09-04,2026-09-04,2027-09-03,,,2026-09-16T02:02:29,2026-09-16T02:02:43,False,1,0,False,False,1455500,,,,,22001.106439/202615,07954480000179-2-033785/2026,Secretaria do Planejamento e Gestão do Ceará,07954480000179,ESTADO DO CEARA,N,E,8,Serviços,1,Contrato (termo inicial),Ceará,CE,Mauriti,228632,EEM ANDRÉ CARTAXO,2308104
07954480000179-1-015287/2026,,,2026,33786,2026-09-16T02:03:00,PJ,53279810000195,53.279.810 JULIANA VITOR PEREIRA,,,,MANUTENÇÃO E CONSERVAÇÃO DE MÁQUINAS E EQUIPAMENTOS - EEM JÚLIA ALENQUER FONTENELE - PINDORETAMA - CREDE 9 -,5630.0,5630.0,5630.0,0.0,2026-08-31,2026-08-31,2027-08-30,,,2026-09-16T02:02:48,2026-09-16T02:03:00,False,1,0,False,False,1454989,,,,,22001.101720/202661,07954480000179-2-033786/2026,Secretaria do Planejamento e Gestão do Ceará,07954480000179,ESTADO DO CEARA,N,E,8,Serviços,1,Contrato (termo inicial),Ceará,CE,Pindoretama,228421,EEM JÚLIA ALENQUER FONTENELE,2310852
07954480000179-1-021002/2026,,,2026,33787,2026-09-16T02:03:18,PJ,21975667000180,ALFACON EMPREENDIMENTOS LTDA,,,,Aquisição de Repasse para manutenção de escolas - Serviços de terceiros para manutenção e conservação de bens imóveis. EEMTI MARIA MENEZES CRISTINO - COREAU - CREDE 6 -,6800.0,6800.0,6800.0,0.0,2026-09-04,2026-09-17,2027-09-17,,,2026-09-16T02:03:05,2026-09-16T02:03:18,False,1,0,False,False,1456056,,,,,22001.135395/202631,07954480000179-2-033787/2026,Secretaria do Planejamento e Gestão do Ceará,07954480000179,ESTADO DO CEARA,N,E,8,Serviços,1,Contrato (termo inicial),Ceará,CE,Coreaú,228380,EEM MARIA MENEZES CRISTINO,2304004
07954480000179-1-014053/2026,,,2026,33788,2026-09-16T02:03:35,PJ,41157232000135,MASTER PRODUCOES E EVENTOS E LOCACOES LTDA,,,,FESTIVIDADES E HOMENAGENS - EEEP JOAQUIM MOREIRA DE SOUSA - (SEFOR 3),12096.0,12096.0,12096.0,0.0,2026-09-03,2026-09-17,2027-09-17,,,2026-09-16T02:03:24,2026-09-16T02:03:35,False,1,0,False,False,1455753,,,,,22001.096028/202612,07954480000179-2-033788/2026,Secretaria do Planejamento e Gestão do Ceará,07954480000179,ESTADO DO CEARA,N,E,8,Serviços,1,Contrato (termo inicial),Ceará,CE,Fortaleza,228125,EEEP JOAQUIM MOREIRA DE SOUSA,2304400
07954480000179-1-019569/2026,,,2026,33789,2026-09-16T02:03:41,PJ,15844260000110,CONSTRUTORA ALICERCE LTDA,,,,"PAVIMENTAÇÃO DA RODOVIA DE ACESSO, NO TRECHO: ENTR. BR-122 - DISTRITO DE SÃO JOÃO DOS QUEIROZ, NOS MUNICÍPIOS DE QUIXADÁ E IBARETAMA - CE.",5914206.31,1182841.262,5914206.31,0.0,2026-09-14,2026-09-14,2027-09-14,,,2026-09-16T02:03:41,2026-09-16T02:03:41,False,5,0,False,False,1456836,,,,,43022.007110/202602,07954480000179-2-033789/2026,Secretaria do Planejamento e Gestão do Ceará,07954480000179,ESTADO DO CEARA,N,E,7,Obras,1,Contrato (termo inicial),Ceará,CE,Fortaleza,081401,SUPERINTENDÊNCIA DE OBRAS PÚBLICAS ,2304400
07954480000179-1-023138/2025,,,2026,33790,2026-09-16T02:04:21,PJ,51659136000149,SOUL DISTRIBUIDORA DE PRODUTOS E EQUIPAMENTOS INDUSTRIAIS LTDA,,,,"Aquisição de material permanente: ESCADA EXTENSÍVEL, ESCADA EXTENSÍVEL CAVALETE, CARRO DE MÃO E MÁQUINA DE CORTAR GRAMA para os Colégios da PMCE - SOUL DIST DE PROD E EQUIP IND LTDA",8207.67,683.9725,8207.67,0.0,2026-09-10,2026-09-17,2027-09-17,,,2026-09-16T02:04:20,2026-09-16T02:04:21,False,12,0,False,False,1452373,,,,,10061.041779/202519,07954480000179-2-033790/2026,Secretaria do Planejamento e Gestão do Ceará,07954480000179,ESTADO DO CEARA,N,E,2,Compras,1,Contrato (termo inicial),Ceará,CE,Fortaleza,100610,FSPDS COLEGIO POLICIA MILITAR,2304400
07954480000179-1-023138/2025,,,2026,33791,2026-09-16T02:04:42,PJ,39436640000184,WDCL COMÉRCIO E SERVIÇO,,,,Aquisição de Material Permanente:  TV's 50 POLEGADAS para os Colégios da PMCE - WDCL COMÉRCIO E SERVIÇOS LTDA,16800.0,1400.0,16800.0,0.0,2026-09-10,2026-09-17,2027-09-17,,,2026-09-16T02:04:41,2026-09-16T02:04:42,False,12,0,False,False,1456461,,,,,10061.041779/202519,07954480000179-2-033791/2026,Secretaria do Planejamento e Gestão do Ceará,07954480000179,ESTADO DO CEARA,N,E,2,Compras,1,Contrato (termo inicial),Ceará,CE,Fortaleza,100610,FSPDS COLEGIO POLICIA MILITAR,2304400
07954480000179-1-014952/2026,,,2026,33792,2026-09-16T02:04:57,PJ,64192843000110,MRG CONSTRUCOES E LOCACOES LTDA,,,,MANUTENÇÃO PREDIAL - EEEP JOAQUIM MOREIRA DE SOUSA -  (SEFOR 3),18340.0,18340.0,18340.0,0.0,2026-09-08,2026-09-17,2027-09-17,,,2026-09-16T02:04:47,2026-09-16T02:04:57,False,1,0,False,False,1455881,,,,,22001.094215/202653,07954480000179-2-033792/2026,Secretaria do Planejamento e Gestão do Ceará,07954480000179,ESTADO DO CEARA,N,E,8,Serviços,1,Contrato (termo inicial),Ceará,CE,Fortaleza,228125,EEEP JOAQUIM MOREIRA DE SOUSA,2304400
07954480000179-1-015307/2026,,,2026,33793,2026-09-16T02:05:12,PJ,11761562000174,ANTONIA VEBEANE DE ALMEIDA CONTABILIDADE,,,,AQUISIÇÃO DE SERVIÇO DE TERCEIROS ¿ TÉCNICOS PROFISSIONAIS (ASSESSORIA CONTÁBIL). ESCOLA INDÍGENA MANOEL FRANCISCO DOS SANTOS - ARATUBA - CREDE 8 -,119.99,119.99,119.99,0.0,2026-09-08,2026-09-17,2027-09-17,,,2026-09-16T02:05:02,2026-09-16T02:05:12,False,1,0,False,False,1456063,,,,,22001.104384/202617,07954480000179-2-033793/2026,Secretaria do Planejamento e Gestão do Ceará,07954480000179,ESTADO DO CEARA,N,E,8,Serviços,1,Contrato (termo inicial),Ceará,CE,Aratuba,228686,ESCOLA INDÍGENA MANOEL FRANCISCO DOS SANTOS,2301406
07954480000179-1-018399/2026,,,2026,33794,2026-09-16T02:05:24,PJ,43178739000109,ISICOP SERVICOS E COMERCIO LTDA,,,,"CONSTRUÇÃO DE TANQUE SÉPTICO, FILTRO ANAERÓBICO E SUMIDOURO NA EEMTI JOAQUIM BASTOS GONÇALVES - CREDE 5",45429.27,45429.27,45429.27,0.0,2026-08-31,2026-08-31,2027-06-26,,,2026-09-16T02:05:17,2026-09-16T02:05:24,False,1,0,False,False,1455515,,,,,22001.112629/202671,07954480000179-2-033794/2026,Secretaria do Planejamento e Gestão do Ceará,07954480000179,ESTADO DO CEARA,N,E,8,Serviços,1,Contrato (termo inicial),Ceará,CE,Carnaubal,228321,EEM JOAQUIM BASTOS GONÇALVES,2303402
07954480000179-1-021933/2026,,,2026,33795,2026-09-16T02:05:32,PJ,11372526000119,FC ALVES DA SILVA EMBALAGENS - ME,,,,MANUTENÇÃO E CONSERVAÇÃO DE BENS IMÓVEIS - EEEP MARIA JOSÉ MEDEIROS -  (SEFOR 2),8900.0,8900.0,8900.0,0.0,2026-09-09,2026-09-17,2027-09-17,,,2026-09-16T02:05:26,2026-09-16T02:05:32,False,1,0,False,False,1456074,,,,,22001.138694/202627,07954480000179-2-033795/2026,Secretaria do Planejamento e Gestão do Ceará,07954480000179,ESTADO DO CEARA,N,E,8,Serviços,1,Contrato (termo inicial),Ceará,CE,Fortaleza,228066,EEEP MARIA JOSÉ MEDEIROS,2304400
07954480000179-1-020775/2026,,,2026,33796,2026-09-16T02:05:45,PJ,65251949000100,MEGA GROUP COMERCIO E SERVICOS LTDA,,,,AQUISIÇÃO - SERVIÇOS DE TERCEIROS - MANUTENÇÃO E CONSERVAÇÃO DE BENS IMÓVEIS EM FAVOR DA EEMTI GOVERNADOR GONZAGA MOTA. CRATEUS - CREDE 13 -,41998.0,41998.0,41998.0,0.0,2026-09-09,2026-09-17,2027-09-17,,,2026-09-16T02:05:33,2026-09-16T02:05:45,False,1,0,False,False,1456080,,,,,22001.118343/202608,07954480000179-2-033796/2026,Secretaria do Planejamento e Gestão do Ceará,07954480000179,ESTADO DO CEARA,N,E,8,Serviços,1,Contrato (termo inicial),Ceará,CE,Crateús,228493,EEFM GOVERNADOR GONZAGA MOTA,2304103
07954480000179-1-015267/2026,,,2026,33797,2026-09-16T02:05:59,PJ,27120037000100,THADS SERVICOS LTDA,,,,"Aquisição de notebook, nas condições estabelecidas neste
contrato e no Termo de Referência do edital e na proposta do CONTRATADO.",35500.0,35500.0,35500.0,0.0,2026-09-04,2026-09-17,2027-09-17,,,2026-09-16T02:05:50,2026-09-16T02:05:59,False,1,0,False,False,1456368,,,,,22001.081830/202608,07954480000179-2-033797/2026,Secretaria do Planejamento e Gestão do Ceará,07954480000179,ESTADO DO CEARA,N,E,3,Informática (TIC),1,Contrato (termo inicial),Ceará,CE,Fortaleza,220001,SECRETARIA DA EDUCACAO,2304400
07954480000179-1-019886/2026,,,2026,33798,2026-09-16T02:06:04,PJ,46314581000137,GARTEN TECNICA E COMERCIO LTDA,,,,Aquisição de Estação de Trabalho e Monitor,64800.0,64800.0,64800.0,0.0,2026-09-10,2026-09-17,2027-09-17,,,2026-09-16T02:06:03,2026-09-16T02:06:04,False,1,0,False,False,1456291,,,,,10011.001440/202656,07954480000179-2-033798/2026,Secretaria do Planejamento e Gestão do Ceará,07954480000179,ESTADO DO CEARA,N,E,2,Compras,1,Contrato (termo inicial),Ceará,CE,Fortaleza,100614,FSPDS - PERICIA FORENSE,2304400
07592298000115-1-000049/2026,07592298000115-1-000049/2026-000003,,2026,332,2026-09-16T08:26:42,PJ,34165077000133,N B DA COSTA LTDA,,,,"AQUISIÇÃO DE GÊNEROS ALIMENTÍCIOS, HORTIFRUTIS E FRIOS, VISANDO ATENDER AS NECESSIDADES DA SECRETARIA DE SAÚDE DO MUNICÍPIO DE PARACURU/CE.",119102.5,119102.5,119102.5,119102.5,2026-09-11,2026-09-11,2027-09-11,,,2026-09-16T08:26:42,2026-09-16T08:26:42,False,1,0,False,False,202609110001,,,,,0002320251124000242,07592298000115-2-000332/2026,M2A tecnologia,07592298000115,MUNICIPIO DE PARACURU,N,M,2,Compras,1,Contrato (termo inicial),Ceará,CE,Paracuru,202505,FUNDO MUNICIPAL DE SAUDE,2310209
07592298000115-1-000049/2026,07592298000115-1-000049/2026-000003,,2026,333,2026-09-16T08:27:39,PJ,34165077000133,N B DA COSTA LTDA,,,,"AQUISIÇÃO DE GÊNEROS ALIMENTÍCIOS, HORTIFRUTIS E FRIOS, VISANDO ATENDER AS NECESSIDADES DA SECRETARIA DE GOVERNO DO MUNICÍPIO DE PARACURU/CE.",5642.55,5642.55,5642.55,5642.55,2026-09-14,2026-09-14,2027-09-14,,,2026-09-16T08:27:39,2026-09-16T08:27:39,False,1,0,False,False,202609140023,,,,,0002320251124000242,07592298000115-2-000333/2026,M2A tecnologia,07592298000115,MUNICIPIO DE PARACURU,N,M,2,Compras,1,Contrato (termo inicial),Ceará,CE,Paracuru,15,Secretaria de Governo,2310209
07592298000115-1-000049/2026,07592298000115-1-000049/2026-000003,,2026,334,2026-09-16T08:29:08,PJ,34165077000133,N B DA COSTA LTDA,,,,"AQUISIÇÃO DE GÊNEROS ALIMENTÍCIOS, HORTIFRUTIS E FRIOS, VISANDO ATENDER AS NECESSIDADES DA SECRETARIA DE FINANÇAS DO MUNICÍPIO DE PARACURU/CE.",3833.9,3833.9,3833.9,3833.9,2026-09-14,2026-09-14,2027-09-14,,,2026-09-16T08:29:08,2026-09-16T08:29:08,False,1,0,False,False,202609140025,,,,,0002320251124000242,07592298000115-2-000334/2026,M2A tecnologia,07592298000115,MUNICIPIO DE PARACURU,N,M,2,Compras,1,Contrato (termo inicial),Ceará,CE,Paracuru,44,SECRETARIA DE FINANCAS,2310209
07592298000115-1-000049/2026,07592298000115-1-000049/2026-000003,,2026,335,2026-09-16T08:30:07,PJ,34165077000133,N B DA COSTA LTDA,,,,"AQUISIÇÃO DE GÊNEROS ALIMENTÍCIOS, HORTIFRUTIS E FRIOS, VISANDO ATENDER AS NECESSIDADES DA SECRETARIA DE CONSERVAÇÃO E SERVIÇOS PÚBLICOS DO MUNICÍPIO DE PARACURU/CE.",7026.2,7026.2,7026.2,7026.2,2026-09-14,2026-09-14,2027-09-14,,,2026-09-16T08:30:07,2026-09-16T08:30:07,False,1,0,False,False,202609140026,,,,,0002320251124000242,07592298000115-2-000335/2026,M2A tecnologia,07592298000115,MUNICIPIO DE PARACURU,N,M,2,Compras,1,Contrato (termo inicial),Ceará,CE,Paracuru,16,Secretaria de Conservação e Serviços Públicos,2310209
07592298000115-1-000049/2026,07592298000115-1-000049/2026-000003,,2026,336,2026-09-16T08:31:13,PJ,34165077000133,N B DA COSTA LTDA,,,,"AQUISIÇÃO DE GÊNEROS ALIMENTÍCIOS, HORTIFRUTIS E FRIOS, VISANDO ATENDER AS NECESSIDADES DA SECRETARIA DE ASSISTÊNCIA SOCIAL DO MUNICÍPIO DE PARACURU/CE.",70635.5,70635.5,70635.5,70635.5,2026-09-14,2026-09-14,2027-09-14,,,2026-09-16T08:31:13,2026-09-16T08:31:13,False,1,0,False,False,202609140027,,,,,0002320251124000242,07592298000115-2-000336/2026,M2A tecnologia,07592298000115,MUNICIPIO DE PARACURU,N,M,2,Compras,1,Contrato (termo inicial),Ceará,CE,Paracuru,51,SECRETARIA DE ASSISTENCIA SOCIAL,2310209
06928790000156-1-000098/2025,06928790000156-1-000098/2025-000001,,2026,278,2026-09-16T08:34:00,PJ,34361175000146,M. A. DA SILVA DO VALE,,,,"AQUISIÇÃO DE ADESIVOS PARA INSTALAÇÃO NO ÂMBITO DESTE MP-CE, CONFORME ORDEM DE SERVIÇO 017/2026, ARP 051/2025",14636.0,14636.0,14636.0,,2026-09-15,2026-09-15,2026-12-31,,,2026-09-16T08:33:59,2026-09-16T08:34:00,False,1,0,False,False,2026NE002278,,,,,09.2026.00020256-8,06928790000156-2-000278/2026,Contratos.gov.br,06928790000156,MINISTERIO PUBLICO DO ESTADO DO CEARA,E,E,2,Compras,7,Empenho,Ceará,CE,Fortaleza,926484,PROCURADORIA GERAL DE JUSTIÇA NO CEARA,2304400
07592298000115-1-000049/2026,07592298000115-1-000049/2026-000003,,2026,337,2026-09-16T08:36:51,PJ,34165077000133,N B DA COSTA LTDA,,,,"AQUISIÇÃO DE GÊNEROS ALIMENTÍCIOS, HORTIFRUTIS E FRIOS, VISANDO ATENDER AS NECESSIDADES DA SECRETARIA DE INFRAESTRUTURA DO MUNICÍPIO DE PARACURU/CE.",3833.9,3833.9,3833.9,3833.9,2026-09-14,2026-09-14,2027-09-14,,,2026-09-16T08:36:51,2026-09-16T08:36:51,False,1,0,False,False,202609140028,,,,,0002320251124000242,07592298000115-2-000337/2026,M2A tecnologia,07592298000115,MUNICIPIO DE PARACURU,N,M,2,Compras,1,Contrato (termo inicial),Ceará,CE,Paracuru,52,SECRETARIA DE INFRAESTRUTURA,2310209
07592298000115-1-000049/2026,07592298000115-1-000049/2026-000003,,2026,338,2026-09-16T08:37:50,PJ,34165077000133,N B DA COSTA LTDA,,,,"AQUISIÇÃO DE GÊNEROS ALIMENTÍCIOS, HORTIFRUTIS E FRIOS, VISANDO ATENDER AS NECESSIDADES DA SECRETARIA DE TRABALHO E DESENVOLVIMENTO ECONÔMICO DO MUNICÍPIO DE PARACURU/CE.",5642.55,5642.55,5642.55,5642.55,2026-09-14,2026-09-14,2027-09-14,,,2026-09-16T08:37:50,2026-09-16T08:37:50,False,1,0,False,False,202609140029,,,,,0002320251124000242,07592298000115-2-000338/2026,M2A tecnologia,07592298000115,MUNICIPIO DE PARACURU,N,M,2,Compras,1,Contrato (termo inicial),Ceará,CE,Paracuru,53,SECRETARIA DO TRABALHO E DESENVOLVIMENTO ECONOMICO,2310209
07592298000115-1-000049/2026,07592298000115-1-000049/2026-000003,,2026,339,2026-09-16T08:38:52,PJ,34165077000133,N B DA COSTA LTDA,,,,"AQUISIÇÃO DE GÊNEROS ALIMENTÍCIOS, HORTIFRUTIS E FRIOS, VISANDO ATENDER AS NECESSIDADES DA SECRETARIA DE TURISMO E MEIO AMBIENTE DO MUNICÍPIO DE PARACURU/CE.",7026.2,7026.2,7026.2,7026.2,2026-09-14,2026-09-14,2027-09-14,,,2026-09-16T08:38:51,2026-09-16T08:38:52,False,1,0,False,False,202609140030,,,,,0002320251124000242,07592298000115-2-000339/2026,M2A tecnologia,07592298000115,MUNICIPIO DE PARACURU,N,M,2,Compras,1,Contrato (termo inicial),Ceará,CE,Paracuru,202554,"SECRETARIA DO TURISMO, E MEIO AMBIENTE",2310209
07592298000115-1-000049/2026,07592298000115-1-000049/2026-000003,,2026,340,2026-09-16T08:40:17,PJ,34165077000133,N B DA COSTA LTDA,,,,"AQUISIÇÃO DE GÊNEROS ALIMENTÍCIOS, HORTIFRUTIS E FRIOS, VISANDO ATENDER AS NECESSIDADES DA SECRETARIA DE AGROPECUÁRIA, PESCA E RECURSOS HÍDRICOS DO MUNICÍPIO DE PARACURU/CE.",3833.9,3833.9,3833.9,3833.9,2026-09-14,2026-09-14,2027-09-14,,,2026-09-16T08:40:16,2026-09-16T08:40:17,False,1,0,False,False,202609140031,,,,,0002320251124000242,07592298000115-2-000340/2026,M2A tecnologia,07592298000115,MUNICIPIO DE PARACURU,N,M,2,Compras,1,Contrato (termo inicial),Ceará,CE,Paracuru,202555,SECRETARIA DE AGROPECUÁRIA PESCA E RECURSOS HIDRI.,2310209
10744098000145-1-000064/2026,10744098000145-1-000064/2026-000001,,2026,675,2026-09-16T08:41:22,PJ,30038119000114,TRANSLALI LOCACOES E SERVICOS LTDA,,,,"CONTRATAÇÃO DE EMPRESA(S) ESPECIALIZADA(S) PARA A PRESTAÇÃO DE TRANSPORTE ESCOLAR, MEDIANTE LOCAÇÃO DE VEÍCULO DO TIPO ÔNIBUS CONVENCIONAL/URBANO, NAS CONDIÇÕES ESTABELECIDAS NO TERMO DE REFERÊNCIA",141480.0,141480.0,141480.0,,2026-09-15,2026-09-15,2027-09-15,,,2026-09-16T08:41:10,2026-09-16T08:41:22,False,1,0,False,False,00015,,,,False,23484.001790/2026-06,10744098000145-2-000675/2026,Contratos.gov.br,10744098000145,"INSTITUTO FEDERAL DE EDUCACAO, CIENCIA E TECNOLOGIA DO CEARA",E,F,8,Serviços,1,Contrato (termo inicial),Ceará,CE,Baturité,158951,INSTITUTO FED. DO CEARÁ/CAMPUS BATURITE,2302107
07592298000115-1-000049/2026,07592298000115-1-000049/2026-000003,,2026,341,2026-09-16T08:41:21,PJ,34165077000133,N B DA COSTA LTDA,,,,"AQUISIÇÃO DE GÊNEROS ALIMENTÍCIOS, HORTIFRUTIS E FRIOS, VISANDO ATENDER AS NECESSIDADES DA SECRETARIA DE ESPORTE DO MUNICÍPIO DE PARACURU/CE.",2550.7,2550.7,2550.7,2550.7,2026-09-14,2026-09-14,2027-09-14,,,2026-09-16T08:41:21,2026-09-16T08:41:21,False,1,0,False,False,202609140032,,,,,0002320251124000242,07592298000115-2-000341/2026,M2A tecnologia,07592298000115,MUNICIPIO DE PARACURU,N,M,2,Compras,1,Contrato (termo inicial),Ceará,CE,Paracuru,56,"SECRETARIA DA JUVENTUDE, ESPORTE E LAZER",2310209
05537196000171-1-000010/2024,,BRA,2024,1,2026-09-16T08:42:05,PJ,39398784000193,CONTRATAÇÃO DE PRESTAÇÃO DE SERVIÇO DE ASSESSORIA TÉCNICA SETOR RH PARA O SAAE-ICÓ,,,,CONTRATAÇÃO DE PRESTAÇÃO DE SERVIÇO DE ASSESSORIA TÉCNICA SETOR RH PARA ATENDER AS NECESSIDADES DO SERVIÇO AUTÔNOMO DE ÁGUA E ESGOTO - SAAE DO MUNICÍPIO DE ICÓ-CE,17100.0,1425.0,17100.0,0.0,2024-08-29,2024-08-29,2025-08-29,,,2026-09-16T08:42:05,2026-09-16T08:42:05,False,12,0,False,False,21.002/2024-DL,,,,,21.002/2024-DL,05537196000171-2-000001/2024,ASSESI BRASIL,05537196000171,SERVICO AUTONOMO DE AGUA E ESGOTO,E,M,8,Serviços,1,Contrato (termo inicial),Ceará,CE,Icó,08,Serviço Autônomo de Água e Esgoto,2305407
07592298000115-1-000049/2026,07592298000115-1-000049/2026-000003,,2026,342,2026-09-16T08:42:51,PJ,34165077000133,N B DA COSTA LTDA,,,,"AQUISIÇÃO DE GÊNEROS ALIMENTÍCIOS, HORTIFRUTIS E FRIOS, VISANDO ATENDER AS NECESSIDADES DA SECRETARIA DE SEGURANÇA PÚBLICA, CIDADANIA E TRÂNSITO DO MUNICÍPIO DE PARACURU/CE.",26011.0,26011.0,26011.0,26011.0,2026-09-14,2026-09-14,2027-09-14,,,2026-09-16T08:42:51,2026-09-16T08:42:51,False,1,0,False,False,202609140033,,,,,0002320251124000242,07592298000115-2-000342/2026,M2A tecnologia,07592298000115,MUNICIPIO DE PARACURU,N,M,2,Compras,1,Contrato (termo inicial),Ceará,CE,Paracuru,13,"Secretaria de Segurança, Cidadania e Trânsito",2310209
05537196000171-1-000010/2024,,BRA,2025,9,2026-09-16T08:43:30,PJ,39398784000193,CONTRATAÇÃO DE PRESTAÇÃO DE SERVIÇO DE ASSESSORIA TÉCNICA SETOR RH PARA O SAAE-ICÓ,,,,CONTRATAÇÃO DE PRESTAÇÃO DE SERVIÇO DE ASSESSORIA TÉCNICA SETOR RH PARA ATENDER AS NECESSIDADES DO SERVIÇO AUTÔNOMO DE ÁGUA E ESGOTO - SAAE DO MUNICÍPIO DE ICÓ-CE,17100.0,1425.0,17100.0,0.0,2025-08-28,2025-08-29,2026-08-29,,,2026-09-16T08:43:30,2026-09-16T08:43:30,False,12,0,False,False,21.002/2024-1°AD,,,,,21.002/2024-1°AD,05537196000171-2-000009/2025,ASSESI BRASIL,05537196000171,SERVICO AUTONOMO DE AGUA E ESGOTO,E,M,8,Serviços,8,Outros,Ceará,CE,Icó,08,Serviço Autônomo de Água e Esgoto,2305407
07592298000115-1-000049/2026,07592298000115-1-000049/2026-000003,,2026,343,2026-09-16T08:44:03,PJ,34165077000133,N B DA COSTA LTDA,,,,"AQUISIÇÃO DE GÊNEROS ALIMENTÍCIOS, HORTIFRUTIS E FRIOS, VISANDO ATENDER AS NECESSIDADES DA SECRETARIA DE JUVENTUDE E TECNOLOGIA  DO MUNICÍPIO DE PARACURU/CE.",5642.55,5642.55,5642.55,5642.55,2026-09-14,2026-09-14,2027-09-14,,,2026-09-16T08:44:02,2026-09-16T08:44:03,False,1,0,False,False,202609140034,,,,,0002320251124000242,07592298000115-2-000343/2026,M2A tecnologia,07592298000115,MUNICIPIO DE PARACURU,N,M,2,Compras,1,Contrato (termo inicial),Ceará,CE,Paracuru,17,Secretaria de Juventude e Tecnologia,2310209
07592298000115-1-000049/2026,07592298000115-1-000049/2026-000003,,2026,344,2026-09-16T08:44:42,PJ,34165077000133,N B DA COSTA LTDA,,,,"AQUISIÇÃO DE GÊNEROS ALIMENTÍCIOS, HORTIFRUTIS E FRIOS, VISANDO ATENDER AS NECESSIDADES DA SECRETARIA DE ARTICULAÇÃO SOCIAL DO MUNICÍPIO DE PARACURU/CE.",3833.9,3833.9,3833.9,3833.9,2026-09-14,2026-09-14,2027-09-14,,,2026-09-16T08:44:42,2026-09-16T08:44:42,False,1,0,False,False,202609140035,,,,,0002320251124000242,07592298000115-2-000344/2026,M2A tecnologia,07592298000115,MUNICIPIO DE PARACURU,N,M,2,Compras,1,Contrato (termo inicial),Ceará,CE,Paracuru,202459,SECRETARIA DE ARTICULACAO SOCIAL,2310209
05537196000171-1-000010/2024,,BRA,2026,13,2026-09-16T08:45:04,PJ,39398784000193,CONTRATAÇÃO DE PRESTAÇÃO DE SERVIÇO DE ASSESSORIA TÉCNICA SETOR RH PARA O SAAE - ICÓ,,,,CONTRATAÇÃO DE PRESTAÇÃO DE SERVIÇO DE ASSESSORIA TÉCNICA SETOR RH PARA ATENDER AS NECESSIDADES DO SERVIÇO AUTÔNOMO DE ÁGUA E ESGOTO - SAAE DO MUNICÍPIO DE ICÓ-CE,17100.0,1425.0,17100.0,0.0,2026-08-28,2026-08-29,2027-08-29,,,2026-09-16T08:45:04,2026-09-16T08:45:04,False,12,0,False,False,21.002/2024-DL-2°AD,,,,,21.002/2024-DL-2°AD,05537196000171-2-000013/2026,ASSESI BRASIL,05537196000171,SERVICO AUTONOMO DE AGUA E ESGOTO,E,M,8,Serviços,8,Outros,Ceará,CE,Icó,08,Serviço Autônomo de Água e Esgoto,2305407
07592298000115-1-000049/2026,07592298000115-1-000049/2026-000003,,2026,345,2026-09-16T08:45:49,PJ,34165077000133,N B DA COSTA LTDA,,,,"AQUISIÇÃO DE GÊNEROS ALIMENTÍCIOS, HORTIFRUTIS E FRIOS, VISANDO ATENDER AS NECESSIDADES DA SECRETARIA DE CULTURA E ECONOMIA CRIATIVA DO MUNICÍPIO DE PARACURU/CE.",7026.2,7026.2,7026.2,7026.2,2026-09-14,2026-09-14,2027-09-14,,,2026-09-16T08:45:49,2026-09-16T08:45:49,False,1,0,False,False,202609140036,,,,,0002320251124000242,07592298000115-2-000345/2026,M2A tecnologia,07592298000115,MUNICIPIO DE PARACURU,N,M,2,Compras,1,Contrato (termo inicial),Ceará,CE,Paracuru,202561,SECRETARIA DE CULTURA E ECONOMIA CRIATIVA,2310209
07595572000100-1-000090/2026,,,2026,104,2026-09-16T08:49:11,PJ,26337395000106,AD PRODUÇÃO MUSICAL LTDA.,,,,"Contratação de show artístico/musical do cantor PABLO, a se realizar durante a EXPOVAQ 2026, no Município de Farias Brito/CE",765000.0,765000.0,765000.0,,2026-09-01,2026-09-01,2026-12-31,,,2026-09-16T08:49:10,2026-09-16T08:49:11,False,1,0,False,False,2026.09.01-03,,,,,2026.08.20-0001,07595572000100-2-000104/2026,BR Conectado,07595572000100,MUNICIPIO DE FARIAS BRITO,N,M,2,Compras,1,Contrato (termo inicial),Ceará,CE,Farias Brito,1,PREFEITURA MUNICIPAL DE FARIAS BRITO - CE,2304301
07533946000162-1-000101/2026,,,2026,202,2026-09-16T08:49:43,PF,38144697391,LOCAÇÃO DE IMÓVEL DESTINADO AO FUNCIONAMENTO DA ESCOLA JOSÉ FIRMINO DA CUNHA.,,,,"LOCAÇÃO DE IMÓVEL SITUADO NA AVENIDA ABRÃO FERREIRA DA CUNHA, S/N, CASA 04, DISTITO DE CANAÃ, DESTINADO AO FUNCIONAMENTO DO ANEXO DA ESCOLA DE ENSINO FUNDAMENTAL JOSÉ FIRMINO DA CUNHA, JUNTO A SECRETARIA DE EDUCAÇÃO DO MUNICÍPIO DE TRAIRÍ-CE.",12000.0,1000.0,12000.0,0.0,2026-08-03,2026-08-03,2027-08-03,,,2026-09-16T08:49:43,2026-09-16T08:49:43,False,12,0,False,False,20260232,,,,,20260232,07533946000162-2-000202/2026,ASSESI BRASIL,07533946000162,MUNICIPIO DE TRAIRI,N,M,1,Cessão,1,Contrato (termo inicial),Ceará,CE,Trairi,05,SECRETARIA DE EDUCAÇÃO,2313500
07616162000106-1-000165/2026,,,2026,429,2026-09-16T08:50:51,PJ,22739613000188,"CONTRATAÇÃO DA OBA EVENTOS EDUCACIONAIS LTDA., CNPJ Nº 22.739.613/0001-88.",,,,"CONTRATAÇÃO DA OBA EVENTOS EDUCACIONAIS LTDA., CNPJ Nº 22.739.613/0001-88, PARA A PARTICIPAÇÃO DE 6 (SEIS) ESTUDANTES E 2 (DOIS) PROFISSIONAIS ACOMPANHANTES DA EEIEF OSMAR DIÓGENES PINHEIRO NA 95ª JORNADA DE FOGUETES - TURMA 10, A REALIZAR-SE DE 19 A 22 DE OUTUBRO DE 2026, EM BARRA DO PIRAÍ/RJ, COMPREENDENDO INSCRIÇÃO, HOSPEDAGEM, ALIMENTAÇÃO E DEMAIS SERVIÇOS INTEGRANTES DO PACOTE OFICIAL.",11200.0,11200.0,11200.0,0.0,2026-09-14,2026-09-14,2026-12-12,,,2026-09-16T08:50:51,2026-09-16T08:50:51,False,1,0,False,False,IN2026090201,,,,,IN2026090201,07616162000106-2-000429/2026,ASSESI BRASIL,07616162000106,MUNICIPIO DE CAUCAIA,N,M,8,Serviços,7,Empenho,Ceará,CE,Caucaia,08,SECRETARIA MUNICIPAL DE EDUCAÇÃO,2303709
10462364000147-1-000038/2026,,,2026,247,2026-09-16T08:53:12,PJ,14283887000187,CONSTRUTORA FEITOSA EIRELI,,,,"Contratação de empresa especializada para a realização de obra de infraestrutura visando a construção de do Centro de Referência de Assistência Social, na localidade de São José, Zona Rural do Município de Ipaporanga/CE",0.0,593519.15,593519.15,0.0,2026-09-16,2026-09-16,2027-09-16,,,2026-09-16T08:53:12,2026-09-16T08:53:12,False,1,0,False,False,0726CE,,,,,000726CE,10462364000147-2-000247/2026,BLL Compras,10462364000147,MUNICIPIO DE IPAPORANGA,N,M,7,Obras,1,Contrato (termo inicial),Ceará,CE,Ipaporanga,1,PREFEITURA MUNICIPAL DE IPAPORANGA - CE,2305654
07595572000100-1-000092/2026,,,2026,105,2026-09-16T08:55:06,PJ,21939747000180,JONAS ESTICADO GRAVAÇÕES & EDIÇÕES MUSICAIS LTDA.,,,,"Contratação de show artístico/musical do cantor JONAS ESTICADO, a se realizar durante a EXPOVAQ 2026, no Município de Farias Brito/CE",350000.0,350000.0,350000.0,,2026-09-01,2026-09-01,2026-12-31,,,2026-09-16T08:55:06,2026-09-16T08:55:06,False,1,0,False,False,2026.09.01-04,,,,,2026.08.21-0001,07595572000100-2-000105/2026,BR Conectado,07595572000100,MUNICIPIO DE FARIAS BRITO,N,M,2,Compras,1,Contrato (termo inicial),Ceará,CE,Farias Brito,1,PREFEITURA MUNICIPAL DE FARIAS BRITO - CE,2304301
07683188000169-1-000132/2024,,BRA,2026,550,2026-09-16T09:20:42,PJ,13179821000189,SERVIÇO DE LOCAÇÃO E MANUTENÇÃO DE IMPRESSORA,,,,"SERVIÇO DE LOCAÇÃO E MANUTENÇÃO DE IMPRESSORA, PARA ATENDER AS DEMANDAS DA EQUIPE DE APOIO TÉCNICO PEDAGÓGICO DA SECRETARIA DA EDUCAÇÃO DO MUNICÍPIO DE IRAUÇUBA-CE.",13722.0,1143.5,13722.0,0.0,2026-07-31,2026-07-31,2026-09-26,,,2026-09-16T09:20:42,2026-09-16T09:20:42,False,12,0,False,False,2024.09.25.01-1ºAPOST-SEDUC,,,,,2024.09.25.01-1ºAPOS,07683188000169-2-000550/2026,ASSESI BRASIL,07683188000169,MUNICIPIO DE IRAUCUBA,N,M,8,Serviços,8,Outros,Ceará,CE,Irauçuba,06,SECRETARIA DE EDUCAÇÃO,2306108
07655277000100-1-000116/2026,,,2026,249,2026-09-16T09:21:42,PJ,10519413000130,CLEANMAX AMBIENTAL LTDA,,,,"CONTRATAÇÃO DE EMPRESA PARA LOCAÇÃO DE CAMINHÃO E MÁQUINAS PESADAS, INCLUINDO LUBRIFICANTES, MANUTENÇÃO E OPERADOR/MOTORISTA, JUNTO À SECRETARIA DE INFRAESTRUTURA, SERVIÇOS PÚBLICOS E ESTRADAS, DESTINADAS A MANUTENÇÃO E CONSERVAÇÃO DE ESTRADAS VICINAIS DO MUNICÍPIO DE MILAGRES, JUNTO A SECRETARIA MUNICIPAL DE INFRAESTRUTURA, SERVIÇOS PÚBLICOS E ESTRADAS. ",2703456.0,2703456.0,2703456.0,,2026-09-14,2026-09-14,2027-09-14,,,2026-09-16T09:21:41,2026-09-16T09:21:42,False,1,0,False,False,14.09.1,,,,,2026.06.30.1,07655277000100-2-000249/2026,BR Conectado,07655277000100,MUNICIPIO DE MILAGRES,N,M,2,Compras,1,Contrato (termo inicial),Ceará,CE,Milagres,1,PREFEITURA MUNICIPAL DE MILAGRES,2308302
07663917000115-1-000114/2026,,,2026,503,2026-09-16T09:22:47,PJ,32104054000193,FABRICIO FONTENELE FERNANDES,,,,"PRESTAÇÃO DOS SERVIÇOS DE LICENCIAMENTO DE USO, IMPLANTAÇÃO, PARAMETRIZAÇÃO, TREINAMENTO, SUPORTE TÉCNICO, MANUTENÇÃO E ATUALIZAÇÃO DE SOLUÇÃO TECNOLÓGICA INTEGRADA DE ATENDIMENTO PÚBLICO DIGITAL, COM FUNCIONAMENTO POR MEIO DO APLICATIVO WHATSAPP, DESTINADA À MODERNIZAÇÃO DA COMUNICAÇÃO ENTRE A ADMINISTRAÇÃO MUNICIPAL, CIDADÃOS, CONTRIBUINTES, VISITANTES E USUÁRIOS DOS SERVIÇOS PÚBLICOS DO MUNICÍPIO DE CRUZ/CE.",36000.0,3000.0,36000.0,,2026-09-11,2026-09-11,2027-09-11,,,2026-09-16T09:22:47,2026-09-16T09:22:47,False,12,0,False,False,2026.09.10.001,,,,,02/2026-SEFIN,07663917000115-2-000503/2026,Licita + Brasil,07663917000115,MUNICIPIO DE CRUZ,N,M,8,Serviços,1,Contrato (termo inicial),Ceará,CE,Cruz,8,"Secretaria de Governo, Administração e Finanças",2304251
07693989000105-1-000042/2025,,,2026,225,2026-09-16T09:23:13,PJ,21691178000104,MOREIRA MESQUITA ENGENHARIA E SERVICOS LTDA,,,,CONTRATAÇÃO DE EMPRESA ESPECIALIZADA EM SERVIÇOS DE RETIRADA DA GRAMA SINTÉTICA ANTIGA E COLOCAÇÃO DE NOVA GRAMA SINTÉTICA NA ARENINHA DO BAIRRO JUCÁS NO MUNICÍPIO DE MONSENHOR TABOSA-CE,77596.5,77596.5,77596.5,77596.5,2026-07-24,2026-07-28,2026-08-27,,,2026-09-16T09:23:13,2026-09-16T09:23:13,False,1,0,False,False,202508280001,GRAMA SINTETICA ,,,,34.2025-DLO4,07693989000105-2-000225/2026,ASSESI BRASIL,07693989000105,MUNICIPIO DE MONSENHOR TABOSA,N,M,8,Serviços,1,Contrato (termo inicial),Ceará,CE,Monsenhor Tabosa,202509,SECRETARIA DE EDUCACAO,2308609
07693989000105-1-000042/2025,,,2026,226,2026-09-16T09:32:13,PJ,21691178000104,MOREIRA MESQUITA ENGENHARIA E SERVICOS LTDA,,,,CONTRATAÇÃO DE EMPRESA ESPECIALIZADA EM SERVIÇOS DE RETIRADA DA GRAMA SINTÉTICA ANTIGA E COLOCAÇÃO DE NOVA GRAMA SINTÉTICA NA ARENINHA DO BAIRRO JUCÁS NO MUNICÍPIO DE MONSENHOR TABOSA-CE,77596.5,77596.5,77596.5,0.0,2026-08-25,2026-08-28,2026-09-27,,,2026-09-16T09:32:13,2026-09-16T09:32:13,False,1,0,False,False,20250828000.1,GRAMA SINTÉTICA ,,,,34.2025-DLO4,07693989000105-2-000226/2026,ASSESI BRASIL,07693989000105,MUNICIPIO DE MONSENHOR TABOSA,N,M,8,Serviços,8,Outros,Ceará,CE,Monsenhor Tabosa,202509,SECRETARIA DE EDUCACAO,2308609
07660350000123-1-000118/2026,,BRA,2026,535,2026-09-16T09:38:14,PJ,18419803000140,PAIVA & OSTERNO ADVOCACIA,,,,"CONTRATACAO, POR INEXIGIBILIDADE DE LICITACAO, DE SOCIEDADE DE ADVOGADOS COM COMPROVADA NOTORIA ESPECIALIZACAO PARA PRESTACAO DE SERVICOS TECNICOS ESPECIALIZADOS DE ASSESSORIA E CONSULTORIA JURIDICA DESTINADOS A IMPLEMENTACAO, OPERACIONALIZACAO , ACOMPANHAMENTO, MONITORAMENTO E PRESTACAO DE CONTAS DA POLITICA NACIONAL ALDIR BLANC - PNAB, COMPREENDENDO A ELABORACAO DE INSTRUMENTOS JURIDICOS , EDITAIS , PARECERES , ORIENTACOES TECNICAS , APOIO AS COMISSOES DE SELECAO E ASSESSORAMENTO JURIDICO DURANTE TODA A EXECUCAO DA POLITICA PUBLICA NO MUNICIPIO DE CAMOCIM - CE .",23500.0,0.0,23500.0,0.0,2026-09-11,2026-09-11,2027-09-11,111.11-011,https://cipi.economia.gov.br/111.11-011,2026-09-16T09:38:14,2026-09-16T09:38:14,False,1,0,False,False,2026072100101,,,,,2026.07.27.001 ,07660350000123-2-000535/2026,ASP - Automação Serviços e Produtos de Informática - LTDA,07660350000123,MUNICIPIO DE CAMOCIM,N,M,8,Serviços,1,Contrato (termo inicial),Ceará,CE,Camocim,14,PREFEITURA MUNICIPAL DE CAMOCIM,2302602
07272636000131-1-000084/2025,07272636000131-1-000084/2025-000002,,2026,378,2026-09-16T09:48:42,PJ,53553859000194,J R MACHADO IMP. E EXP LTDA,,,,SETOR INTERESSADO: INSTITUTO DE CIÊNCIAS DO MAR/ PROCESSO DEMANDANTE:23067.022754/2026-99/ BOLETIM Nº 2159,2660.0,2660.0,2660.0,,2026-08-11,2026-08-11,2026-12-31,,,2026-09-16T09:48:36,2026-09-16T09:48:42,False,1,0,False,False,2026NE000985,,,,False,23067.010856/2024-08,07272636000131-2-000378/2026,Contratos.gov.br,07272636000131,UNIVERSIDADE FEDERAL DO CEARA,E,F,2,Compras,7,Empenho,Ceará,CE,Fortaleza,153045,UNIVERSIDADE FEDERAL DO CEARA,2304400
07539273000158-1-000117/2026,,,2026,111,2026-09-16T10:29:53,PJ,10616763000115,MARILENE GONCALVES DA COSTA CENTRO EDUCACIONAL,,,,"O OBJETO DO PRESENTE PROCEDIMENTO ADMINISTRATIVO É A ESCOLHA DA PROPOSTA MAIS VANTAJOSA VISANDO A CONTRATAÇÃO DE EMPRESA ESPECIALIZADA PARA FORNECIMENTO DE SERVIÇOS A SEREM PRESTADOS NA IMPLEMENTAÇÃO DO PROGRAMA PILOTO DE EDUCAÇÃO BILÍNGUE – INGLÊS, TENDO COMO PRIMEIRA INICIATIVA O PROJETO ""INGLÊS PARA A CIDADANIA"", POR MEIO DA OFERTA DE AULAS COMPLEMENTARES DE LÍNGUA INGLESA, DESTINADO AOS ESTUDANTES DO 8º E 9º ANOS DO ENSINO FUNDAMENTAL DA REDE PÚBLICA MUNICIPAL DE ENSINO DE VÁRZEA ALEGRE/CE.",25500.0,5100.0,25500.0,0.0,2026-08-21,2026-08-21,2027-08-21,,,2026-09-16T10:29:52,2026-09-16T10:29:53,False,5,0,False,False,001-21.08.2026,,,,,001-21.08.2026,07539273000158-2-000111/2026,ASSESI BRASIL,07539273000158,MUNICIPIO DE VARZEA ALEGRE,N,M,8,Serviços,1,Contrato (termo inicial),Ceará,CE,Várzea Alegre,0801,SECRETARIA MUNICIPAL DE EDUCAÇÃO,2314003
07683188000169-1-000144/2025,,,2026,551,2026-09-16T10:30:23,PJ,14769245000192,LOCAÇÃO DE SOFTWARE DE GERENCIAMENTO E CONTROLE DO SITE OFICIAL DO S.I.M SERVIÇO DE INSPEÇÃO MUNICIP,,,,"CONTRATAÇÃO DE SERVIÇO DE LOCAÇÃO DE SOFTWARE DE GERENCIAMENTO E CONTROLE DO SITE OFICIAL DO S.I.M SERVIÇO DE INSPEÇÃO MUNICIPAL, DE RESPONSABILIDADE DA SECRETARIA DO DESENVOLVIMENTO RURAL, MEIO AMBIENTE E RECURSOS HÍDRICOS DO MUNICÍPIO DE IRAUÇUBA - CE.",9720.0,810.0,9720.0,0.0,2026-07-30,2026-08-01,2027-07-31,,,2026-09-16T10:30:22,2026-09-16T10:30:23,False,12,0,False,False,2025.07.31.01-1ºADIT-SDRH,,,,,2025.07.31.01-1ºADIT,07683188000169-2-000551/2026,ASSESI BRASIL,07683188000169,MUNICIPIO DE IRAUCUBA,N,M,1,Cessão,1,Contrato (termo inicial),Ceará,CE,Irauçuba,2501,"SECRETARIA DO DESENVOLVIMENTO RURAL, MEIO AMBIENTE E RECURSOS HÍDRICOS",2306108
07592298000115-1-000049/2026,07592298000115-1-000049/2026-000001,,2026,347,2026-09-16T10:34:46,PJ,27141930000111,FWFS COMERCIO E SERVICOS LTDA,,,,"AQUISIÇÃO DE GÊNEROS ALIMENTÍCIOS, HORTIFRUTIS E FRIOS, VISANDO ATENDER AS NECESSIDADES DA SECRETARIA DE ASSISTÊNCIA SOCIAL DO MUNICÍPIO DE PARACURU/CE.",26615.75,26615.75,26615.75,26615.75,2026-09-14,2026-09-14,2027-09-14,,,2026-09-16T10:34:44,2026-09-16T10:34:46,False,1,0,False,False,202609140006,,,,,0002320251124000242,07592298000115-2-000347/2026,M2A tecnologia,07592298000115,MUNICIPIO DE PARACURU,N,M,2,Compras,1,Contrato (termo inicial),Ceará,CE,Paracuru,51,SECRETARIA DE ASSISTENCIA SOCIAL,2310209
07592298000115-1-000049/2026,07592298000115-1-000049/2026-000001,,2026,348,2026-09-16T10:39:08,PJ,27141930000111,FWFS COMERCIO E SERVICOS LTDA,,,,"AQUISIÇÃO DE GÊNEROS ALIMENTÍCIOS, HORTIFRUTIS E FRIOS, VISANDO ATENDER AS NECESSIDADES DA SECRETARIA DE SEGURANÇA PÚBLICA, CIDADANIA E TRANSITO DO MUNICÍPIO DE PARACURU/CE.",3184.25,3184.25,3184.25,3184.25,2026-09-14,2026-09-14,2027-09-14,,,2026-09-16T10:39:08,2026-09-16T10:39:08,False,1,0,False,False,202609140007,,,,,0002320251124000242,07592298000115-2-000348/2026,M2A tecnologia,07592298000115,MUNICIPIO DE PARACURU,N,M,2,Compras,1,Contrato (termo inicial),Ceará,CE,Paracuru,13,"Secretaria de Segurança, Cidadania e Trânsito",2310209
04293769000104-1-000008/2026,,,2026,4,2026-09-16T10:40:37,PJ,18530643000102,SYNTERIS TECNOLOGIA E SERVICOS LTDA,,,,"Contratação de serviços especializados para a prestação de serviços de assessoria e consultoria técnica em planejamento governamental  para a estruturação, consolidação, acompanhamento e publicação do Plano de Contratações Anual (PCA), referente ao exercício financeiro de 2027",15900.0,15900.0,15900.0,15900.0,2026-09-16,2026-09-16,2027-01-14,,,2026-09-16T10:40:21,2026-09-16T10:40:37,False,1,0,False,False,202609160001,,,,,0009920260806000146,04293769000104-2-000004/2026,M2A tecnologia,04293769000104,MUNICIPIO DE JUCAS - CAMARA MUNICIPAL,L,M,8,Serviços,1,Contrato (termo inicial),Ceará,CE,Jucás,202599,CÂMARA MUNICIPAL DE JUCÁS,2307403
07683188000169-1-000115/2025,,BRA,2026,552,2026-09-16T10:49:49,PJ,10779749000132,"CONTRATAÇÃO DE ENTIDADES PRIVADAS, SEM FINS LUCRATIVOS, JÁ QUALIFICADAS COMO ORGANIZAÇÕES SOCIAIS NO",,,,"CONTRATAÇÃO DE ENTIDADES PRIVADAS, SEM FINS LUCRATIVOS, JÁ QUALIFICADAS COMO ORGANIZAÇÕES SOCIAIS NO MUNICÍPIO DE IRAUÇUBA, INTERESSADAS EM FIRMAR CONTRATOS DE GESTÃO, PARA OPERACIONALIZAÇÃO E EXECUÇÃO DOS SERVIÇOS DE SAÚDE NO HOSPITAL MUNICIPAL DR. PEDRO DE CASTRO MARINHO, CENTROS DE SAÚDE DA FAMÍLIA, CENTRO DE ZOONOSES, CENTRAL DE ABASTECIMENTO FARMACÊUTICO, CENTRO DE ATENDIMENTO INFANTIL NEUROPSICOMOTOR, CENTRO DE ESPECIALIDADES MÉDICAS, ACADEMIA DE SAÚDE E CENTRO DE ATENÇÃO PSICOSSOCIAL DO MUNICÍPIO DE IRAUÇUBA, MEDIANTE FUTURA CELEBRAÇÃO DE CONTRATO DE GESTÃO.",8131241.52,677603.46,8131241.52,0.0,2026-08-21,2026-08-23,2027-08-22,,,2026-09-16T10:49:48,2026-09-16T10:49:49,False,12,0,False,False,2025.08.22.01-1ºADIT-SESA,,,,,2025.08.22.01-1ºADIT,07683188000169-2-000552/2026,ASSESI BRASIL,07683188000169,MUNICIPIO DE IRAUCUBA,N,M,8,Serviços,8,Outros,Ceará,CE,Irauçuba,04,SECRETARIA DE SAÚDE,2306108
07963739000148-1-000058/2024,,,2024,31,2026-09-16T10:50:58,PJ,40750964000171,E M SOUSA COMERCIO E SERVICOS LTDA,,,,"AQUISIÇÃO DE EQUIPAMENTOS DIVERSOS, DESTINADOS A MANUTENÇÃO DO PROGRAMA PAIC INTEGRAL, JUNTO A SECRETARIA DE EDUCAÇÃO DO MUNICIPIO DE ITATIRA",17827.97,17827.97,17827.97,17827.97,2024-03-27,2024-03-27,2025-03-27,,,2026-09-16T10:50:58,2026-09-16T10:50:58,False,1,0,False,False,202403270001,,,,,2103.01-2024,07963739000148-2-000031/2024,M2A tecnologia,07963739000148,MUNICIPIO DE ITATIRA,N,M,2,Compras,1,Contrato (termo inicial),Ceará,CE,Itatira,202405, FUNDO MUNICIPAL DE EDUCACAO,2306603
07977044000115-1-000073/2026,,BRA,2026,159,2026-09-16T11:41:11,PJ,26775594000104,ALIANÇA DE OURO SERVIÇOS E EMPREENDIMENTOS LTDA,,,,"CONTRATAÇÃO DE EMPRESA ESPECIALIZADA PARA A PRESTAÇÃO DE SERVIÇOS DE ASSESSORIA E CONSULTORIA TECNICA, NA CONDUÇÃO DE ROTINAS NOS SERVIÇOS DE CONTROLE DE ALMOXARIFADO, COMBUSTIVEIS, PATRIMONIAL, COMPREENDENDO A ORIENTAÇÃO E ACOMPANHAMENTO DA EXECUÇÃO, ELABORAÇÃO E ORIENTAÇÕES TÉCNICAS EM ATENDIMENTO A CONSULTAS, PERTENCENTES A SECRETARIA DE ADMINISTRAÇÃO E PLANEJAMENTO DO MUNICIPIO DE MISSÃO VELHA/CE.",45480.0,45480.0,45480.0,,2026-08-24,2026-08-24,2027-08-24,,,2026-09-16T11:41:11,2026-09-16T11:41:11,False,1,0,False,False,2026.08.24.02,,,,,2026.08.03.02,07977044000115-2-000159/2026,BR Conectado,07977044000115,MUNICIPIO DE MISSAO VELHA,N,M,2,Compras,1,Contrato (termo inicial),Ceará,CE,Missão Velha,1,PREFEITURA MUNICIPAL DE MISSÃO VELHA - CE,2308401
35049097000101-1-000024/2025,35049097000101-1-000024/2025-000001,,2026,75,2026-09-16T11:41:12,PJ,16442794000183,CONCEITO MULTISERVICE LTDA,,,,Aquisição de Gêneros Alimentícios destinados as diversas Secretarias do município de Catunda-CE.,30180.65,30180.65,30180.65,30180.65,2026-09-15,2026-09-15,2027-09-15,,,2026-09-16T11:41:12,2026-09-16T11:41:12,False,1,0,False,False,005.2025.PE.SRP.AS.2,,,,,0000720250210000106,35049097000101-2-000075/2026,M2A tecnologia,35049097000101,MUNICIPIO DE CATUNDA,N,M,2,Compras,1,Contrato (termo inicial),Ceará,CE,Catunda,202505,FUNDO MUNICIPAL DE ASSISTENCIA SOCIAL,2303659
35049097000101-1-000024/2025,35049097000101-1-000024/2025-000001,,2026,76,2026-09-16T11:41:59,PJ,16442794000183,CONCEITO MULTISERVICE LTDA,,,,Aquisição de Gêneros Alimentícios destinados as diversas Secretarias do município de Catunda-CE.,6205.02,6205.02,6205.02,6205.02,2026-09-15,2026-09-15,2027-09-15,,,2026-09-16T11:41:59,2026-09-16T11:41:59,False,1,0,False,False,005.2025.PE.SRP.CULT.2,,,,,0000720250210000106,35049097000101-2-000076/2026,M2A tecnologia,35049097000101,MUNICIPIO DE CATUNDA,N,M,2,Compras,1,Contrato (termo inicial),Ceará,CE,Catunda,09,SECRETARIA DE CULTURA E TURISMO,2303659
07977044000115-1-000072/2026,,BRA,2026,160,2026-09-16T11:43:24,PJ,26775594000104,ALIANÇA DE OURO SERVIÇOS E EMPREENDIMENTOS LTDA,,,,"CONTRATAÇÃO DE EMPRESA ESPECIALIZADA PARA A PRESTAÇÃO DE SERVIÇOS DE ASSESSORIA E CONSULTORIA TECNICA, NA CONDUÇÃO DE ROTINAS NOS SERVIÇOS DE CONTROLE DE ALMOXARIFADO, COMBUSTIVEIS, PATRIMONIAL, COMPREENDENDO A ORIENTAÇÃO E ACOMPANHAMENTO DA EXECUÇÃO, ELABORAÇÃO E ORIENTAÇÕES TÉCNICAS EM ATENDIMENTO A CONSULTAS, PERTENCENTES A SECRETARIA DE TRABALHO E ASSISTÊNCIA SOCIAL DO MUNICIPIO DE MISSÃO VELHA/CE",43800.0,43800.0,43800.0,,2026-08-24,2026-08-24,2027-08-24,,,2026-09-16T11:43:24,2026-09-16T11:43:24,False,1,0,False,False,2026.08.24.03,,,,,2026.08.03.03,07977044000115-2-000160/2026,BR Conectado,07977044000115,MUNICIPIO DE MISSAO VELHA,N,M,2,Compras,1,Contrato (termo inicial),Ceará,CE,Missão Velha,1,PREFEITURA MUNICIPAL DE MISSÃO VELHA - CE,2308401
10744098000145-1-000070/2025,10744098000145-1-000070/2025-000007,,2026,676,2026-09-16T11:47:59,PJ,08406359000175,HIDRODOMI DO BRASIL INDUSTRIA E COMERCIO LTDA,,,,COMPRAS,19500.0,19500.0,19500.0,,2026-08-31,2026-08-31,2026-12-31,,,2026-09-16T11:47:53,2026-09-16T11:47:59,False,1,0,False,False,2026NE000108,,,,False,23256.011735/2026-18,10744098000145-2-000676/2026,Contratos.gov.br,10744098000145,"INSTITUTO FEDERAL DE EDUCACAO, CIENCIA E TECNOLOGIA DO CEARA",E,F,2,Compras,7,Empenho,Ceará,CE,Fortaleza,158313,INST.FED.DO CEARA/CAMPUS FORTALEZA,2304400
14929252000104-1-000029/2026,,,2026,17,2026-09-16T11:55:55,PJ,15691685000137,INSTITUTO BRASILEIRO DE EDUCACAO EM GESTAO PUBLICA - IBEGESP,,,,"Contratação, por inexigibilidade de licitação, de  Gestão de Projetos, In Company, para os empregados do Conselho de Arquitetura e Urbanismo do Ceará, CAU/CE.
Data Prevista: 24 e 25 de setembro
Local: Travessa Pará n° 12, 10° andar, Centro, Fortaleza/CE (sede do CAU/CE).
Carga horária: 14 horas/aula.
Horário: 8:30h às 12h e das 13h às 16:30h
",29700.0,29700.0,29700.0,0.0,2026-09-10,2026-09-10,2026-12-10,,,2026-09-16T11:48:56,2026-09-16T11:55:55,False,1,1,False,False,NE507,,,,,00154.0004722026-56,14929252000104-2-000017/2026,Compras.gov.br,14929252000104,CONSELHO DE ARQUITETURA E URBANISMO DO CEARA - CAU - CE,E,F,8,Serviços,7,Empenho,Ceará,CE,Fortaleza,928521,CONSELHO DE ARQUITETURA E URBANISMO DO CEARÁ,2304400
35049097000101-1-000024/2025,35049097000101-1-000024/2025-000001,,2026,77,2026-09-16T11:50:22,PJ,16442794000183,CONCEITO MULTISERVICE LTDA,,,,Aquisição de Gêneros Alimentícios destinados as diversas Secretarias do município de Catunda-CE.,30154.53,30154.53,30154.53,30154.53,2026-09-15,2026-09-15,2027-09-15,,,2026-09-16T11:50:22,2026-09-16T11:50:22,False,1,0,False,False,005.2025.PE.SRP.FME.2,,,,,0000720250210000106,35049097000101-2-000077/2026,M2A tecnologia,35049097000101,MUNICIPIO DE CATUNDA,N,M,2,Compras,1,Contrato (termo inicial),Ceará,CE,Catunda,06,SECRETARIA DE EDUCAÇÃO,2303659
07387525000170-1-000174/2025,07387525000170-1-000174/2025-000001,,2026,182,2026-09-16T11:50:43,PJ,13858769000197,7SERV GESTAO DE BENEFICIOS LTDA,,,,"ADESÃO A ATA DE REGISTRO DE PREÇO PARA FUTURA E EVENTUAL CONTRATAÇÃO DE SERVIÇO DE GERENCIAMENTO E CONTROLE INFORMATIZADO DA FROTA DE VEÍCULOS, ATRAVÉS DE PLATAFORMA DE AUTOGESTÃO INTEGRADA COM TELEMETRIA, VIDEOMONITORAMENTO, ABASTECIMENTO, MANUTENÇÃO CORRETIVA E PREVENTIVA VEICULAR, COM USO DE CARTÕES E INTERMEDIAÇÃO FINANCEIRA EM REDE DE ESTABELECIMENTOS CREDENCIADOS, COMO MEIO DE TERMEDIAÇÃO DO PAGAMENTO PARA AQUISIÇÃO DE COMBUSTÍVEL, BEM COMO PEÇAS E SERVIÇOS DE MANUTENÇÃO PREVENTIVA E CORRETIVA, LAVAGEM E BORRACHARIA EM REDES DE ESTABELECIMENTOS CREDENCIADOS VISANDO ATENDER AS NECESSIDADES DA SECRETARIA DE DESENVOLVIMENTO RURAL DO MUNICÍPIO DE ARATUBA/CE",300000.0,25000.0,300000.0,,2026-09-14,2026-09-14,2027-09-14,,,2026-09-16T11:50:43,2026-09-16T11:50:43,False,12,0,False,False,2026.09.14.01,,,,,2025.11.12.01,07387525000170-2-000182/2026,Licita + Brasil,07387525000170,MUNICIPIO DE ARATUBA,N,M,8,Serviços,1,Contrato (termo inicial),Ceará,CE,Aratuba,11,SECRETARIA DE DESENVOLVIMENTO RURAL,2301406
35049097000101-1-000024/2025,35049097000101-1-000024/2025-000001,,2026,78,2026-09-16T11:52:15,PJ,16442794000183,CONCEITO MULTISERVICE LTDA,,,,Aquisição de Gêneros Alimentícios destinados as diversas Secretarias do município de Catunda-CE.,60513.66,60513.66,60513.66,60513.66,2026-09-15,2026-09-15,2027-09-15,,,2026-09-16T11:52:15,2026-09-16T11:52:15,False,1,0,False,False,005.2025.PE.SRP.FUNDEB.2,,,,,0000720250210000106,35049097000101-2-000078/2026,M2A tecnologia,35049097000101,MUNICIPIO DE CATUNDA,N,M,2,Compras,1,Contrato (termo inicial),Ceará,CE,Catunda,06,SECRETARIA DE EDUCAÇÃO,2303659
14929252000104-1-000029/2026,,,2026,18,2026-09-16T11:53:08,PJ,15691685000137,INSTITUTO BRASILEIRO DE EDUCACAO EM GESTAO PUBLICA - IBEGESP,,,,"Contratação do Curso de  Elaboração e Gestão de Indicadores para Gestão Pública, In Company, para os empregados do Conselho de Arquitetura e Urbanismo do Ceará, CAU/CE.
Quantidade de participantes: 15 empregados.
Data Prevista: 29 e 30 de outubro
Local: Travessa Pará n° 12, 10° andar, Centro, Fortaleza/CE (sede do CAU/CE).
Carga horária: 16 horas/aula.
Horário: 8:00h às 12h e das 13h às 17:00h


",26040.0,26040.0,26040.0,,2026-09-10,2026-09-10,2026-12-10,,,2026-09-16T11:53:07,2026-09-16T11:53:08,False,1,0,False,False,2026NE507,,,,,00154.0004722026-56,14929252000104-2-000018/2026,Compras.gov.br,14929252000104,CONSELHO DE ARQUITETURA E URBANISMO DO CEARA - CAU - CE,E,F,8,Serviços,7,Empenho,Ceará,CE,Fortaleza,928521,CONSELHO DE ARQUITETURA E URBANISMO DO CEARÁ,2304400
35049097000101-1-000024/2025,35049097000101-1-000024/2025-000001,,2026,79,2026-09-16T11:58:00,PJ,16442794000183,CONCEITO MULTISERVICE LTDA,,,,Aquisição de Gêneros Alimentícios destinados as diversas Secretarias do município de Catunda-CE.,30147.03,30147.03,30147.03,30147.03,2026-09-15,2026-09-15,2027-09-15,,,2026-09-16T11:58:00,2026-09-16T11:58:00,False,1,0,False,False,005.2025.PE.SRP.FMS.2,,,,,0000720250210000106,35049097000101-2-000079/2026,M2A tecnologia,35049097000101,MUNICIPIO DE CATUNDA,N,M,2,Compras,1,Contrato (termo inicial),Ceará,CE,Catunda,07,SECRETARIA DE SAÚDE,2303659
35049097000101-1-000024/2025,35049097000101-1-000024/2025-000001,,2026,80,2026-09-16T11:59:15,PJ,16442794000183,CONCEITO MULTISERVICE LTDA,,,,Aquisição de Gêneros Alimentícios destinados as diversas Secretarias do município de Catunda-CE.,59966.41,59966.41,59966.41,59966.41,2026-09-15,2026-09-15,2027-09-15,,,2026-09-16T11:59:15,2026-09-16T11:59:15,False,1,0,False,False,005.2025.PE.SRP.HOSP.2,,,,,0000720250210000106,35049097000101-2-000080/2026,M2A tecnologia,35049097000101,MUNICIPIO DE CATUNDA,N,M,2,Compras,1,Contrato (termo inicial),Ceará,CE,Catunda,07,SECRETARIA DE SAÚDE,2303659
35049097000101-1-000024/2025,35049097000101-1-000024/2025-000001,,2026,81,2026-09-16T11:59:44,PJ,16442794000183,CONCEITO MULTISERVICE LTDA,,,,Aquisição de Gêneros Alimentícios destinados as diversas Secretarias do município de Catunda-CE.,30108.53,30108.53,30108.53,30108.53,2026-09-15,2026-09-15,2027-09-15,,,2026-09-16T11:59:43,2026-09-16T11:59:44,False,1,0,False,False,005.2025.PE.SRP.PAB.2,,,,,0000720250210000106,35049097000101-2-000081/2026,M2A tecnologia,35049097000101,MUNICIPIO DE CATUNDA,N,M,2,Compras,1,Contrato (termo inicial),Ceará,CE,Catunda,07,SECRETARIA DE SAÚDE,2303659
07963739000148-1-000021/2024,,,2024,33,2026-09-16T12:00:10,PJ,31048297000199,P3 CONTRUÇÕES E SERVIÇOS LTDA,,,,PAVIMENTAÇÃO EM VIAS URBANAS EM DIVERSAS RUAS DO MUNICÍPIO DE ITATIRA/CE,2900243.18,2900243.18,2900243.18,,2024-06-07,2024-06-07,2025-06-07,,,2026-09-16T12:00:09,2026-09-16T12:00:10,False,1,0,False,False,202406070001,,,,,0805.02/2024-CE,07963739000148-2-000033/2024,BR Conectado,07963739000148,MUNICIPIO DE ITATIRA,N,M,2,Compras,1,Contrato (termo inicial),Ceará,CE,Itatira,28138,Prefeitura Municipal de Itatira/CE,2306603
35049097000101-1-000024/2025,35049097000101-1-000024/2025-000001,,2026,82,2026-09-16T12:04:29,PJ,16442794000183,CONCEITO MULTISERVICE LTDA,,,,Aquisição de Gêneros Alimentícios destinados as diversas Secretarias do município de Catunda-CE.,6142.52,6142.52,6142.52,6142.52,2026-09-15,2026-09-15,2027-09-15,,,2026-09-16T12:04:28,2026-09-16T12:04:29,False,1,0,False,False,005.2025.PE.SRP.INFRA.2,,,,,0000720250210000106,35049097000101-2-000082/2026,M2A tecnologia,35049097000101,MUNICIPIO DE CATUNDA,N,M,2,Compras,1,Contrato (termo inicial),Ceará,CE,Catunda,10,"SECRETARIA DE INFRAESTRUTURA, TRANSPORTE E DESENVOLVIMENTO URBANO",2303659
07807191000147-1-000100/2026,,,2026,145,2026-09-16T12:13:32,PJ,49978832000176,JATOBA SOLUCOES INTEGRADAS LTDA,,,,Aquisição de colchões para berço e colchonetes destinados às escolas de tempo integral e às creches com berçários da Rede Municipal de Ensino de Quixeré/CE,3600.0,3600.0,3600.0,3600.0,2026-09-14,2026-09-14,2027-09-14,,,2026-09-16T12:13:30,2026-09-16T12:13:32,False,1,0,False,False,202609140001,,,,,0023/2026 - SEDUC,07807191000147-2-000145/2026,M2A tecnologia,07807191000147,MUNICIPIO DE QUIXERE,N,M,2,Compras,1,Contrato (termo inicial),Ceará,CE,Quixeré,13,FUNDEB - Fundo de Desenvolvimento de Educação Básica,2311504
07733256000157-1-000123/2025,07733256000157-1-000123/2025-000004,BRA,2026,670,2026-09-16T13:30:20,PJ,06961353000134,M D LANDIM,,,,"REGISTRO DE PREÇO VISANDO A FUTURA E EVENTUAL AQUISIÇÃO DE MATERIAL DE EXPEDIENTE EM GERAL, DE INTERESSE DA SECRETARIA DE DESENVOLVIMENTO RURAL E PESCA DO MUNICIPIO DE SOLONÓPOLE-CE.",3491.12,3491.12,3491.12,3491.12,2026-08-28,2026-08-28,2027-08-28,,,2026-09-16T13:30:13,2026-09-16T13:30:20,False,1,0,False,False,2026.08.28.05,,,,,0000520250815000180,07733256000157-2-000670/2026,M2A tecnologia,07733256000157,MUNICIPIO DE SOLONOPOLE,N,M,2,Compras,1,Contrato (termo inicial),Ceará,CE,Solonópole,202556,SEC. MUNICIPAL DO DESENVOLVIMENTO RURAL E PESCA,2313005
07977044000115-1-000087/2026,,,2026,161,2026-09-16T13:37:06,PJ,68657457000107,HDF EVENTOS LTDA,,,,"CONTRATAÇÃO DE PESSOA JURÍDICA EXCLUSIVA E ESPECIALIZADA NA PRESTAÇÃO DE SERVIÇOS DE APRESENTAÇÃO ARTISTICA DA BANDA “CANINANA” PARA O EVENTO A SER REALIZADO NA FESTA DE NOSSA SENHORA DAS DORES, PADROEIRA DO DISTRITO DE JAMACARU, NO DIA 27 DE SETEMBRO DE 2026 NO MUNICIPIO DE MISSÃO VELHA/CE, DE INTERESSE DA SECRETARIA DE CULTURA E TURISMO.",120000.0,120000.0,120000.0,,2026-09-10,2026-09-10,2027-03-10,,,2026-09-16T13:37:05,2026-09-16T13:37:06,False,1,0,False,False,2026.09.10.01,,,,,2026.09.04.01,07977044000115-2-000161/2026,BR Conectado,07977044000115,MUNICIPIO DE MISSAO VELHA,N,M,2,Compras,1,Contrato (termo inicial),Ceará,CE,Missão Velha,1,PREFEITURA MUNICIPAL DE MISSÃO VELHA - CE,2308401
07391006000186-1-000056/2026,,,2026,103,2026-09-16T13:42:27,PJ,33650453000112,MARIA DOROTEIA LAURENTINO ROMAO LTDA,,,,"Fornecimento de recarga de Gás GLP (Gás Liquefeito de Petróleo), vasilhame e kit regulador de gás, destinado ao atendimento das necessidades das diversas secretarias e seus respectivos setores no Município de Jardim/CE",11080.0,11080.0,11080.0,,2026-08-26,2026-08-26,2027-08-26,,,2026-09-16T13:42:27,2026-09-16T13:42:27,False,1,0,False,False,2026.08.26-001,,,,,2026.07.01.01,07391006000186-2-000103/2026,BR Conectado,07391006000186,MUNICIPIO DE JARDIM,N,M,2,Compras,1,Contrato (termo inicial),Ceará,CE,Jardim,1,PREFEITURA DE JARDIM,2307106
07391006000186-1-000056/2026,,,2026,104,2026-09-16T13:42:29,PJ,33650453000112,MARIA DOROTEIA LAURENTINO ROMAO LTDA,,,,"Fornecimento de recarga de Gás GLP (Gás Liquefeito de Petróleo), vasilhame e kit regulador de gás, destinado ao atendimento das necessidades das diversas secretarias e seus respectivos setores no Município de Jardim/CE",67000.0,67000.0,67000.0,,2026-08-26,2026-08-26,2027-08-26,,,2026-09-16T13:42:29,2026-09-16T13:42:29,False,1,0,False,False,2026.08.26-002,,,,,2026.07.01.01,07391006000186-2-000104/2026,BR Conectado,07391006000186,MUNICIPIO DE JARDIM,N,M,2,Compras,1,Contrato (termo inicial),Ceará,CE,Jardim,1,PREFEITURA DE JARDIM,2307106
07391006000186-1-000056/2026,,,2026,105,2026-09-16T13:42:31,PJ,33650453000112,MARIA DOROTEIA LAURENTINO ROMAO LTDA,,,,"Fornecimento de recarga de Gás GLP (Gás Liquefeito de Petróleo), vasilhame e kit regulador de gás, destinado ao atendimento das necessidades das diversas secretarias e seus respectivos setores no Município de Jardim/CE",14000.0,14000.0,14000.0,,2026-08-26,2026-08-26,2027-08-26,,,2026-09-16T13:42:31,2026-09-16T13:42:31,False,1,0,False,False,2026.08.26-003,,,,,2026.07.01.01,07391006000186-2-000105/2026,BR Conectado,07391006000186,MUNICIPIO DE JARDIM,N,M,2,Compras,1,Contrato (termo inicial),Ceará,CE,Jardim,1,PREFEITURA DE JARDIM,2307106
07391006000186-1-000056/2026,,,2026,106,2026-09-16T13:42:33,PJ,33650453000112,MARIA DOROTEIA LAURENTINO ROMAO LTDA,,,,"Fornecimento de recarga de Gás GLP (Gás Liquefeito de Petróleo), vasilhame e kit regulador de gás, destinado ao atendimento das necessidades das diversas secretarias e seus respectivos setores no Município de Jardim/CE",120060.0,120060.0,120060.0,,2026-08-26,2026-08-26,2027-08-26,,,2026-09-16T13:42:32,2026-09-16T13:42:33,False,1,0,False,False,2026.08.26-004,,,,,2026.07.01.01,07391006000186-2-000106/2026,BR Conectado,07391006000186,MUNICIPIO DE JARDIM,N,M,2,Compras,1,Contrato (termo inicial),Ceará,CE,Jardim,1,PREFEITURA DE JARDIM,2307106
07655269000155-1-000105/2026,,BRA,2026,341,2026-09-16T13:44:37,PF,49501879372,JOSÉ SILVA SIQUEIRA,,,,"LOCAÇÃO DE IMÓVEL LOCALIZADO NA RUA PADRE MARANHÃO, Nº 825, CENTRO, PARA FUNCIONAMENTO DO PONTO DE APOIO DA SECRETARIA MUNICIPAL DE SAÚDE DE MAURITI/CE.",0.0,2300.0,27600.0,0.0,2025-08-05,2025-08-05,2026-08-05,,,2026-09-16T13:44:36,2026-09-16T13:50:36,False,12,0,False,False,2025.08.05.01/SMS,,,,,14/2025-SMS,07655269000155-2-000341/2026,BLL Compras,07655269000155,MUNICIPIO DE MAURITI,N,M,8,Serviços,1,Contrato (termo inicial),Ceará,CE,Mauriti,1,PREFEITURA MUNICIPAL DE MAURITI - CE,2308104
43008975000179-1-000015/2026,,,2026,39,2026-09-16T13:52:24,PJ,54305340000150,FENIX CONSTRUCOES E SERVICOS LTDA,,,,"CONTRATAÇÃO DE EMPRESA ESPECIALIZADA PARA A RECONSTRUÇÃO DA LAJE SUPERIOR DE BUEIRO CAPEADO BTCC (2,10M X 1,40M), NA LOCALIDADE DE UMARI, NO MUNICÍPIO DE AMONTADA/CE, SOB RESPONSABILIDADE DA SECRETARIA MUNICIPAL DE INFRAESTRUTURA.",101464.71,101464.71,101464.71,0.0,2026-06-04,2026-09-07,2026-12-06,,,2026-09-16T13:52:24,2026-09-16T13:52:24,False,1,0,False,False,20.05.01.2026.01-AD,,,,,20.05.01.2026.01-AD,43008975000179-2-000039/2026,ASSESI BRASIL,43008975000179,SECRETARIA DE INFRAESTRUTURA,E,M,9,Serviços de Engenharia,1,Contrato (termo inicial),Ceará,CE,Amontada,0401,SECRETARIA DE INFRAESTRUTURA,2300754
14770466000180-1-000021/2026,14770466000180-1-000021/2026-000003,,2026,34,2026-09-16T13:53:04,PJ,40914338000173,"EXPERT SERVICOS, COMERCIO DE MOVEIS E LICITACOES LTDA",,,,"REGISTRO DE PREÇO PARA EVENTUAL AQUISIÇÃO DE EQUIPAMENTOS MOBILIÁRIOS, DE RESPONSABILIDADE DO CONSÓRCIO PÚBLICO DE SAÚDE DA MICRORREGIÃO DE IGUATU-CE",13000.0,13000.0,13000.0,13000.0,2026-09-14,2026-09-14,2026-12-31,,,2026-09-16T13:53:00,2026-09-16T13:53:04,False,1,0,False,False,2026.09.14.01,,,,,0000120260618000228,14770466000180-2-000034/2026,M2A tecnologia,14770466000180,CONSORCIO PUBLICO DE SAUDE DA MICRORREGIAO DE IGUATU - CPSMIG,E,N,2,Compras,1,Contrato (termo inicial),Ceará,CE,Iguatu,202501,CONS.PUB.DE SAUDE DA MIC.DE IGUATU,2305506
07605850000162-1-000057/2025,07605850000162-1-000057/2025-000001,,2026,675,2026-09-16T13:57:32,PJ,26383079000170,NUTRIENTES MED DISTRIBUIDORA DE MEDICAMENTOS LTDA EPP,,,,"O objeto do presente contrato destina-se a aquisições de produtos utilizados em atividades de antissepsia, desinfecção e limpeza, como também itens para diagnóstico ambulatorial, em unidades da atenção primária e secundária, de interesse da Secretaria de Saúde/Fundo Municipal de Saúde-Administração Central e Hospital Municipal Dr. João Elisio de Holanda do Município de Maracanaú/Ce, tudo conforme especificações contidas no TERMO DE REFERÊNCIA constante dos Anexos do Edital, bem como proposta da contratada, edital e seus anexos do processo licitatório Pregão Eletrônico n° 14.005/2025PE e Ata de Registro de Preços n°.",7130.25,7130.25,7130.25,7130.25,2026-08-11,2026-08-11,2027-08-11,,,2026-09-16T13:57:31,2026-09-16T13:57:32,False,1,0,True,False,149026081104,,,,,14.005/2025PE,07605850000162-2-000675/2026,INTERSOL SERVICOS DE INFORMATICA LTDA,07605850000162,MUNICIPIO DE MARACANAU,N,M,2,Compras,1,Contrato (termo inicial),Ceará,CE,Maracanaú,01,SECRETARIA MUNICIPAL DE SAÚDE,2307650
35049097000101-1-000024/2025,35049097000101-1-000024/2025-000001,,2026,83,2026-09-16T14:00:54,PJ,16442794000183,CONCEITO MULTISERVICE LTDA,,,,Aquisição de Gêneros Alimentícios destinados as diversas Secretarias do município de Catunda-CE.,6128.11,6128.11,6128.11,6128.11,2026-09-15,2026-09-15,2027-09-15,,,2026-09-16T14:00:54,2026-09-16T14:00:54,False,1,0,False,False,005.2025.PE.SRP.GAB.2,,,,,0000720250210000106,35049097000101-2-000083/2026,M2A tecnologia,35049097000101,MUNICIPIO DE CATUNDA,N,M,2,Compras,1,Contrato (termo inicial),Ceará,CE,Catunda,2025101,GABINETE DO PREFEITO,2303659
14770466000180-1-000021/2026,14770466000180-1-000021/2026-000005,,2026,35,2026-09-16T14:01:02,PJ,19831793000119,LUNATEL INFORMATICA PAPELARIA LTDA,,,,"REGISTRO DE PREÇO PARA EVENTUAL AQUISIÇÃO DE EQUIPAMENTOS MOBILIÁRIOS, DE RESPONSABILIDADE DO CONSÓRCIO PÚBLICO DE SAÚDE DA MICRORREGIÃO DE IGUATU-CE",4900.0,4900.0,4900.0,4900.0,2026-09-14,2026-09-14,2026-12-31,,,2026-09-16T14:01:00,2026-09-16T14:01:02,False,1,0,False,False,2026.09.14.02,,,,,0000120260618000228,14770466000180-2-000035/2026,M2A tecnologia,14770466000180,CONSORCIO PUBLICO DE SAUDE DA MICRORREGIAO DE IGUATU - CPSMIG,E,N,2,Compras,1,Contrato (termo inicial),Ceará,CE,Iguatu,202501,CONS.PUB.DE SAUDE DA MIC.DE IGUATU,2305506
14770466000180-1-000021/2026,14770466000180-1-000021/2026-000006,,2026,36,2026-09-16T14:05:27,PJ,12565600000186,J. M. V. SANTANA COMERCIAL,,,,"REGISTRO DE PREÇO PARA EVENTUAL AQUISIÇÃO DE EQUIPAMENTOS MOBILIÁRIOS, DE RESPONSABILIDADE DO CONSÓRCIO PÚBLICO DE SAÚDE DA MICRORREGIÃO DE IGUATU-CE",3483.0,3483.0,3483.0,3483.0,2026-09-14,2026-09-14,2026-12-31,,,2026-09-16T14:05:24,2026-09-16T14:05:27,False,1,0,False,False,2026.09.14.03,,,,,0000120260618000228,14770466000180-2-000036/2026,M2A tecnologia,14770466000180,CONSORCIO PUBLICO DE SAUDE DA MICRORREGIAO DE IGUATU - CPSMIG,E,N,2,Compras,1,Contrato (termo inicial),Ceará,CE,Iguatu,202501,CONS.PUB.DE SAUDE DA MIC.DE IGUATU,2305506
35050756000120-1-000096/2026,,,2026,457,2026-09-16T15:32:03,PJ,54262493000167,BLACK LION PRODUCOES LTDA,,,,"CONTRATAÇÃO ARTÍSTICA DA BANDA DONALEDA PARA APRESENTAÇÃO NO 6º FESTIVAL GASTRONÔMICO INTERNACIONAL DO PONTAL DO MACEIÓ, A REALIZAR-SE NO DIA 26 DE SETEMBRO DE 2026, COM DURAÇÃO DE 1 (UM) HORA E 30 (TRINTA) MINUTOS, JUNTO À SECRETARIA MUNICIPAL DE TURISMO E CULTURA DE FORTIM/CE.",11000.0,11000.0,11000.0,0.0,2026-09-10,2026-09-10,2026-12-09,,,2026-09-16T15:32:03,2026-09-16T15:32:03,False,1,0,False,False,1009.01/2026-SMTC,,,,,1009.01/2026-SMTC,35050756000120-2-000457/2026,ASSESI BRASIL,35050756000120,MUNICIPIO DE FORTIM,N,M,8,Serviços,1,Contrato (termo inicial),Ceará,CE,Fortim,2002,SECRETARIA MUNICIPAL DE TURISMO E CULTURA,2304459
06582449000191-1-000029/2025,,,2026,59,2026-09-16T15:33:08,PF,88519090320,CLAUDIA REGINA DOS SANTOS,,,,"LOCAÇÃO DE 01 (UM) IMÓVEL SITUADO NA RUA MUNIZ CHAVES, Nº 310 E 310A, COM OCUPAÇÃO TOTAL DO PAVIMENTO INFERIOR E OCUPAÇÃO DE APENAS 30% DO PAVIMENTO SUPERIOR, BAIRRO DAS FLORES, SEDE DESTE MUNICÍPIO, PARA FUNCIONAMENTO DA EMPRESA ZYANNE MODA ÍNTIMA, DE RESPONSABILIDADE DA SECRETARIA MUNICIPAL DE INDÚSTRIA, COMÉRCIO E DESENVOLVIMENTO ECONÔMICO DE AMONTADA, COMO CONCESSÃO DE INCENTIVOS ÀS EMPRESAS, DEVIDAMENTE AUTORIZADO PELA LEI MUNICIPAL COMPLEMENTAR Nº 14/2025.",51600.0,4300.0,51600.0,0.0,2026-09-01,2026-09-12,2027-09-12,,,2026-09-16T15:33:08,2026-09-16T15:33:08,False,12,0,False,False,10.09.01.2025.02-AD,,,,,10.09.01.2025.02-AD,06582449000191-2-000059/2026,ASSESI BRASIL,06582449000191,MUNICIPIO DE AMONTADA,N,M,5,Locação Imóveis,1,Contrato (termo inicial),Ceará,CE,Amontada,2,Gabinete do Prefeito,2300754
07683188000169-1-000206/2025,,,2026,558,2026-09-16T15:33:50,PJ,50706360000181,AQUISIÇÃO DE MATERIAL PERMANENTE,,,,"AQUISIÇÃO DE MATERIAL PERMANENTE, PARA SUPRIR AS NECESSIDADES DO GABINETE DA PREFEITA DO MUNICÍPIO DE IRAUÇUBA/CE",20776.0,20776.0,20776.0,0.0,2025-12-12,2025-12-12,2026-12-12,,,2026-09-16T15:33:49,2026-09-16T15:33:50,False,1,0,False,False,2025.12.12.01-GAB-NORTE,,,,,2025.12.12.01-GAB-NO,07683188000169-2-000558/2026,ASSESI BRASIL,07683188000169,MUNICIPIO DE IRAUCUBA,N,M,2,Compras,1,Contrato (termo inicial),Ceará,CE,Irauçuba,06,SECRETARIA DE EDUCAÇÃO,2306108
07891674000172-1-000089/2026,,,2026,292,2026-09-16T15:34:12,PJ,39629277000113,CSA ENGENHARIA LTDA,,,,"PAVIMENTAÇÃO EM PARALELEPÍPEDO NA COMUNIDADE DO SÃO RAIMUNDO E ARRAIAL NO MUNICPIO DE LIMOEIRO DO NORTE-CE, JUNTO A SECRETARIA DE OBRAS E SERVIÇOS PUBLICOS - SOSP - MAPP. 6183",542673.26,45222.7716,542673.26,,2026-09-09,2026-09-09,2027-09-09,,,2026-09-16T15:34:12,2026-09-16T15:34:12,False,12,0,False,False,20260412 SOSP,,,,,017/2026,07891674000172-2-000292/2026,Licita + Brasil,07891674000172,MUNICIPIO DE LIMOEIRO DO NORTE,N,M,8,Serviços,1,Contrato (termo inicial),Ceará,CE,Limoeiro do Norte,15,Secretaria de Obras e Serviços Públicos (SOSP),2307601
35050756000120-1-000097/2026,,BRA,2026,458,2026-09-16T15:35:30,PJ,16568188000109,IURI COUTINHO MENESES,,,,"CONTRATAÇÃO ARTÍSTICA DA BANDA REITE PARA APRESENTAÇÃO NO 6º FESTIVAL GASTRONÔMICO INTERNACIONAL DO PONTAL DO MACEIÓ, A REALIZAR-SE NO DIA 26 DE SETEMBRO DE 2026, COM DURAÇÃO DE 90 (NOVENTA) MINUTOS, JUNTO À SECRETARIA MUNICIPAL DE TURISMO E CULTURA DE FORTIM/CE.",10000.0,10000.0,10000.0,0.0,2026-09-10,2026-09-10,2026-12-09,,,2026-09-16T15:35:29,2026-09-16T15:35:30,False,1,0,False,False,1009.01/2026-SMTC,,,,,1009.02/2026-SMTC,35050756000120-2-000458/2026,ASSESI BRASIL,35050756000120,MUNICIPIO DE FORTIM,N,M,8,Serviços,1,Contrato (termo inicial),Ceará,CE,Fortim,2002,SECRETARIA MUNICIPAL DE TURISMO E CULTURA,2304459
35050756000120-1-000098/2026,,,2026,459,2026-09-16T15:37:56,PJ,68291548000171,68.291.548 PERICLES CAMPELO COSTA JUNIOR,,,,"CONTRATAÇÃO ARTÍSTICA DA BANDA LOCOMOTIVA PARA APRESENTAÇÃO NO 6º FESTIVAL GASTRONÔMICO INTERNACIONAL DO PONTAL DO MACEIÓ, A REALIZAR-SE NO DIA 24 DE SETEMBRO DE 2026, COM DURAÇÃO DE 2 (DUAS) HORAS, JUNTO À SECRETARIA MUNICIPAL DE TURISMO E CULTURA DE FORTIM/CE.",10000.0,10000.0,10000.0,0.0,2026-09-10,2026-09-10,2026-12-09,,,2026-09-16T15:37:56,2026-09-16T15:37:56,False,1,0,False,False,1009.01/2026-SMTC,,,,,1009.03/2026-SMTC,35050756000120-2-000459/2026,ASSESI BRASIL,35050756000120,MUNICIPIO DE FORTIM,N,M,8,Serviços,1,Contrato (termo inicial),Ceará,CE,Fortim,2002,SECRETARIA MUNICIPAL DE TURISMO E CULTURA,2304459
00043711000143-1-000009/2025,00043711000143-1-000009/2025-000011,BRA,2026,58,2026-09-16T15:40:07,PJ,07534706000182,H L R DE OLIVEIRA PRODUTOS AGRICOLAS LTDA,,,,"O OBJETO DO PRESENTE INSTRUMENTO É A CONTRATAÇÃO DE AQUISIÇÃO DE CAMINHÕES, ESCAVADEIRAS HIDRÁULICAS, MOTONIVELADORAS, RETROESCAVADEIRAS, TRATORES E IMPLEMENTOS AGRÍCOLAS, NAS CONDIÇÕES ESTABELECIDAS NO TERMO DE REFERÊNCIA.",36980.0,36980.0,36980.0,,2026-09-16,2026-09-16,2027-09-16,,,2026-09-16T15:40:05,2026-09-16T15:40:07,False,1,0,False,False,00025,,,,True,59400.001503/2025-07,00043711000143-2-000058/2026,Contratos.gov.br,00043711000143,DEPARTAMENTO NACIONAL DE OBRAS CONTRA AS SECAS,E,F,2,Compras,1,Contrato (termo inicial),Ceará,CE,Fortaleza,193002,DEPARTAMENTO NAC. DE OBRAS CONTRA AS SECAS/CE,2304400
23489834000108-1-000080/2025,23489834000108-1-000080/2025-000001,,2026,6,2026-09-16T15:42:37,PJ,23112748000181,CONSIGNET SISTEMAS LTDA,PJ,23112748000181,CONSIGNET SISTEMAS LTDA,"O FUNDO DE PREVIDÊNCIA SOCIAL DO MUNICÍPIO DE TEJUÇUOCA – TEJUPREV, pessoa jurídica de direito público interno, inscrito no CNPJ nº 23.489.834/0001-08, com sede na Rua Mamede Rodrigues Teixeira, nº 489, Centro, Tejuçuoca/CE, CEP 62610-000, neste ato representado por sua representante legal, FRANCISCA GLEICIANE CASTRO SALES, nomeada pela Portaria de Nomeação nº 11/2025, inscrita no CPF sob o nº 019.968.533-92, doravante denominada CONTRATANTE, e, de outro lado, a empresa CONSIGNET SISTEMAS LTDA., pessoa jurídica de direito privado, inscrita no CNPJ nº 23.112.748/0001-81, com sede na Avenida Carneiro Leão, nº 563, Sala 209, Zona Armazém, Maringá/PR, CEP 87014-010, neste ato representada por REINALDO DA SILVA JUNIOR, inscrito no CPF sob o nº 036.972.609-01, doravante denominada CONTRATADA, resolvem celebrar o presente TERMO DE CONTRATO, decorrente do PROCESSO ADMINISTRATIVO DE ADESÃO Nº 2026.08.26.01-TEJUPREV, mediante adesão, na condição de ÓRGÃO NÃO PARTICIPANTE, À ATA DE REGISTRO DE PREÇOS Nº 059/2026, decorrente do PREGÃO ELETRÔNICO Nº 024/2025, gerenciada pelo INSTITUTO DE PREVIDÊNCIA DO SERVIDOR PÚBLICO DE SENADOR CANEDO – SENAPREV, tendo em vista o que consta nos autos do referido processo administrativo e em observância às disposições da Lei Federal nº 14.133, de 1º de abril de 2021.",3518473.5,3518473.5,3518473.5,,2026-09-11,2026-09-11,2027-09-10,,,2026-09-16T15:42:36,2026-09-16T15:42:37,False,1,0,False,False,2026.08.26.01.1,,,,,2026.08.26.01,23489834000108-2-000006/2026,Licita + Brasil,23489834000108,MUNICIPIO DE TEJUCUOCA,N,M,8,Serviços,1,Contrato (termo inicial),Ceará,CE,Tejuçuoca,9,SECRETARIA MUNICIPAL DE PREVIDÊNCIA SOCIAL,2313351
00043711000143-1-000009/2025,00043711000143-1-000009/2025-000009,,2026,59,2026-09-16T15:49:22,PJ,92264472000170,KOHLER IMPLEMENTOS AGRICOLAS LTDA,,,,"O OBJETO DO PRESENTE INSTRUMENTO É A CONTRATAÇÃO DE AQUISIÇÃO DE CAMINHÕES, ESCAVADEIRAS HIDRÁULICAS, MOTONIVELADORAS, RETROESCAVADEIRAS, TRATORES E IMPLEMENTOS AGRÍCOLAS], NAS CONDIÇÕES ESTABELECIDAS NO TERMO DE REFERÊNCIA.",95960.0,95960.0,95960.0,,2026-09-16,2026-09-16,2027-09-16,,,2026-09-16T15:49:09,2026-09-16T15:49:22,False,1,0,False,False,00031,,,,True,59400.001503/2026-07,00043711000143-2-000059/2026,Contratos.gov.br,00043711000143,DEPARTAMENTO NACIONAL DE OBRAS CONTRA AS SECAS,E,F,2,Compras,1,Contrato (termo inicial),Ceará,CE,Fortaleza,193002,DEPARTAMENTO NAC. DE OBRAS CONTRA AS SECAS/CE,2304400
06582449000191-1-000028/2025,,,2026,60,2026-09-16T15:50:13,PF,05907591323,SAFFIRA WHITE MARTINS OLIVEIRA,,,,"LOCAÇÃO DE 02 (DOIS) IMÓVEIS LOCALIZADOS NA RUA ANTÔNIO ELISEU DE BARROS, 708 TÉRREO, LADO ESQUERDO E 708 ALTOS, BAIRRO CAMPO, SEDE DESTE MUNICÍPIO, PARA SEDIAR PONTO DE APOIO E ATENDIMENTO INSTITUCIONAL, DE RESPONSABILIDADE DO GABINETE DO PREFEITO DE AMONTADA.",24000.0,2000.0,24000.0,0.0,2026-09-01,2026-09-03,2027-09-03,,,2026-09-16T15:50:13,2026-09-16T15:50:13,False,12,0,False,False,28.08.01.2025.02,,,,,28.08.01.2025.02,06582449000191-2-000060/2026,ASSESI BRASIL,06582449000191,MUNICIPIO DE AMONTADA,N,M,5,Locação Imóveis,1,Contrato (termo inicial),Ceará,CE,Amontada,02.01,GABINETE DO PREFEITO,2300754
10744098000145-1-000094/2026,,,2026,677,2026-09-16T15:51:20,PJ,50060469000194,CELER PRODUTOS ODONTOLOGICOS LTDA,,,,EMPENHO REFERENTE A AQUISIÇÃO DE INSUMOS E MEDICAMENTOS FARMACOLOGICOS E ODONTOLOGICOS PARA O SETOR DE SAUDE DO IFCE CAMPUS IGUATU-DI:32/2026(158320)-CONTATO FORNECEDOR:(31) 2522-8202-DADOS BANCARIOS: 756/ 4133/ 9206230. PROCESSO SEI: 23266.005144/2025-01.,3336.68,3336.68,3336.68,,2026-06-17,2026-06-17,2026-12-31,,,2026-09-16T15:51:07,2026-09-16T15:51:20,False,1,0,False,False,2026NE000220,,,,False,23266.005144/2025-01,10744098000145-2-000677/2026,Contratos.gov.br,10744098000145,"INSTITUTO FEDERAL DE EDUCACAO, CIENCIA E TECNOLOGIA DO CEARA",E,F,2,Compras,7,Empenho,Ceará,CE,Iguatu,158320,INST.FED.DO CEARA/CAMPUS IGUATU,2305506
12397930000100-1-000015/2025,12397930000100-1-000015/2025-000001,,2026,75,2026-09-16T16:13:28,PJ,31080614000154,H2A COMERCIO E SERVICOS LTDA,,,,"EMPENHO REFERENTE A CONTRATACAO DE SERVICOS GRAFICOS, CONSIDERANDO O SOLICITADO PELO OFICIO 45/2026/SUDECOM-UNILAB, E CONFORME CONDICOES E EXIGENCIAS ESTABELECIDAS NO EDITAL,
ATA Nº 40/2025 E SEUS ANEXOS.",11815.0,11815.0,11815.0,,2026-09-14,2026-09-14,2027-09-14,,,2026-09-16T16:03:23,2026-09-16T16:13:28,False,1,1,False,False,2026NE000288,15856505900052025 - UASG Minuta: 158565,,,,23282.014988/2025-37,12397930000100-2-000075/2026,Contratos.gov.br,12397930000100,UNIVERSIDADE DA INTEGRACAO INTERNACIONAL DA LUSOFONIA AFRO-BRASILEIRA,E,F,8,Serviços,7,Empenho,Ceará,CE,Redenção,158565,UNIV.DA INTEG.INTERN.DA LUSOF.AFRO-BRASILEIRA,2311603
07683188000169-1-000004/2026,,,2026,559,2026-09-16T16:08:18,PJ,33159524000189,CONSTRUÇÃO DE UMA QUADRA COBERTA PADRÃO FNDE PARA O CENTRO DE EDUCAÇÃO INFANTIL TIA ALCINEIA,,,,CONTRATAÇÃO DE EMPRESA ESPECIALIZADA PARA EXECUTAR OS SERVIÇOS DE CONSTRUÇÃO DE UMA QUADRA COBERTA PADRÃO FNDE PARA O CENTRO DE EDUCAÇÃO INFANTIL TIA ALCINEIA NO DISTRITO DE JUÁ NO MUNICÍPIO DE IRAUÇUBA - CE.,1417515.17,1417515.17,1417515.17,0.0,2026-07-06,2026-07-06,2026-11-05,,,2026-09-16T16:08:18,2026-09-16T16:08:18,False,1,0,False,False,2026.05.05.01-1ºADIT-SEDUC,,,,,2026.05.05.01-1ºADIT,07683188000169-2-000559/2026,ASSESI BRASIL,07683188000169,MUNICIPIO DE IRAUCUBA,N,M,1,Cessão,1,Contrato (termo inicial),Ceará,CE,Irauçuba,06,SECRETARIA DE EDUCAÇÃO,2306108
07982036000167-1-000131/2026,07982036000167-1-000131/2026-000001,,2026,256,2026-09-16T09:04:43,PJ,35206677000165,COMERCIAL KAYO E NUTRIMAX LTDA,,,,AQUISIÇÕES DE FÓRMULAS E SUPLEMENTOS NUTRICIONAIS PARA ATENDER AS NECESSIDADES DA SECRETARIA DE SAÚDE DO MUNICÍPIO DE CRATEÚS-CE,0.0,0.0,0.0,0.0,2026-09-10,2026-09-10,2027-09-10,,,2026-09-16T09:04:39,2026-09-16T09:04:43,False,1,0,False,False,20260910010,,,,,0000920260608000102,07982036000167-2-000256/2026,M2A tecnologia,07982036000167,MUNICIPIO DE CRATEUS,N,M,2,Compras,1,Contrato (termo inicial),Ceará,CE,Crateús,202504,SECRETARIA MUNICIPAL DE SAUDE,2304103
07679723000108-1-000046/2026,,,2026,53,2026-09-16T09:04:44,PJ,53558394000164,DB CONSTRUÇÕES E SERVIÇOS LTDA,,,,"CONTRATAÇÃO DE EMPRESA PARA EXECUÇÃO DA OBRA DE REFORMA DE UNIDADE DE ATENÇÃO ESPECIALIZADA EM SAÚDE – HOSPITAL MUNICIPAL DR. EVANGELISTA DE OLIVEIRA (CNES 5012110), CONTEMPLANDO A INSTALAÇÃO DE UMA SUBESTAÇÃO AÉREA, UM GERADOR AMBOS DE 300KVA E QUADROS ALIMENTADORES, CONFORME PT N°. 1092840-81 E CONVÊNIO N° 955123 COM O MINISTÉRIO DA SAÚDE, JUNTO A SECRETARIA DE SAÚDE DO MUNICÍPIO DE IPU/CE.",829797.94,414898.97,829797.94,,2026-08-21,2026-08-21,2026-10-21,,,2026-09-16T09:04:43,2026-09-16T09:04:44,False,2,0,False,False,20260206/01-CE,,,,,20260206/01-CE.,07679723000108-2-000053/2026,Licita + Brasil,07679723000108,MUNICIPIO DE IPU,N,M,8,Serviços,1,Contrato (termo inicial),Ceará,CE,Ipu,55,Secretaria de Saúde/ Fundo Municipal de Saúde,2305803
07683188000169-1-000040/2025,,,2026,549,2026-09-16T09:07:15,PJ,34326829000109,LIMPEZA PÚBLICA,,,,"CONTRATAÇÃO DE EMPRESA ESPECIALIZADA NA AREA DE LIMPEZA PÚBLICA URBANA PARA PRESTAR OS SERVIÇOS DE LIMPEZA PÚBLICA, COLETA E TRANSPORTE DE RESIDUOS SÓLIDOS, CONSERVAÇÃO E MANUTENÇÃO DE VIAS PÚBLICAS E LOGRADOUROS, NAS AREAS URBANAS E RURAIS NO MUNICÍPIO DE IRAUQUBA — CE.",4717120.46,4717120.46,4717120.46,0.0,2026-07-15,2026-07-15,2027-06-02,,,2026-09-16T09:07:14,2026-09-16T09:07:15,False,1,0,False,False,2025.05.30.01-2ºADIT-SEINFRA,,,,,2025.05.30.01-2ºADIT,07683188000169-2-000549/2026,ASSESI BRASIL,07683188000169,MUNICIPIO DE IRAUCUBA,N,M,8,Serviços,8,Outros,Ceará,CE,Irauçuba,14,SECRETARIA DE INFRAESTRUTURA ,2306108
07693989000105-1-000063/2026,,,2026,224,2026-09-16T09:08:58,PJ,52610307000108,João Luiz de Araujo,,,,"CONTRATAÇÃO DE EMPRESA ESPECIALIZADA PARA SERVIÇOS DE ASSESSORIA, MONITORAMENTO E ACOMPANHAMENTO DOS SISTEMAS DE INFORMAÇÃO DE SAÚDE, COM ÊNFASE NO CONTROLE E AVALIAÇÃO DOS SEGUINTES SISTEMAS: SISTEMA SUS DIGITAL E DIGISUS, PARA PREFEITURA MUNICIPAL DE MONSENHOR TABOSA/CE.",56400.0,56400.0,56400.0,56400.0,2026-09-15,2026-09-15,2027-09-15,,,2026-09-16T09:08:47,2026-09-16T09:08:58,False,1,0,False,False,202609150001,,,,,0000720260817000206,07693989000105-2-000224/2026,M2A tecnologia,07693989000105,MUNICIPIO DE MONSENHOR TABOSA,N,M,8,Serviços,1,Contrato (termo inicial),Ceará,CE,Monsenhor Tabosa,202508,SECRETARIA DE SAUDE,2308609
07551179000114-1-000068/2026,,,2026,246,2026-09-16T09:10:12,PJ,11604192000161,DIOGO CARVALHEDO DE MACEDO NETO FISIO CENTER,,,,"LOCAÇÃO DE CONCENTRADORES DE OXIGENIO (CONCENTRADOR COM CAPACIDADE 10L/MIN MONTADO SOBRE RODÍZIOS), PARA ATENDER AS DEMANDAS DA SECRETARIA DE SAÚDE MUNICÍPIO DE QUITERIANÓPOLIS – CE.",58500.0,58500.0,58500.0,58500.0,2026-07-24,2026-07-24,2027-07-24,,,2026-09-16T09:09:42,2026-09-16T09:10:12,False,1,0,False,False,014/2026-D.E.01,,,,,0000720260622000126,07551179000114-2-000246/2026,M2A tecnologia,07551179000114,MUNICIPIO DE QUITERIANOPOLIS,N,M,8,Serviços,1,Contrato (termo inicial),Ceará,CE,Quiterianópolis,202503,FUNDO MUNICIPAL DE SAÚDE,2311264
23563067000130-1-000097/2026,,,2026,140,2026-09-16T09:17:07,PJ,41557349000106,DIAGA CONSTRUCOES E SERVICOS LTDA,,,,"Contratação de empresa para fornecimento e instalação de forros PVC para os pontos de atendimento para o setor de Cadastro Único e Bolsa Família, destinado a atender as necessidades da Secretaria de Desenvolvimento Social do Município de Eusebio/CE.",0.0,39200.0,39200.0,0.0,2026-09-09,2026-09-09,2026-12-31,,,2026-09-16T09:17:07,2026-09-16T09:17:07,False,1,0,False,False,091426,,,,,014/2026,23563067000130-2-000140/2026,BLL Compras,23563067000130,MUNICIPIO DE EUSEBIO,N,M,8,Serviços,1,Contrato (termo inicial),Ceará,CE,Eusébio,1,PREFEITURA MUNICIPAL DE EUSÉBIO - CE,2304285
07982036000167-1-000131/2026,07982036000167-1-000131/2026-000003,,2026,258,2026-09-16T09:17:43,PJ,49476603000153,LIMO MED DISTRIBUIDORA LTDA,,,,AQUISIÇÕES DE FÓRMULAS E SUPLEMENTOS NUTRICIONAIS PARA ATENDER AS NECESSIDADES DA SECRETARIA DE SAÚDE DO MUNICÍPIO DE CRATEÚS-CE,0.0,0.0,0.0,0.0,2026-09-10,2026-09-10,2027-09-10,,,2026-09-16T09:17:40,2026-09-16T09:17:43,False,1,0,False,False,20260911001,,,,,0000920260608000102,07982036000167-2-000258/2026,M2A tecnologia,07982036000167,MUNICIPIO DE CRATEUS,N,M,2,Compras,1,Contrato (termo inicial),Ceará,CE,Crateús,202504,SECRETARIA MUNICIPAL DE SAUDE,2304103
07982036000167-1-000131/2026,07982036000167-1-000131/2026-000002,,2026,259,2026-09-16T09:20:15,PJ,28530912000194,HOSPMEDICA DISTRIBUIDORA DE MEDICAMENTOS LTDA,,,,AQUISIÇÕES DE FÓRMULAS E SUPLEMENTOS NUTRICIONAIS PARA ATENDER AS NECESSIDADES DA SECRETARIA DE SAÚDE DO MUNICÍPIO DE CRATEÚS-CE,0.0,0.0,0.0,0.0,2026-09-11,2026-09-11,2027-09-11,,,2026-09-16T09:20:11,2026-09-16T09:20:15,False,1,0,False,False,202609110010,,,,,0000920260608000102,07982036000167-2-000259/2026,M2A tecnologia,07982036000167,MUNICIPIO DE CRATEUS,N,M,2,Compras,1,Contrato (termo inicial),Ceará,CE,Crateús,202504,SECRETARIA MUNICIPAL DE SAUDE,2304103
07533656000119-1-000148/2026,,,2026,203,2026-09-16T15:09:03,PJ,67816135000109,GLAYDSON ALBUQUERQUE DO NASCIMENTO,,,,"CONTRATAÇÃO DE EMPRESA ESPECIALIZADA PARA PRESTAÇÃO DE SERVIÇOS DE DECORAÇÃO TEMÁTICA, PRODUÇÃO, FORNECIMENTO, MONTAGEM, INSTALAÇÃO, CENOGRAFIA TEMÁTICA, PAISAGISMO, LOGÍSTICA, DESLOCAMENTO, EQUIPE OPERACIONAL E DESMONTAGEM, DESTINADOS À REALIZAÇÃO DA FESTA ""O MUNDO DAS CRIANÇAS"" REALIZADO POR MEIO DA SECRETARIA DE ASSISTÊNCIA SOCIAL DO MUNICÍPIO DE SÃO GONÇALO DO AMARANTE.",44990.0,44990.0,44990.0,44990.0,2026-09-16,2026-09-16,2027-03-15,,,2026-09-16T15:09:03,2026-09-16T15:09:03,False,1,0,False,False,202609160001,,,,,DE 025.2026-SAS,07533656000119-2-000203/2026,M2A tecnologia,07533656000119,MUNICIPIO DE SAO GONCALO DO AMARANTE,N,M,8,Serviços,1,Contrato (termo inicial),Ceará,CE,São Gonçalo do Amarante,202426,SECRETARIA DO TRAB. E DESENVOLVIMENTO SOCIAL,2312403
07810468000190-1-000063/2026,07810468000190-1-000063/2026-000003,,2026,490,2026-09-16T15:11:37,PJ,35649638000132,MN EMPREENDIMENTOS E SOLUÇÕES ADMINISTRATIVAS EIRELI,,,,"REGISTRO DE PREÇOS PARA FUTURA E EVENTUAL AQUISIÇÃO DE MATERIAL PARA COMUNICAÇÃO VISUAL, SERVIÇOS DE GRÁFICA RÁPIDA, IMPRESSOS EM GERAL, COM FORNECIMENTO CONTÍNUO, PARA ATENDER AS NECESSIDADES DAS DIVERSAS UNIDADES ADMINISTRATIVAS (SECRETARIAS) DA PREFEITURA DE IGUATU/CE, CONFORME ESPECIFICAÇÕES CONSTANTES NO TERMO DE REFERÊNCIA.",249535.0,249535.0,249535.0,,2026-08-17,2026-08-17,2027-08-17,,,2026-09-16T15:11:36,2026-09-16T15:11:37,False,1,0,False,False,2026.08.17.20,,,,,2026.01.23.01,07810468000190-2-000490/2026,BR Conectado,07810468000190,MUNICIPIO DE IGUATU,N,M,2,Compras,1,Contrato (termo inicial),Ceará,CE,Iguatu,1,PREFEITURA MUNICIPAL DE IGUATU - CE,2305506
07810468000190-1-000063/2026,07810468000190-1-000063/2026-000003,,2026,491,2026-09-16T15:11:39,PJ,35649638000132,MN EMPREENDIMENTOS E SOLUÇÕES ADMINISTRATIVAS EIRELI,,,,"REGISTRO DE PREÇOS PARA FUTURA E EVENTUAL AQUISIÇÃO DE MATERIAL PARA COMUNICAÇÃO VISUAL, SERVIÇOS DE GRÁFICA RÁPIDA, IMPRESSOS EM GERAL, COM FORNECIMENTO CONTÍNUO, PARA ATENDER AS NECESSIDADES DAS DIVERSAS UNIDADES ADMINISTRATIVAS (SECRETARIAS) DA PREFEITURA DE IGUATU/CE, CONFORME ESPECIFICAÇÕES CONSTANTES NO TERMO DE REFERÊNCIA.",34022.0,34022.0,34022.0,,2026-08-17,2026-08-17,2027-08-17,,,2026-09-16T15:11:39,2026-09-16T15:11:39,False,1,0,False,False, 2026.08.17.21,,,,,2026.01.23.01,07810468000190-2-000491/2026,BR Conectado,07810468000190,MUNICIPIO DE IGUATU,N,M,2,Compras,1,Contrato (termo inicial),Ceará,CE,Iguatu,1,PREFEITURA MUNICIPAL DE IGUATU - CE,2305506
07810468000190-1-000063/2026,07810468000190-1-000063/2026-000003,,2026,492,2026-09-16T15:11:42,PJ,35649638000132,MN EMPREENDIMENTOS E SOLUÇÕES ADMINISTRATIVAS EIRELI,,,,"REGISTRO DE PREÇOS PARA FUTURA E EVENTUAL AQUISIÇÃO DE MATERIAL PARA COMUNICAÇÃO VISUAL, SERVIÇOS DE GRÁFICA RÁPIDA, IMPRESSOS EM GERAL, COM FORNECIMENTO CONTÍNUO, PARA ATENDER AS NECESSIDADES DAS DIVERSAS UNIDADES ADMINISTRATIVAS (SECRETARIAS) DA PREFEITURA DE IGUATU/CE, CONFORME ESPECIFICAÇÕES CONSTANTES NO TERMO DE REFERÊNCIA.",14721.0,14721.0,14721.0,,2026-08-17,2026-08-17,2027-08-17,,,2026-09-16T15:11:42,2026-09-16T15:11:42,False,1,0,False,False,2026.08.17.22,,,,,2026.01.23.01,07810468000190-2-000492/2026,BR Conectado,07810468000190,MUNICIPIO DE IGUATU,N,M,2,Compras,1,Contrato (termo inicial),Ceará,CE,Iguatu,1,PREFEITURA MUNICIPAL DE IGUATU - CE,2305506
07810468000190-1-000063/2026,07810468000190-1-000063/2026-000003,,2026,493,2026-09-16T15:11:44,PJ,35649638000132,MN EMPREENDIMENTOS E SOLUÇÕES ADMINISTRATIVAS EIRELI,,,,"REGISTRO DE PREÇOS PARA FUTURA E EVENTUAL AQUISIÇÃO DE MATERIAL PARA COMUNICAÇÃO VISUAL, SERVIÇOS DE GRÁFICA RÁPIDA, IMPRESSOS EM GERAL, COM FORNECIMENTO CONTÍNUO, PARA ATENDER AS NECESSIDADES DAS DIVERSAS UNIDADES ADMINISTRATIVAS (SECRETARIAS) DA PREFEITURA DE IGUATU/CE, CONFORME ESPECIFICAÇÕES CONSTANTES NO TERMO DE REFERÊNCIA.",38423.5,38423.5,38423.5,,2026-08-17,2026-08-17,2027-08-17,,,2026-09-16T15:11:44,2026-09-16T15:11:44,False,1,0,False,False,2026.08.17.27,,,,,2026.01.23.01,07810468000190-2-000493/2026,BR Conectado,07810468000190,MUNICIPIO DE IGUATU,N,M,2,Compras,1,Contrato (termo inicial),Ceará,CE,Iguatu,1,PREFEITURA MUNICIPAL DE IGUATU - CE,2305506
07810468000190-1-000063/2026,07810468000190-1-000063/2026-000003,,2026,494,2026-09-16T15:11:46,PJ,35649638000132,MN EMPREENDIMENTOS E SOLUÇÕES ADMINISTRATIVAS EIRELI,,,,"REGISTRO DE PREÇOS PARA FUTURA E EVENTUAL AQUISIÇÃO DE MATERIAL PARA COMUNICAÇÃO VISUAL, SERVIÇOS DE GRÁFICA RÁPIDA, IMPRESSOS EM GERAL, COM FORNECIMENTO CONTÍNUO, PARA ATENDER AS NECESSIDADES DAS DIVERSAS UNIDADES ADMINISTRATIVAS (SECRETARIAS) DA PREFEITURA DE IGUATU/CE, CONFORME ESPECIFICAÇÕES CONSTANTES NO TERMO DE REFERÊNCIA.",75586.0,75586.0,75586.0,,2026-08-17,2026-08-17,2027-08-17,,,2026-09-16T15:11:46,2026-09-16T15:11:46,False,1,0,False,False,2026.08.17.28,,,,,2026.01.23.01,07810468000190-2-000494/2026,BR Conectado,07810468000190,MUNICIPIO DE IGUATU,N,M,2,Compras,1,Contrato (termo inicial),Ceará,CE,Iguatu,1,PREFEITURA MUNICIPAL DE IGUATU - CE,2305506
07810468000190-1-000063/2026,07810468000190-1-000063/2026-000002,,2026,495,2026-09-16T15:11:49,PJ,45205637000152,IMEDIATA PRODUCOES GRAFICAS LTDA,,,,"REGISTRO DE PREÇOS PARA FUTURA E EVENTUAL AQUISIÇÃO DE MATERIAL PARA COMUNICAÇÃO VISUAL, SERVIÇOS DE GRÁFICA RÁPIDA, IMPRESSOS EM GERAL, COM FORNECIMENTO CONTÍNUO, PARA ATENDER AS NECESSIDADES DAS DIVERSAS UNIDADES ADMINISTRATIVAS (SECRETARIAS) DA PREFEITURA DE IGUATU/CE, CONFORME ESPECIFICAÇÕES CONSTANTES NO TERMO DE REFERÊNCIA.",285227.35,285227.35,285227.35,,2026-08-17,2026-08-17,2027-08-17,,,2026-09-16T15:11:49,2026-09-16T15:11:49,False,1,0,False,False,2026.08.17.50,,,,,2026.01.23.01,07810468000190-2-000495/2026,BR Conectado,07810468000190,MUNICIPIO DE IGUATU,N,M,2,Compras,1,Contrato (termo inicial),Ceará,CE,Iguatu,1,PREFEITURA MUNICIPAL DE IGUATU - CE,2305506
07810468000190-1-000063/2026,07810468000190-1-000063/2026-000002,,2026,496,2026-09-16T15:11:58,PJ,45205637000152,IMEDIATA PRODUCOES GRAFICAS LTDA,,,,"REGISTRO DE PREÇOS PARA FUTURA E EVENTUAL AQUISIÇÃO DE MATERIAL PARA COMUNICAÇÃO VISUAL, SERVIÇOS DE GRÁFICA RÁPIDA, IMPRESSOS EM GERAL, COM FORNECIMENTO CONTÍNUO, PARA ATENDER AS NECESSIDADES DAS DIVERSAS UNIDADES ADMINISTRATIVAS (SECRETARIAS) DA PREFEITURA DE IGUATU/CE, CONFORME ESPECIFICAÇÕES CONSTANTES NO TERMO DE REFERÊNCIA.",1435251.0,1435251.0,1435251.0,,2026-08-17,2026-08-17,2027-08-17,,,2026-09-16T15:11:58,2026-09-16T15:11:58,False,1,0,False,False,2026.08.17.51,,,,,2026.01.23.01,07810468000190-2-000496/2026,BR Conectado,07810468000190,MUNICIPIO DE IGUATU,N,M,2,Compras,1,Contrato (termo inicial),Ceará,CE,Iguatu,1,PREFEITURA MUNICIPAL DE IGUATU - CE,2305506
07810468000190-1-000063/2026,07810468000190-1-000063/2026-000003,,2026,497,2026-09-16T15:12:03,PJ,35649638000132,MN EMPREENDIMENTOS E SOLUÇÕES ADMINISTRATIVAS EIRELI,,,,"REGISTRO DE PREÇOS PARA FUTURA E EVENTUAL AQUISIÇÃO DE MATERIAL PARA COMUNICAÇÃO VISUAL, SERVIÇOS DE GRÁFICA RÁPIDA, IMPRESSOS EM GERAL, COM FORNECIMENTO CONTÍNUO, PARA ATENDER AS NECESSIDADES DAS DIVERSAS UNIDADES ADMINISTRATIVAS (SECRETARIAS) DA PREFEITURA DE IGUATU/CE, CONFORME ESPECIFICAÇÕES CONSTANTES NO TERMO DE REFERÊNCIA.",7732.0,7732.0,7732.0,,2026-08-17,2026-08-17,2027-08-17,,,2026-09-16T15:12:02,2026-09-16T15:12:03,False,1,0,False,False,2026.08.17.23,,,,,2026.01.23.01,07810468000190-2-000497/2026,BR Conectado,07810468000190,MUNICIPIO DE IGUATU,N,M,2,Compras,1,Contrato (termo inicial),Ceará,CE,Iguatu,1,PREFEITURA MUNICIPAL DE IGUATU - CE,2305506
07810468000190-1-000063/2026,07810468000190-1-000063/2026-000003,,2026,498,2026-09-16T15:12:04,PJ,35649638000132,MN EMPREENDIMENTOS E SOLUÇÕES ADMINISTRATIVAS EIRELI,,,,"REGISTRO DE PREÇOS PARA FUTURA E EVENTUAL AQUISIÇÃO DE MATERIAL PARA COMUNICAÇÃO VISUAL, SERVIÇOS DE GRÁFICA RÁPIDA, IMPRESSOS EM GERAL, COM FORNECIMENTO CONTÍNUO, PARA ATENDER AS NECESSIDADES DAS DIVERSAS UNIDADES ADMINISTRATIVAS (SECRETARIAS) DA PREFEITURA DE IGUATU/CE, CONFORME ESPECIFICAÇÕES CONSTANTES NO TERMO DE REFERÊNCIA.",47321.0,47321.0,47321.0,,2026-08-17,2026-08-17,2027-08-17,,,2026-09-16T15:12:04,2026-09-16T15:12:04,False,1,0,False,False,2026.08.17.24,,,,,2026.01.23.01,07810468000190-2-000498/2026,BR Conectado,07810468000190,MUNICIPIO DE IGUATU,N,M,2,Compras,1,Contrato (termo inicial),Ceará,CE,Iguatu,1,PREFEITURA MUNICIPAL DE IGUATU - CE,2305506
07810468000190-1-000063/2026,07810468000190-1-000063/2026-000003,,2026,499,2026-09-16T15:12:11,PJ,35649638000132,MN EMPREENDIMENTOS E SOLUÇÕES ADMINISTRATIVAS EIRELI,,,,"REGISTRO DE PREÇOS PARA FUTURA E EVENTUAL AQUISIÇÃO DE MATERIAL PARA COMUNICAÇÃO VISUAL, SERVIÇOS DE GRÁFICA RÁPIDA, IMPRESSOS EM GERAL, COM FORNECIMENTO CONTÍNUO, PARA ATENDER AS NECESSIDADES DAS DIVERSAS UNIDADES ADMINISTRATIVAS (SECRETARIAS) DA PREFEITURA DE IGUATU/CE, CONFORME ESPECIFICAÇÕES CONSTANTES NO TERMO DE REFERÊNCIA.",50470.0,50470.0,50470.0,,2026-08-17,2026-08-17,2027-08-17,,,2026-09-16T15:12:11,2026-09-16T15:12:11,False,1,0,False,False,2026.08.17.19,,,,,2026.01.23.01,07810468000190-2-000499/2026,BR Conectado,07810468000190,MUNICIPIO DE IGUATU,N,M,2,Compras,1,Contrato (termo inicial),Ceará,CE,Iguatu,1,PREFEITURA MUNICIPAL DE IGUATU - CE,2305506
07810468000190-1-000063/2026,07810468000190-1-000063/2026-000003,,2026,500,2026-09-16T15:12:13,PJ,35649638000132,MN EMPREENDIMENTOS E SOLUÇÕES ADMINISTRATIVAS EIRELI,,,,"REGISTRO DE PREÇOS PARA FUTURA E EVENTUAL AQUISIÇÃO DE MATERIAL PARA COMUNICAÇÃO VISUAL, SERVIÇOS DE GRÁFICA RÁPIDA, IMPRESSOS EM GERAL, COM FORNECIMENTO CONTÍNUO, PARA ATENDER AS NECESSIDADES DAS DIVERSAS UNIDADES ADMINISTRATIVAS (SECRETARIAS) DA PREFEITURA DE IGUATU/CE, CONFORME ESPECIFICAÇÕES CONSTANTES NO TERMO DE REFERÊNCIA.",180997.0,180997.0,180997.0,,2026-08-17,2026-08-17,2027-08-17,,,2026-09-16T15:12:13,2026-09-16T15:12:13,False,1,0,False,False,2026.08.17.29,,,,,2026.01.23.01,07810468000190-2-000500/2026,BR Conectado,07810468000190,MUNICIPIO DE IGUATU,N,M,2,Compras,1,Contrato (termo inicial),Ceará,CE,Iguatu,1,PREFEITURA MUNICIPAL DE IGUATU - CE,2305506
07683188000169-1-000188/2024,,BRA,2026,557,2026-09-16T15:12:14,PJ,06015510000119,SERVIÇOS DA 1ª ETAPA DO SISTEMA DE ESGOTAMENTO SANITÁRIO DO MUNICÍPIO DE IRAUÇUBA - CE.,,,,CONTRATAÇÃO DE EMPRESA ESPECIALIZADA PARA EXECUÇÃO DOS SERVIÇOS DA 1ª ETAPA DO SISTEMA DE ESGOTAMENTO SANITÁRIO DO MUNICÍPIO DE IRAUÇUBA - CE.,4800000.0,4800000.0,4800000.0,0.0,2026-08-06,2026-08-08,2027-08-07,,,2026-09-16T15:12:13,2026-09-16T15:12:14,False,1,0,False,False,2025.08.12.01-1ºADIT-SEINFRA,,,,,2025.08.12.01-1ºADIT,07683188000169-2-000557/2026,ASSESI BRASIL,07683188000169,MUNICIPIO DE IRAUCUBA,N,M,1,Cessão,1,Contrato (termo inicial),Ceará,CE,Irauçuba,14,SECRETARIA DE INFRAESTRUTURA ,2306108
07810468000190-1-000063/2026,07810468000190-1-000063/2026-000003,,2026,501,2026-09-16T15:12:14,PJ,35649638000132,MN EMPREENDIMENTOS E SOLUÇÕES ADMINISTRATIVAS EIRELI,,,,"REGISTRO DE PREÇOS PARA FUTURA E EVENTUAL AQUISIÇÃO DE MATERIAL PARA COMUNICAÇÃO VISUAL, SERVIÇOS DE GRÁFICA RÁPIDA, IMPRESSOS EM GERAL, COM FORNECIMENTO CONTÍNUO, PARA ATENDER AS NECESSIDADES DAS DIVERSAS UNIDADES ADMINISTRATIVAS (SECRETARIAS) DA PREFEITURA DE IGUATU/CE, CONFORME ESPECIFICAÇÕES CONSTANTES NO TERMO DE REFERÊNCIA.",160378.5,160378.5,160378.5,,2026-08-17,2026-08-17,2027-08-17,,,2026-09-16T15:12:14,2026-09-16T15:12:14,False,1,0,False,False,2026.08.17.30,,,,,2026.01.23.01,07810468000190-2-000501/2026,BR Conectado,07810468000190,MUNICIPIO DE IGUATU,N,M,2,Compras,1,Contrato (termo inicial),Ceará,CE,Iguatu,1,PREFEITURA MUNICIPAL DE IGUATU - CE,2305506
07810468000190-1-000063/2026,07810468000190-1-000063/2026-000003,,2026,502,2026-09-16T15:12:16,PJ,35649638000132,MN EMPREENDIMENTOS E SOLUÇÕES ADMINISTRATIVAS EIRELI,,,,"REGISTRO DE PREÇOS PARA FUTURA E EVENTUAL AQUISIÇÃO DE MATERIAL PARA COMUNICAÇÃO VISUAL, SERVIÇOS DE GRÁFICA RÁPIDA, IMPRESSOS EM GERAL, COM FORNECIMENTO CONTÍNUO, PARA ATENDER AS NECESSIDADES DAS DIVERSAS UNIDADES ADMINISTRATIVAS (SECRETARIAS) DA PREFEITURA DE IGUATU/CE, CONFORME ESPECIFICAÇÕES CONSTANTES NO TERMO DE REFERÊNCIA.",154277.5,154277.5,154277.5,,2026-08-17,2026-08-17,2027-08-17,,,2026-09-16T15:12:16,2026-09-16T15:12:16,False,1,0,False,False,2026.08.17.32,,,,,2026.01.23.01,07810468000190-2-000502/2026,BR Conectado,07810468000190,MUNICIPIO DE IGUATU,N,M,2,Compras,1,Contrato (termo inicial),Ceará,CE,Iguatu,1,PREFEITURA MUNICIPAL DE IGUATU - CE,2305506
07810468000190-1-000063/2026,07810468000190-1-000063/2026-000003,,2026,503,2026-09-16T15:12:18,PJ,35649638000132,MN EMPREENDIMENTOS E SOLUÇÕES ADMINISTRATIVAS EIRELI,,,,"REGISTRO DE PREÇOS PARA FUTURA E EVENTUAL AQUISIÇÃO DE MATERIAL PARA COMUNICAÇÃO VISUAL, SERVIÇOS DE GRÁFICA RÁPIDA, IMPRESSOS EM GERAL, COM FORNECIMENTO CONTÍNUO, PARA ATENDER AS NECESSIDADES DAS DIVERSAS UNIDADES ADMINISTRATIVAS (SECRETARIAS) DA PREFEITURA DE IGUATU/CE, CONFORME ESPECIFICAÇÕES CONSTANTES NO TERMO DE REFERÊNCIA.",1139095.0,1139095.0,1139095.0,,2026-08-17,2026-08-17,2027-08-17,,,2026-09-16T15:12:18,2026-09-16T15:12:18,False,1,0,False,False,2026.08.17.34,,,,,2026.01.23.01,07810468000190-2-000503/2026,BR Conectado,07810468000190,MUNICIPIO DE IGUATU,N,M,2,Compras,1,Contrato (termo inicial),Ceará,CE,Iguatu,1,PREFEITURA MUNICIPAL DE IGUATU - CE,2305506
07810468000190-1-000063/2026,07810468000190-1-000063/2026-000003,,2026,504,2026-09-16T15:12:20,PJ,35649638000132,MN EMPREENDIMENTOS E SOLUÇÕES ADMINISTRATIVAS EIRELI,,,,"REGISTRO DE PREÇOS PARA FUTURA E EVENTUAL AQUISIÇÃO DE MATERIAL PARA COMUNICAÇÃO VISUAL, SERVIÇOS DE GRÁFICA RÁPIDA, IMPRESSOS EM GERAL, COM FORNECIMENTO CONTÍNUO, PARA ATENDER AS NECESSIDADES DAS DIVERSAS UNIDADES ADMINISTRATIVAS (SECRETARIAS) DA PREFEITURA DE IGUATU/CE, CONFORME ESPECIFICAÇÕES CONSTANTES NO TERMO DE REFERÊNCIA.",100301.5,100301.5,100301.5,,2026-08-17,2026-08-17,2027-08-17,,,2026-09-16T15:12:20,2026-09-16T15:12:20,False,1,0,False,False,2026.08.17.35,,,,,2026.01.23.01,07810468000190-2-000504/2026,BR Conectado,07810468000190,MUNICIPIO DE IGUATU,N,M,2,Compras,1,Contrato (termo inicial),Ceará,CE,Iguatu,1,PREFEITURA MUNICIPAL DE IGUATU - CE,2305506
07810468000190-1-000063/2026,07810468000190-1-000063/2026-000003,,2026,505,2026-09-16T15:12:25,PJ,35649638000132,MN EMPREENDIMENTOS E SOLUÇÕES ADMINISTRATIVAS EIRELI,,,,"REGISTRO DE PREÇOS PARA FUTURA E EVENTUAL AQUISIÇÃO DE MATERIAL PARA COMUNICAÇÃO VISUAL, SERVIÇOS DE GRÁFICA RÁPIDA, IMPRESSOS EM GERAL, COM FORNECIMENTO CONTÍNUO, PARA ATENDER AS NECESSIDADES DAS DIVERSAS UNIDADES ADMINISTRATIVAS (SECRETARIAS) DA PREFEITURA DE IGUATU/CE, CONFORME ESPECIFICAÇÕES CONSTANTES NO TERMO DE REFERÊNCIA.",113579.5,113579.5,113579.5,,2026-08-17,2026-08-17,2027-08-17,,,2026-09-16T15:12:25,2026-09-16T15:12:25,False,1,0,False,False,2026.08.17.25,,,,,2026.01.23.01,07810468000190-2-000505/2026,BR Conectado,07810468000190,MUNICIPIO DE IGUATU,N,M,2,Compras,1,Contrato (termo inicial),Ceará,CE,Iguatu,1,PREFEITURA MUNICIPAL DE IGUATU - CE,2305506
07810468000190-1-000063/2026,07810468000190-1-000063/2026-000003,,2026,506,2026-09-16T15:12:26,PJ,35649638000132,MN EMPREENDIMENTOS E SOLUÇÕES ADMINISTRATIVAS EIRELI,,,,"REGISTRO DE PREÇOS PARA FUTURA E EVENTUAL AQUISIÇÃO DE MATERIAL PARA COMUNICAÇÃO VISUAL, SERVIÇOS DE GRÁFICA RÁPIDA, IMPRESSOS EM GERAL, COM FORNECIMENTO CONTÍNUO, PARA ATENDER AS NECESSIDADES DAS DIVERSAS UNIDADES ADMINISTRATIVAS (SECRETARIAS) DA PREFEITURA DE IGUATU/CE, CONFORME ESPECIFICAÇÕES CONSTANTES NO TERMO DE REFERÊNCIA.",33589.8,33589.8,33589.8,,2026-08-17,2026-08-17,2027-08-17,,,2026-09-16T15:12:26,2026-09-16T15:12:26,False,1,0,False,False,2026.08.17.26,,,,,2026.01.23.01,07810468000190-2-000506/2026,BR Conectado,07810468000190,MUNICIPIO DE IGUATU,N,M,2,Compras,1,Contrato (termo inicial),Ceará,CE,Iguatu,1,PREFEITURA MUNICIPAL DE IGUATU - CE,2305506
07810468000190-1-000063/2026,07810468000190-1-000063/2026-000003,,2026,507,2026-09-16T15:12:28,PJ,35649638000132,MN EMPREENDIMENTOS E SOLUÇÕES ADMINISTRATIVAS EIRELI,,,,"REGISTRO DE PREÇOS PARA FUTURA E EVENTUAL AQUISIÇÃO DE MATERIAL PARA COMUNICAÇÃO VISUAL, SERVIÇOS DE GRÁFICA RÁPIDA, IMPRESSOS EM GERAL, COM FORNECIMENTO CONTÍNUO, PARA ATENDER AS NECESSIDADES DAS DIVERSAS UNIDADES ADMINISTRATIVAS (SECRETARIAS) DA PREFEITURA DE IGUATU/CE, CONFORME ESPECIFICAÇÕES CONSTANTES NO TERMO DE REFERÊNCIA.",11801.8,11801.8,11801.8,,2026-08-17,2026-08-17,2027-08-17,,,2026-09-16T15:12:28,2026-09-16T15:12:28,False,1,0,False,False,2026.08.17.31,,,,,2026.01.23.01,07810468000190-2-000507/2026,BR Conectado,07810468000190,MUNICIPIO DE IGUATU,N,M,2,Compras,1,Contrato (termo inicial),Ceará,CE,Iguatu,1,PREFEITURA MUNICIPAL DE IGUATU - CE,2305506
07810468000190-1-000063/2026,07810468000190-1-000063/2026-000003,,2026,508,2026-09-16T15:12:30,PJ,35649638000132,MN EMPREENDIMENTOS E SOLUÇÕES ADMINISTRATIVAS EIRELI,,,,"REGISTRO DE PREÇOS PARA FUTURA E EVENTUAL AQUISIÇÃO DE MATERIAL PARA COMUNICAÇÃO VISUAL, SERVIÇOS DE GRÁFICA RÁPIDA, IMPRESSOS EM GERAL, COM FORNECIMENTO CONTÍNUO, PARA ATENDER AS NECESSIDADES DAS DIVERSAS UNIDADES ADMINISTRATIVAS (SECRETARIAS) DA PREFEITURA DE IGUATU/CE, CONFORME ESPECIFICAÇÕES CONSTANTES NO TERMO DE REFERÊNCIA.",386527.5,386527.5,386527.5,,2026-08-17,2026-08-17,2027-08-17,,,2026-09-16T15:12:30,2026-09-16T15:12:30,False,1,0,False,False,2026.08.17.33,,,,,2026.01.23.01,07810468000190-2-000508/2026,BR Conectado,07810468000190,MUNICIPIO DE IGUATU,N,M,2,Compras,1,Contrato (termo inicial),Ceará,CE,Iguatu,1,PREFEITURA MUNICIPAL DE IGUATU - CE,2305506
35050756000120-1-000093/2026,,,2026,454,2026-09-16T15:22:12,PJ,14444477000170,WILSON GONZAGA NETO,,,,"CONTRATAÇÃO ARTÍSTICA DA BANDA O VERBO PARA APRESENTAÇÃO NO 6º FESTIVAL GASTRONÔMICO INTERNACIONAL DO PONTAL DO MACEIÓ, A REALIZAR-SE NO DIA 24 DE SETEMBRO DE 2026, COM DURAÇÃO DE 2 (DUAS) HORAS, JUNTO À SECRETARIA MUNICIPAL DE TURISMO E CULTURA DE FORTIM/CE.",10000.0,10000.0,10000.0,0.0,2026-09-09,2026-09-09,2026-12-08,,,2026-09-16T15:22:11,2026-09-16T15:22:12,False,1,0,False,False,0909.01/2026-SMTC,,,,,0909.01/2026-SMTC,35050756000120-2-000454/2026,ASSESI BRASIL,35050756000120,MUNICIPIO DE FORTIM,N,M,8,Serviços,1,Contrato (termo inicial),Ceará,CE,Fortim,2002,SECRETARIA MUNICIPAL DE TURISMO E CULTURA,2304459
35050756000120-1-000094/2026,,BRA,2026,455,2026-09-16T15:25:46,PJ,45984215000122,FABRICA D' AVENTURA LTDA,,,,"CONTRATAÇÃO ARTÍSTICA DO PIANISTA JOÃO VENTURA PARA APRESENTAÇÃO NO 6º FESTIVAL GASTRONÔMICO INTERNACIONAL DO PONTAL DO MACEIÓ, A REALIZAR-SE NO DIA 25 DE SETEMBRO DE 2026, COM DURAÇÃO DE 2 (DUAS) HORAS, JUNTO À SECRETARIA MUNICIPAL DE TURISMO E CULTURA DE FORTIM/CE.",8000.0,8000.0,8000.0,0.0,2026-09-09,2026-09-09,2026-12-08,,,2026-09-16T15:25:45,2026-09-16T15:25:46,False,1,0,False,False,0909.01/2026-SMTC,,,,,0909.02/2026-SMTC,35050756000120-2-000455/2026,ASSESI BRASIL,35050756000120,MUNICIPIO DE FORTIM,N,M,8,Serviços,1,Contrato (termo inicial),Ceará,CE,Fortim,2002,SECRETARIA MUNICIPAL DE TURISMO E CULTURA,2304459
35050756000120-1-000095/2026,,,2026,456,2026-09-16T15:28:39,PJ,29124383000191,JOLSON XIMENES VERAS MENDONCA LTDA,,,,"CONTRATAÇÃO ARTÍSTICA DA BANDA TRANSACIONAIS PARA APRESENTAÇÃO NO 6º FESTIVAL GASTRONÔMICO INTERNACIONAL DO PONTAL DO MACEIÓ, A REALIZAR-SE NO DIA 25 DE SETEMBRO DE 2026, COM DURAÇÃO DE 1 (UM) HORA E 30 (TRINTA) MINUTOS, JUNTO À SECRETARIA MUNICIPAL DE TURISMO E CULTURA DE FORTIM/CE.",15000.0,15000.0,15000.0,0.0,2026-09-09,2026-09-09,2026-12-08,,,2026-09-16T15:28:39,2026-09-16T15:28:39,False,1,0,False,False,0909.01/2026-SMTC,,,,,0909.03/2026-SMTC,35050756000120-2-000456/2026,ASSESI BRASIL,35050756000120,MUNICIPIO DE FORTIM,N,M,8,Serviços,1,Contrato (termo inicial),Ceará,CE,Fortim,2002,SECRETARIA MUNICIPAL DE TURISMO E CULTURA,2304459
07605850000162-1-000057/2025,07605850000162-1-000057/2025-000001,,2026,673,2026-09-16T10:08:12,PJ,54903303000143,EVVE HEALTH COMERCIO DE MEDICAMENTOS E MATERIAS MEDICOS LTDA,,,,"O objeto do presente contrato destina-se a aquisições de produtos utilizados em atividades de antissepsia, desinfecção e limpeza, como também itens para diagnóstico ambulatorial, em unidades da atenção primária e secundária, de interesse da Secretaria de Saúde/Fundo Municipal de Saúde-Administração Central e Hospital Municipal Dr. João Elísio de Holanda do Município de Maracanaú/Ce, tudo conforme especificações contidas no TERMO DE REFERÊNCIA constante dos Anexos do Edital, bem como proposta da contratada, edital e seus anexos do processo licitatório Pregão Eletrônico n° 14.005/2025PE e Ata de Registro de Preços n° 14.012/2025",24079.8,24079.8,24079.8,24079.8,2026-08-11,2026-08-11,2027-08-11,,,2026-09-16T10:08:11,2026-09-16T10:08:12,False,1,0,True,False,149026081106,,,,,14.005/2025PE,07605850000162-2-000673/2026,INTERSOL SERVICOS DE INFORMATICA LTDA,07605850000162,MUNICIPIO DE MARACANAU,N,M,2,Compras,1,Contrato (termo inicial),Ceará,CE,Maracanaú,01,SECRETARIA MUNICIPAL DE SAÚDE,2307650
07733256000157-1-000093/2025,07733256000157-1-000093/2025-000001,BRA,2026,665,2026-09-16T10:10:18,PJ,00866516000113,COMAGRI-COMERCIAL DE MADEIRA MATERIAL AGRICOLA E CONSTR,,,,"REGISTRO DE PREÇOS VISANDO A FUTURA E EVENTUAL AQUISIÇÃO DE MATERIAL DE CONSTRUÇÃO EM GERAL PARA ATENDER AS NECESSIDADES DA SECRETARIA DE GOVERNO, ADMINISTRAÇÃO E DESENVOLVIMENTO ECONÔMICO DO MUNICÍPIO DE SOLONÓPOLE-CE",27860.13,27860.13,27860.13,27860.13,2026-08-19,2026-08-19,2027-08-19,,,2026-09-16T10:09:34,2026-09-16T10:10:18,False,1,0,False,False,2026.08.19.01,,,,,0000720250602000106,07733256000157-2-000665/2026,M2A tecnologia,07733256000157,MUNICIPIO DE SOLONOPOLE,N,M,2,Compras,1,Contrato (termo inicial),Ceará,CE,Solonópole,51,Sec.Mun.de Governo Administ.e Desenv.Econômico,2313005
07963739000148-1-000037/2024,,,2024,30,2026-09-16T10:11:21,PJ,40560312000174,R E SOUSA CONSTRUCOES E SERVICOS LTDA,,,,"CONTRATAÇÃO DE EMPRESA PARA CONSTRUÇÃO DE PASSAGEM MOLHADA BANDEIRA, NO DISTRITO DE BANDEIRA NO MUNICÍPIO DE ITATIRA-CE.",449098.67,449098.67,449098.67,,2024-08-13,2024-08-13,2025-08-13,,,2026-09-16T10:11:19,2026-09-16T10:11:21,False,1,0,False,False,202408130001,,,,,1707.01/2024-CE,07963739000148-2-000030/2024,BR Conectado,07963739000148,MUNICIPIO DE ITATIRA,N,M,2,Compras,1,Contrato (termo inicial),Ceará,CE,Itatira,28138,Prefeitura Municipal de Itatira/CE,2306603
23563067000130-1-000098/2026,,,2026,141,2026-09-16T10:26:50,PJ,41557349000106,DIAGA CONSTRUCOES E SERVICOS LTDA,,,,"Contratação de empresa para o fornecimento e instalação de porta de madeira para atender as unidades socioassistenciais da Proteção Social Básica como Polos de Atendimento, Casas da Pessoa Idosa, Centro de Referência de Assistência Social – CRAS e outros, vinculadas a Secretaria de Desenvolvimento Social de Eusébio/CE",0.0,63000.0,63000.0,0.0,2026-09-09,2026-09-09,2026-12-31,,,2026-09-16T10:26:49,2026-09-16T10:26:50,False,1,0,False,False,091526,,,,,015/2026,23563067000130-2-000141/2026,BLL Compras,23563067000130,MUNICIPIO DE EUSEBIO,N,M,8,Serviços,1,Contrato (termo inicial),Ceará,CE,Eusébio,13,Secretaria de Desenvolvimento Social,2304285
07592298000115-1-000049/2026,07592298000115-1-000049/2026-000001,,2026,346,2026-09-16T10:29:11,PJ,27141930000111,FWFS COMERCIO E SERVICOS LTDA,,,,"AQUISIÇÃO DE GÊNEROS ALIMENTÍCIOS, HORTIFRUTIS E FRIOS, VISANDO ATENDER AS NECESSIDADES DA SECRETARIA DE SAÚDE DO MUNICÍPIO DE PARACURU/CE.",37207.25,37207.25,37207.25,37207.25,2026-09-14,2026-09-14,2027-09-14,,,2026-09-16T10:29:11,2026-09-16T10:29:11,False,1,0,False,False,202609140001,,,,,0002320251124000242,07592298000115-2-000346/2026,M2A tecnologia,07592298000115,MUNICIPIO DE PARACURU,N,M,2,Compras,1,Contrato (termo inicial),Ceará,CE,Paracuru,202505,FUNDO MUNICIPAL DE SAUDE,2310209
23563448000119-1-000088/2026,,,2026,47,2026-09-16T10:55:57,PJ,13903093000106,HIDROGERON TRATAMENTO DE ÁGUA E ESGOTO LTDA,,,,"CONTRATAÇÃO DE EMPRESA PARA PRESTAÇÃO DE SERVIÇO DE LOCAÇÃO DE (01) UMA PLANTA DE GERAÇÃO DE SOLUÇÃO OXIDANTE A BASE DE HIPOCLORITO DE SÓDIO, PEROXIDO DE HIDROGÊNIO, ÁCIDO HIPOCLOROSO E OUTROS AGENTES BACTERICIDAS A PARTIR DA DISSOCIAÇÃO ELETROLICA DO CLORETO DE SÓDIO NO PRÓPRIO LOCAL DE UTILIZAÇÃO, CADA SISTEMA DEVERÁ TER A CAPACIDADE DE PRODUÇÃO DE 24 KG DE CLORO ATIVO POR DIA, COM OPERAÇÃO CONTINUA DE 24 HORAS E SISTEMA DE SATURADOR DE FLUOSSILICATO DE SÓDIO PARA A MESMA LOCALIDADE, INCLUINDO MANUTENÇÃO PREVENTIVA, CORRETIVA E REPOSIÇÃO DE PEÇAS NECESSÁRIAS, A SER INSTALADO NAS ESTAÇÕES DE TRATAMENTO DE ÁGUA DO MUNICÍPIO, JUNTO AO SERVIÇO AUTÔNOMO DE ÁGUA E ESGOTO ? S.A.A.E DO MUNICÍPIO DE PINDORETAMA/CE.",40560.0,40560.0,40560.0,40560.0,2026-09-16,2026-09-16,2027-09-16,,,2026-09-16T10:55:55,2026-09-16T10:55:57,False,1,0,False,False,202609160001,,,,,0000920260828000146,23563448000119-2-000047/2026,M2A tecnologia,23563448000119,MUNICIPIO DE PINDORETAMA,N,M,8,Serviços,1,Contrato (termo inicial),Ceará,CE,Pindoretama,202514,SERVICO AUTONOMO DE AGUA E ESGOTO,2310852
07683188000169-1-000068/2025,,,2026,553,2026-09-16T11:05:05,PJ,26204708000158,SERVIÇOS DE LOCAÇÃO DE VEÍCULOS PARA ATENDER AS NECESSIDADES DA SECRETARIA DE INFRAESTRUTURA DO MUNI,,,,SERVIÇOS DE LOCAÇÃO DE VEÍCULOS PARA ATENDER AS NECESSIDADES DA SECRETARIA DE INFRAESTRUTURA DO MUNICÍPIO DE IRAUÇUBA/CE.,24199.2,2016.6,24199.2,0.0,2026-07-31,2026-08-02,2027-08-01,,,2026-09-16T11:05:05,2026-09-16T11:05:05,False,12,0,False,False,2025.08.01.01-1ºADIT-SEINFRA,,,,,2025.08.01.01-1ºADIT,07683188000169-2-000553/2026,ASSESI BRASIL,07683188000169,MUNICIPIO DE IRAUCUBA,N,M,8,Serviços,8,Outros,Ceará,CE,Irauçuba,14,SECRETARIA DE INFRAESTRUTURA ,2306108
14770466000180-1-000021/2026,14770466000180-1-000021/2026-000007,,2026,37,2026-09-16T14:09:13,PJ,19255771000158,T PINHEIRO PAIVA LTDA,,,,"REGISTRO DE PREÇO PARA EVENTUAL AQUISIÇÃO DE EQUIPAMENTOS MOBILIÁRIOS, DE RESPONSABILIDADE DO CONSÓRCIO PÚBLICO DE SAÚDE DA MICRORREGIÃO DE IGUATU-CE",10177.0,10177.0,10177.0,10177.0,2026-09-14,2026-09-14,2026-12-31,,,2026-09-16T14:09:11,2026-09-16T14:09:13,False,1,0,False,False,2026.09.14.04,,,,,0000120260618000228,14770466000180-2-000037/2026,M2A tecnologia,14770466000180,CONSORCIO PUBLICO DE SAUDE DA MICRORREGIAO DE IGUATU - CPSMIG,E,N,2,Compras,1,Contrato (termo inicial),Ceará,CE,Iguatu,202501,CONS.PUB.DE SAUDE DA MIC.DE IGUATU,2305506
07533656000119-1-000092/2026,07533656000119-1-000092/2026-000002,,2026,202,2026-09-16T14:15:02,PJ,13298511000183,"ABASTECE COMERCIO DE ARTIGOS DE ESCRITORIO, LIMPEZA E GENEROS ALIMENTICIOS LTDA",,,,"AQUISIÇÕES DE MATERIAL DE LIMPEZA, PRODUTOS DE HIGIENIZAÇÃO E AFINS, DESTINADOS A SUPRIR AS NECESSIDADES DA SECRETARIA DE EDUCAÇÃO DO MUNICÍPIO DE SÃO GONÇALO DO AMARANTE-CE",409333.0,409333.0,409333.0,409333.0,2026-09-09,2026-09-09,2027-09-09,,,2026-09-16T14:15:01,2026-09-16T14:15:02,False,1,0,False,False,20260434,,,,,PE 018.2026 - DIV,07533656000119-2-000202/2026,M2A tecnologia,07533656000119,MUNICIPIO DE SAO GONCALO DO AMARANTE,N,M,2,Compras,1,Contrato (termo inicial),Ceará,CE,São Gonçalo do Amarante,202537,SECRETARIA DE EDUCAÇÃO,2312403
07683188000169-1-000110/2025,,,2026,554,2026-09-16T14:21:09,PJ,32535323000176,AQUISIÇÃO DE MATERIAIS DIVERSOS E ITENS DE CUIDADO E HIGIENE PESSOAL PARA AS CRIANÇAS ATENDIDAS PELO,,,,"AQUISIÇÃO DE MATERIAIS DIVERSOS E ITENS DE CUIDADO E HIGIENE PESSOAL PARA AS CRIANÇAS ATENDIDAS PELOS BERÇÁRIOS DA REDE INFANTIL, DE RESPONSABILIDADE DA SECRETARIA DA EDUCAÇÃO DO MUNICÍPIO DE IRAUÇUBA/CE.",54525.0,54525.0,54525.0,0.0,2026-07-30,2026-07-30,2026-12-31,,,2026-09-16T14:21:08,2026-09-16T14:21:09,False,1,0,False,False,2025.09.30.03 -2ºADT SEDUC,,,,,2025.09.30.03 -2ºADT,07683188000169-2-000554/2026,ASSESI BRASIL,07683188000169,MUNICIPIO DE IRAUCUBA,N,M,1,Cessão,1,Contrato (termo inicial),Ceará,CE,Irauçuba,06,SECRETARIA DE EDUCAÇÃO,2306108
07810468000190-1-000063/2026,07810468000190-1-000063/2026-000002,,2026,476,2026-09-16T14:26:40,PJ,45205637000152,IMEDIATA PRODUCOES GRAFICAS LTDA,,,,"REGISTRO DE PREÇOS PARA FUTURA E EVENTUAL AQUISIÇÃO DE MATERIAL PARA COMUNICAÇÃO VISUAL, SERVIÇOS DE GRÁFICA RÁPIDA, IMPRESSOS EM GERAL, COM FORNECIMENTO CONTÍNUO, PARA ATENDER AS NECESSIDADES DAS DIVERSAS UNIDADES ADMINISTRATIVAS (SECRETARIAS) DA PREFEITURA DE IGUATU/CE, CONFORME ESPECIFICAÇÕES CONSTANTES NO TERMO DE REFERÊNCIA.",50454.08,50454.08,50454.08,,2026-08-17,2026-08-17,2027-08-17,,,2026-09-16T14:26:39,2026-09-16T14:26:40,False,1,0,False,False,2026.08.17.37,,,,,2026.01.23.01,07810468000190-2-000476/2026,BR Conectado,07810468000190,MUNICIPIO DE IGUATU,N,M,2,Compras,1,Contrato (termo inicial),Ceará,CE,Iguatu,1,PREFEITURA MUNICIPAL DE IGUATU - CE,2305506
07810468000190-1-000063/2026,07810468000190-1-000063/2026-000002,,2026,477,2026-09-16T14:26:42,PJ,45205637000152,IMEDIATA PRODUCOES GRAFICAS LTDA,,,,"REGISTRO DE PREÇOS PARA FUTURA E EVENTUAL AQUISIÇÃO DE MATERIAL PARA COMUNICAÇÃO VISUAL, SERVIÇOS DE GRÁFICA RÁPIDA, IMPRESSOS EM GERAL, COM FORNECIMENTO CONTÍNUO, PARA ATENDER AS NECESSIDADES DAS DIVERSAS UNIDADES ADMINISTRATIVAS (SECRETARIAS) DA PREFEITURA DE IGUATU/CE, CONFORME ESPECIFICAÇÕES CONSTANTES NO TERMO DE REFERÊNCIA.",3332.42,3332.42,3332.42,,2026-08-17,2026-08-17,2027-08-17,,,2026-09-16T14:26:42,2026-09-16T14:26:42,False,1,0,False,False,2026.08.17.40,,,,,2026.01.23.01,07810468000190-2-000477/2026,BR Conectado,07810468000190,MUNICIPIO DE IGUATU,N,M,2,Compras,1,Contrato (termo inicial),Ceará,CE,Iguatu,1,PREFEITURA MUNICIPAL DE IGUATU - CE,2305506
07810468000190-1-000063/2026,07810468000190-1-000063/2026-000002,,2026,478,2026-09-16T14:26:44,PJ,45205637000152,IMEDIATA PRODUCOES GRAFICAS LTDA,,,,"REGISTRO DE PREÇOS PARA FUTURA E EVENTUAL AQUISIÇÃO DE MATERIAL PARA COMUNICAÇÃO VISUAL, SERVIÇOS DE GRÁFICA RÁPIDA, IMPRESSOS EM GERAL, COM FORNECIMENTO CONTÍNUO, PARA ATENDER AS NECESSIDADES DAS DIVERSAS UNIDADES ADMINISTRATIVAS (SECRETARIAS) DA PREFEITURA DE IGUATU/CE, CONFORME ESPECIFICAÇÕES CONSTANTES NO TERMO DE REFERÊNCIA.",46907.42,46907.42,46907.42,,2026-08-17,2026-08-17,2027-08-17,,,2026-09-16T14:26:44,2026-09-16T14:26:44,False,1,0,False,False,2026.08.17.42,,,,,2026.01.23.01,07810468000190-2-000478/2026,BR Conectado,07810468000190,MUNICIPIO DE IGUATU,N,M,2,Compras,1,Contrato (termo inicial),Ceará,CE,Iguatu,1,PREFEITURA MUNICIPAL DE IGUATU - CE,2305506
07810468000190-1-000063/2026,07810468000190-1-000063/2026-000002,,2026,479,2026-09-16T14:26:47,PJ,45205637000152,IMEDIATA PRODUCOES GRAFICAS LTDA,,,,"REGISTRO DE PREÇOS PARA FUTURA E EVENTUAL AQUISIÇÃO DE MATERIAL PARA COMUNICAÇÃO VISUAL, SERVIÇOS DE GRÁFICA RÁPIDA, IMPRESSOS EM GERAL, COM FORNECIMENTO CONTÍNUO, PARA ATENDER AS NECESSIDADES DAS DIVERSAS UNIDADES ADMINISTRATIVAS (SECRETARIAS) DA PREFEITURA DE IGUATU/CE, CONFORME ESPECIFICAÇÕES CONSTANTES NO TERMO DE REFERÊNCIA.",209836.05,209836.05,209836.05,,2026-08-17,2026-08-17,2027-08-17,,,2026-09-16T14:26:46,2026-09-16T14:26:47,False,1,0,False,False,2026.08.17.45,,,,,2026.01.23.01,07810468000190-2-000479/2026,BR Conectado,07810468000190,MUNICIPIO DE IGUATU,N,M,2,Compras,1,Contrato (termo inicial),Ceará,CE,Iguatu,1,PREFEITURA MUNICIPAL DE IGUATU - CE,2305506
07810468000190-1-000063/2026,07810468000190-1-000063/2026-000002,,2026,480,2026-09-16T14:26:48,PJ,45205637000152,IMEDIATA PRODUCOES GRAFICAS LTDA,,,,"REGISTRO DE PREÇOS PARA FUTURA E EVENTUAL AQUISIÇÃO DE MATERIAL PARA COMUNICAÇÃO VISUAL, SERVIÇOS DE GRÁFICA RÁPIDA, IMPRESSOS EM GERAL, COM FORNECIMENTO CONTÍNUO, PARA ATENDER AS NECESSIDADES DAS DIVERSAS UNIDADES ADMINISTRATIVAS (SECRETARIAS) DA PREFEITURA DE IGUATU/CE, CONFORME ESPECIFICAÇÕES CONSTANTES NO TERMO DE REFERÊNCIA.",392186.75,392186.75,392186.75,,2026-08-17,2026-08-17,2027-08-17,,,2026-09-16T14:26:48,2026-09-16T14:26:48,False,1,0,False,False,2026.08.17.46,,,,,2026.01.23.01,07810468000190-2-000480/2026,BR Conectado,07810468000190,MUNICIPIO DE IGUATU,N,M,2,Compras,1,Contrato (termo inicial),Ceará,CE,Iguatu,1,PREFEITURA MUNICIPAL DE IGUATU - CE,2305506
07810468000190-1-000063/2026,07810468000190-1-000063/2026-000002,,2026,481,2026-09-16T14:26:51,PJ,45205637000152,IMEDIATA PRODUCOES GRAFICAS LTDA,,,,"REGISTRO DE PREÇOS PARA FUTURA E EVENTUAL AQUISIÇÃO DE MATERIAL PARA COMUNICAÇÃO VISUAL, SERVIÇOS DE GRÁFICA RÁPIDA, IMPRESSOS EM GERAL, COM FORNECIMENTO CONTÍNUO, PARA ATENDER AS NECESSIDADES DAS DIVERSAS UNIDADES ADMINISTRATIVAS (SECRETARIAS) DA PREFEITURA DE IGUATU/CE, CONFORME ESPECIFICAÇÕES CONSTANTES NO TERMO DE REFERÊNCIA.",255558.45,255558.45,255558.45,,2026-08-17,2026-08-17,2027-08-17,,,2026-09-16T14:26:50,2026-09-16T14:26:51,False,1,0,False,False,2026.08.17.47,,,,,2026.01.23.01,07810468000190-2-000481/2026,BR Conectado,07810468000190,MUNICIPIO DE IGUATU,N,M,2,Compras,1,Contrato (termo inicial),Ceará,CE,Iguatu,1,PREFEITURA MUNICIPAL DE IGUATU - CE,2305506
07810468000190-1-000063/2026,07810468000190-1-000063/2026-000002,,2026,482,2026-09-16T14:26:54,PJ,45205637000152,IMEDIATA PRODUCOES GRAFICAS LTDA,,,,"REGISTRO DE PREÇOS PARA FUTURA E EVENTUAL AQUISIÇÃO DE MATERIAL PARA COMUNICAÇÃO VISUAL, SERVIÇOS DE GRÁFICA RÁPIDA, IMPRESSOS EM GERAL, COM FORNECIMENTO CONTÍNUO, PARA ATENDER AS NECESSIDADES DAS DIVERSAS UNIDADES ADMINISTRATIVAS (SECRETARIAS) DA PREFEITURA DE IGUATU/CE, CONFORME ESPECIFICAÇÕES CONSTANTES NO TERMO DE REFERÊNCIA.",41044.38,41044.38,41044.38,,2026-08-17,2026-08-17,2027-08-17,,,2026-09-16T14:26:54,2026-09-16T14:26:54,False,1,0,False,False,2026.08.17.38,,,,,2026.01.23.01,07810468000190-2-000482/2026,BR Conectado,07810468000190,MUNICIPIO DE IGUATU,N,M,2,Compras,1,Contrato (termo inicial),Ceará,CE,Iguatu,1,PREFEITURA MUNICIPAL DE IGUATU - CE,2305506
07810468000190-1-000063/2026,07810468000190-1-000063/2026-000002,,2026,483,2026-09-16T14:26:57,PJ,45205637000152,IMEDIATA PRODUCOES GRAFICAS LTDA,,,,"REGISTRO DE PREÇOS PARA FUTURA E EVENTUAL AQUISIÇÃO DE MATERIAL PARA COMUNICAÇÃO VISUAL, SERVIÇOS DE GRÁFICA RÁPIDA, IMPRESSOS EM GERAL, COM FORNECIMENTO CONTÍNUO, PARA ATENDER AS NECESSIDADES DAS DIVERSAS UNIDADES ADMINISTRATIVAS (SECRETARIAS) DA PREFEITURA DE IGUATU/CE, CONFORME ESPECIFICAÇÕES CONSTANTES NO TERMO DE REFERÊNCIA.",71870.56,71870.56,71870.56,,2026-08-17,2026-08-17,2027-08-17,,,2026-09-16T14:26:57,2026-09-16T14:26:57,False,1,0,False,False,2026.08.17.49,,,,,2026.01.23.01,07810468000190-2-000483/2026,BR Conectado,07810468000190,MUNICIPIO DE IGUATU,N,M,2,Compras,1,Contrato (termo inicial),Ceará,CE,Iguatu,1,PREFEITURA MUNICIPAL DE IGUATU - CE,2305506
07810468000190-1-000063/2026,07810468000190-1-000063/2026-000002,,2026,484,2026-09-16T14:27:04,PJ,45205637000152,IMEDIATA PRODUCOES GRAFICAS LTDA,,,,"REGISTRO DE PREÇOS PARA FUTURA E EVENTUAL AQUISIÇÃO DE MATERIAL PARA COMUNICAÇÃO VISUAL, SERVIÇOS DE GRÁFICA RÁPIDA, IMPRESSOS EM GERAL, COM FORNECIMENTO CONTÍNUO, PARA ATENDER AS NECESSIDADES DAS DIVERSAS UNIDADES ADMINISTRATIVAS (SECRETARIAS) DA PREFEITURA DE IGUATU/CE, CONFORME ESPECIFICAÇÕES CONSTANTES NO TERMO DE REFERÊNCIA.",51477.76,51477.76,51477.76,,2026-08-17,2026-08-17,2027-08-17,,,2026-09-16T14:27:04,2026-09-16T14:27:04,False,1,0,False,False,2026.08.17.52,,,,,2026.01.23.01,07810468000190-2-000484/2026,BR Conectado,07810468000190,MUNICIPIO DE IGUATU,N,M,2,Compras,1,Contrato (termo inicial),Ceará,CE,Iguatu,1,PREFEITURA MUNICIPAL DE IGUATU - CE,2305506
07810468000190-1-000063/2026,07810468000190-1-000063/2026-000002,,2026,485,2026-09-16T14:27:06,PJ,45205637000152,IMEDIATA PRODUCOES GRAFICAS LTDA,,,,"REGISTRO DE PREÇOS PARA FUTURA E EVENTUAL AQUISIÇÃO DE MATERIAL PARA COMUNICAÇÃO VISUAL, SERVIÇOS DE GRÁFICA RÁPIDA, IMPRESSOS EM GERAL, COM FORNECIMENTO CONTÍNUO, PARA ATENDER AS NECESSIDADES DAS DIVERSAS UNIDADES ADMINISTRATIVAS (SECRETARIAS) DA PREFEITURA DE IGUATU/CE, CONFORME ESPECIFICAÇÕES CONSTANTES NO TERMO DE REFERÊNCIA.",7527.42,7527.42,7527.42,,2026-08-17,2026-08-17,2027-08-17,,,2026-09-16T14:27:05,2026-09-16T14:27:06,False,1,0,False,False,2026.08.17.39,,,,,2026.01.23.01,07810468000190-2-000485/2026,BR Conectado,07810468000190,MUNICIPIO DE IGUATU,N,M,2,Compras,1,Contrato (termo inicial),Ceará,CE,Iguatu,1,PREFEITURA MUNICIPAL DE IGUATU - CE,2305506
07810468000190-1-000063/2026,07810468000190-1-000063/2026-000002,,2026,486,2026-09-16T14:27:08,PJ,45205637000152,IMEDIATA PRODUCOES GRAFICAS LTDA,,,,"REGISTRO DE PREÇOS PARA FUTURA E EVENTUAL AQUISIÇÃO DE MATERIAL PARA COMUNICAÇÃO VISUAL, SERVIÇOS DE GRÁFICA RÁPIDA, IMPRESSOS EM GERAL, COM FORNECIMENTO CONTÍNUO, PARA ATENDER AS NECESSIDADES DAS DIVERSAS UNIDADES ADMINISTRATIVAS (SECRETARIAS) DA PREFEITURA DE IGUATU/CE, CONFORME ESPECIFICAÇÕES CONSTANTES NO TERMO DE REFERÊNCIA.",274896.75,274896.75,274896.75,,2026-08-17,2026-08-17,2027-08-17,,,2026-09-16T14:27:07,2026-09-16T14:27:08,False,1,0,False,False,2026.07.18.41,,,,,2026.01.23.01,07810468000190-2-000486/2026,BR Conectado,07810468000190,MUNICIPIO DE IGUATU,N,M,2,Compras,1,Contrato (termo inicial),Ceará,CE,Iguatu,1,PREFEITURA MUNICIPAL DE IGUATU - CE,2305506
07810468000190-1-000063/2026,07810468000190-1-000063/2026-000002,,2026,487,2026-09-16T14:27:10,PJ,45205637000152,IMEDIATA PRODUCOES GRAFICAS LTDA,,,,"REGISTRO DE PREÇOS PARA FUTURA E EVENTUAL AQUISIÇÃO DE MATERIAL PARA COMUNICAÇÃO VISUAL, SERVIÇOS DE GRÁFICA RÁPIDA, IMPRESSOS EM GERAL, COM FORNECIMENTO CONTÍNUO, PARA ATENDER AS NECESSIDADES DAS DIVERSAS UNIDADES ADMINISTRATIVAS (SECRETARIAS) DA PREFEITURA DE IGUATU/CE, CONFORME ESPECIFICAÇÕES CONSTANTES NO TERMO DE REFERÊNCIA.",17927.93,17927.93,17927.93,,2026-08-17,2026-08-17,2027-08-17,,,2026-09-16T14:27:10,2026-09-16T14:27:10,False,1,0,False,False,2026.08.17.43,,,,,2026.01.23.01,07810468000190-2-000487/2026,BR Conectado,07810468000190,MUNICIPIO DE IGUATU,N,M,2,Compras,1,Contrato (termo inicial),Ceará,CE,Iguatu,1,PREFEITURA MUNICIPAL DE IGUATU - CE,2305506
07810468000190-1-000063/2026,07810468000190-1-000063/2026-000002,,2026,488,2026-09-16T14:27:12,PJ,45205637000152,IMEDIATA PRODUCOES GRAFICAS LTDA,,,,"REGISTRO DE PREÇOS PARA FUTURA E EVENTUAL AQUISIÇÃO DE MATERIAL PARA COMUNICAÇÃO VISUAL, SERVIÇOS DE GRÁFICA RÁPIDA, IMPRESSOS EM GERAL, COM FORNECIMENTO CONTÍNUO, PARA ATENDER AS NECESSIDADES DAS DIVERSAS UNIDADES ADMINISTRATIVAS (SECRETARIAS) DA PREFEITURA DE IGUATU/CE, CONFORME ESPECIFICAÇÕES CONSTANTES NO TERMO DE REFERÊNCIA.",86281.58,86281.58,86281.58,,2026-08-17,2026-08-17,2027-08-17,,,2026-09-16T14:27:11,2026-09-16T14:27:12,False,1,0,False,False,2026.08.17.44,,,,,2026.01.23.01,07810468000190-2-000488/2026,BR Conectado,07810468000190,MUNICIPIO DE IGUATU,N,M,2,Compras,1,Contrato (termo inicial),Ceará,CE,Iguatu,1,PREFEITURA MUNICIPAL DE IGUATU - CE,2305506
07810468000190-1-000063/2026,07810468000190-1-000063/2026-000002,,2026,489,2026-09-16T14:27:14,PJ,45205637000152,IMEDIATA PRODUCOES GRAFICAS LTDA,,,,"REGISTRO DE PREÇOS PARA FUTURA E EVENTUAL AQUISIÇÃO DE MATERIAL PARA COMUNICAÇÃO VISUAL, SERVIÇOS DE GRÁFICA RÁPIDA, IMPRESSOS EM GERAL, COM FORNECIMENTO CONTÍNUO, PARA ATENDER AS NECESSIDADES DAS DIVERSAS UNIDADES ADMINISTRATIVAS (SECRETARIAS) DA PREFEITURA DE IGUATU/CE, CONFORME ESPECIFICAÇÕES CONSTANTES NO TERMO DE REFERÊNCIA.",11869.94,11869.94,11869.94,,2026-08-17,2026-08-17,2027-08-17,,,2026-09-16T14:27:14,2026-09-16T14:27:14,False,1,0,False,False,2026.08.17.48,,,,,2026.01.23.01,07810468000190-2-000489/2026,BR Conectado,07810468000190,MUNICIPIO DE IGUATU,N,M,2,Compras,1,Contrato (termo inicial),Ceará,CE,Iguatu,1,PREFEITURA MUNICIPAL DE IGUATU - CE,2305506
07623051000119-1-000095/2026,,,2026,144,2026-09-16T14:30:13,PJ,62675146000194,C&S EMPREENDIMENTOS LTDA,,,,CONTRATAÇÃO DE EMPRESA PARA PRESTAÇÃO DE SERVIÇO DE RECOMPOSIÇÃO ASFÁLTICA EM DIVERSAS RUAS DO MUNICÍPIO DE SÃO LUÍS DO CURU - CE.,123030.3,123030.3,123030.3,123030.3,2026-07-15,2026-07-15,2026-12-31,,,2026-09-16T14:30:12,2026-09-16T14:30:31,False,1,0,False,False,202607150001,,,,,0001020260629000188,07623051000119-2-000144/2026,M2A tecnologia,07623051000119,MUNICIPIO DE SAO LUIS DO CURU,N,M,9,Serviços de Engenharia,1,Contrato (termo inicial),Ceará,CE,São Luís do Curu,202410,SECRETARIA MUNICIPAL DE INFRAESTRUTURA,2312601
07605850000162-1-000221/2026,,,2026,676,2026-09-16T14:32:13,PJ,37535259000147,SEDEP SERVIÇO DE ENTREGA DE DESPACHOS E PUBLICAÇÕES LTDA,,,,"CONTRATAÇÃO DE SOLUÇÃO INFORMATIZADA (SOFTWARE COMO SERVIÇO – SAAS) PARA GESTÃO DE INTIMAÇÕES E PESQUISA JUDICIAL EM DIÁRIOS ELETRÔNICOS, PARA ATENDER ÀS NECESSIDADES DA DIRETORIA JURÍDICA DO INSTITUTO DE PREVIDÊNCIA DO MUNICÍPIO DE MARACANAÚ – IPM",0.0,3118.8,3118.8,0.0,2026-09-02,2026-09-02,2027-09-02,,,2026-09-16T14:32:13,2026-09-16T14:32:13,False,1,0,False,False,052026090202,,,,,052005/26-DL,07605850000162-2-000676/2026,BLL Compras,07605850000162,MUNICIPIO DE MARACANAU,N,M,8,Serviços,1,Contrato (termo inicial),Ceará,CE,Maracanaú,1,PREFEITURA MUNICIPAL DE MARACANAU - CE,2307650
35049097000101-1-000063/2026,,,2026,70,2026-09-16T11:15:48,PJ,05135166000139,AURIMAR BARBOSA FERNANDES,,,,Aquisição de bens e equipamentos para escolas da rede que atende estudantes em tempo Integral do município de Catunda.,960.0,960.0,960.0,960.0,2026-09-03,2026-09-03,2027-03-02,,,2026-09-16T11:15:47,2026-09-16T11:15:48,False,1,0,False,False,202609030003,,,,,0000720260812000184,35049097000101-2-000070/2026,M2A tecnologia,35049097000101,MUNICIPIO DE CATUNDA,N,M,2,Compras,1,Contrato (termo inicial),Ceará,CE,Catunda,27,Sec. de Educação- Fundeb,2303659
07660350000123-1-000087/2025,07660350000123-1-000087/2025-000003,BRA,2026,536,2026-09-16T11:16:44,PJ,31245967000167,CHROMOS DIAGNOSTICOS POR IMAGEM CAMOCIM LTDA,,,,"TOMOGRAFIA DOS OUVIDOS OU MASTOIDES - COM CONTRASTE | ANGIOTOMOGRAFIA AORTA ILIACAS - SEM SEDAÇÃO | TOMOGRAFIA DO PESCOÇO - COM SEDAÇÃO | ANGIOTOMOGRAFIA MIE - SEM SEDAÇÃO | ANGIOTOMOGRAFIA MID - SEM SEDAÇÃO | TOMOGRAFIA DOS OUVIDOS OU MASTOIDES- COM SEDAÇÃO | TOMOGRAFIA DA BACIA - SEM CONTRASTE | TOMOGRAFIA DO ABDOME SUPERIOR - COM CONTRASTE | TOMOGRAFIA DO CRANIO - COM CONTRASTE | TOMOGRAFIA DA MANDIBULA - COM CONTRASTE | TOMOGRAFIA DE QUADRIL- SEM CONTRASTE | TOMOGRAFIA DA BACIA - COM CONTRASTE | TOMOGRAFIA DO TORAX - COM SEDAÇÃO | TOMOGRAFIA DE QUADRIL - COM SEDAÇÃO | TOMOGRAFIA DO TORAX  - COM CONTRASTE | TOMOGRAFIA DA PELVE - SEM CONTRASTE | TOMOGRAFIA DO TORAX - SEM CONTRASTE | ANGIOTOMOGRAFIA AORTA TORACICA (TÓRAX) - SEM SEDAÇÃO | ANGIOTOMOGRAFIA ABDOMINAL - SEM SEDAÇÃO | TOMOGRAFIA DA EXTREMIDADE (BRAÇO, ANTEBRAÇO, MÃO, COXA, PERNA, PÉ, OMBRO, COTOVELO, PINHO, TORNOZELO, JOELHO) - SEM CONTRASTE | TOMOGRAFIA DA MANDIBULA - SEM CONTRASTE | TOMOGRAFIA DE VIAS URINÁRIAS - SEM CONTRASTE | TOMOGRAFIA DE CAVUM - COM CONTRASTE | TOMOGRAFIA DO PESCOÇO - SEM CONTRASTE | TOMOGRAFIA DO CRANIO - SEM CONTRASTE | TOMOGRAFIA DA ORBITA - COM SEDAÇÃO | TOMOGRAFIA DA BACIA - COM SEDAÇÃO | TOMOGRAFIA DE QUADRIL - COM CONTRASTE | TOMOGRAFIA DOS SEIOS DA FACE - COM CONTRASTE | TOMOGRAFIA DA PELVE - COM SEDAÇÃO | TOMOGRAFIA DA COLUNA DORSAL LOMBAR OU CERVICAL - COM SEDAÇÃO | TOMOGRAFIA DO ABDOME TOTAL - COM CONTRASTE | TOMOGRAFIA DA PELVE - COM CONTRASTE | TOMOGRAFIA DA COLUNA DORSAL LOMBAR OU CERVICAL - SEM CONTRASTE | TOMOGRAFIA DE VIAS URINÁRIAS - COM SEDAÇÃO | TOMOGRAFIA DE ARTICULAÇÃO - COM CONTRASTE | TOMOGRAFIA DA SELA TURCICA - COM SEDAÇÃO | TOMOGRAFIA DE ARTICULAÇÃO - COM SEDAÇÃO | TOMOGRAFIA DE CAVUM - SEM CONTRASTE | TOMOGRAFIA DE CAVUM - COM SEDAÇÃO | TOMOGRAFIA DA COLUNA DORSAL LOMBAR OU CERVICAL  - COM CONTRASTE | ANGIOTOMOGRAFIA CRÂNIO - SEM SEDAÇÃO | TOMOGRAFIA DE ARTICULAÇÃO SACROILÍACA - COM SEDAÇÃO | TOMOGRAFIA DA ORBITA - COM CONTRASTE | TOMOGRAFIA DA MANDIBULA - COM SEDAÇÃO | TOMOGRAFIA DO ABDOME SUPERIOR - COM SEDAÇÃO | ANGIOTOMOGRAFIA CERVICAL (CARÓTIDAS) - SEM SEDAÇÃO | TOMOGRAFIA DO PESCOÇO - COM CONTRASTE | TOMOGRAFIA DO CRANIO - COM SEDAÇÃO | ANGIOTOMOGRAFIA MMII - SEM SEDAÇÃO | TOMOGRAFIA DO ABDOME SUPERIOR - SEM CONTRASTE | TOMOGRAFIA DO ABDOME TOTAL - COM SEDAÇÃO | TOMOGRAFIA DA EXTREMIDADE (BRAÇO, ANTEBRAÇO, MÃO, COXA, PERNA, PÉ, OMBRO, COTOVELO, PINHO, TORNOZELO, JOELHO)  - COM CONTRASTE | TOMOGRAFIA DE ARTICULAÇÃO SACROILÍACA - COM CONTRASTE | TOMOGRAFIA DE ARTICULAÇÃO - - SEM CONTRASTE | TOMOGRAFIA DA ORBITA - SEM CONTRASTE | TOMOGRAFIA DOS SEIOS DA FACE - COM SEDAÇÃO | TOMOGRAFIA DOS OUVIDOS OU MASTOIDES - SEM CONTRASTE | TOMOGRAFIA DE VIAS URINÁRIAS - COM CONTRASTE | TOMOGRAFIA DA EXTREMIDADE (BRAÇO, ANTEBRAÇO, MÃO, COXA, PERNA, PÉ, OMBRO, COTOVELO, PINHO, TORNOZELO, JOELHO) - COM SEDAÇÃO | TOMOGRAFIA DOS SEIOS DA FACE - SEM CONTRASTE | TOMOGRAFIA DE ARTICULAÇÃO SACROILÍACA - SEM CONTRASTE | TOMOGRAFIA DA SELA TURCICA - SEM CONTRASTE | TOMOGRAFIA DA SELA TURCICA - COM CONTRASTE | TOMOGRAFIA DO ABDOME TOTAL - SEM CONTRASTE",4771.2,4771.2,4771.2,,2026-09-11,2026-09-11,2026-12-31,,,2026-09-16T11:16:44,2026-09-16T11:16:44,False,1,0,False,False,2025.06.30.001-12,,,,,2025.06.30.001,07660350000123-2-000536/2026,Licita + Brasil,07660350000123,MUNICIPIO DE CAMOCIM,N,M,8,Serviços,1,Contrato (termo inicial),Ceará,CE,Camocim,3,Secretaria de Saúde,2302602
35049097000101-1-000063/2026,,,2026,71,2026-09-16T11:20:20,PJ,03904969000185,DISTRIBUIDORA NORDESTE DE  SUPRIMENTOS LTDA,,,,Aquisição de bens e equipamentos para escolas da rede que atende estudantes em tempo Integral do município de Catunda.,19906.92,19906.92,19906.92,19906.92,2026-09-03,2026-09-03,2027-03-02,,,2026-09-16T11:20:20,2026-09-16T11:20:20,False,1,0,False,False,202609030005,,,,,0000720260812000184,35049097000101-2-000071/2026,M2A tecnologia,35049097000101,MUNICIPIO DE CATUNDA,N,M,2,Compras,1,Contrato (termo inicial),Ceará,CE,Catunda,27,Sec. de Educação- Fundeb,2303659
35049097000101-1-000063/2026,,,2026,72,2026-09-16T11:20:35,PJ,30607801000180,AGIL COMERCIO E DISTRIBUIDORA DE EQUIPAMENTOS LTDA,,,,Aquisição de bens e equipamentos para escolas da rede que atende estudantes em tempo Integral do município de Catunda.,44040.0,44040.0,44040.0,44040.0,2026-09-03,2026-09-03,2027-03-02,,,2026-09-16T11:20:35,2026-09-16T11:20:35,False,1,0,False,False,202609030004,,,,,0000720260812000184,35049097000101-2-000072/2026,M2A tecnologia,35049097000101,MUNICIPIO DE CATUNDA,N,M,2,Compras,1,Contrato (termo inicial),Ceará,CE,Catunda,27,Sec. de Educação- Fundeb,2303659
43008975000179-1-000015/2026,,,2026,38,2026-09-16T11:27:26,PJ,54305340000150,FENIX CONSTRUCOES E SERVICOS LTDA,,,,"CONTRATAÇÃO DE EMPRESA ESPECIALIZADA PARA A RECONSTRUÇÃO DA LAJE SUPERIOR DE BUEIRO CAPEADO BTCC (2,10M X 1,40M), NA LOCALIDADE DE UMARI, NO MUNICÍPIO DE AMONTADA/CE, SOB RESPONSABILIDADE DA SECRETARIA MUNICIPAL DE INFRAESTRUTURA.",101464.71,101464.71,101464.71,0.0,2026-06-08,2026-06-08,2026-09-08,,,2026-09-16T11:27:26,2026-09-16T11:27:26,False,1,0,False,False,20.05.01.2026.01,,,,,20.05.01.2026.01,43008975000179-2-000038/2026,ASSESI BRASIL,43008975000179,SECRETARIA DE INFRAESTRUTURA,E,M,9,Serviços de Engenharia,1,Contrato (termo inicial),Ceará,CE,Amontada,0401,SECRETARIA DE INFRAESTRUTURA,2300754
12459632000105-1-000044/2026,,,2026,16,2026-09-16T11:30:24,PJ,63071283000182,ALEX LEANDRO DA SILVA FERREIRA,,,,"AQUISIÇÃO DE RAÇÕES PARA O CENTRO DE PROTEÇÃO E BEM ESTAR ANIMAL, JUNTO A SECRETARIA DO MEIO AMBIENTE E MUDANÇA DO CLIMA DO MUNICIPIO DE BARREIRA/CE",51240.0,51240.0,51240.0,51240.0,2026-07-07,2026-07-07,2027-07-07,,,2026-09-16T11:30:21,2026-09-16T11:30:24,False,1,0,False,False,202607070002,,,,,0001220260615000164,12459632000105-2-000016/2026,M2A tecnologia,12459632000105,MUNICIPIO DE BARREIRA,N,M,2,Compras,1,Contrato (termo inicial),Ceará,CE,Barreira,8,Secretaria Municipal do Meio Ambiente,2301950
07963739000148-1-000059/2024,,,2024,32,2026-09-16T11:36:14,PJ,86797131000167,LEQUE - ASS. CONSULT. E PREST. DE SERV. LTDA,,,,Contratação de empresa especializada em elaboração de prestação de contas de recursos financeiros repassados pelo Fundo Nacional de Desenvolvimento da Educação - FNDE - a título de transferência voluntárias - para as Escolas da Rede Pública Municipal de Itatira (Unidades Executoras) - notadamente - dos recursos que foram repassados no exercício financeiro de 2023 e no exercício financeiro de 2024 - para aplicação nas ações previstas no Programa Dinheiro Direto na Escola - PDDE: - BÁSICO; - PDDE QUALIDADE; e - PDDE ESTRUTURA.,27600.0,27600.0,27600.0,27600.0,2024-09-03,2024-09-03,2025-07-30,,,2026-09-16T11:36:10,2026-09-16T11:36:14,False,1,0,False,False,202409030002,,,,,2608.01-2024DE,07963739000148-2-000032/2024,M2A tecnologia,07963739000148,MUNICIPIO DE ITATIRA,N,M,8,Serviços,1,Contrato (termo inicial),Ceará,CE,Itatira,202405, FUNDO MUNICIPAL DE EDUCACAO,2306603
07977044000115-1-000071/2026,,BRA,2026,158,2026-09-16T11:37:33,PJ,26775594000104,ALIANÇA DE OURO SERVIÇOS E EMPREENDIMENTOS LTDA,,,,"CONTRATAÇÃO DE EMPRESA ESPECIALIZADA PARA A PRESTAÇÃO DE SERVIÇOS DE ASSESSORIA E CONSULTORIA TECNICA, NA CONDUÇÃO DE ROTINAS NOS SERVIÇOS DE CONTROLE DE ALMOXARIFADO, COMBUSTIVEIS, PATRIMONIAL, COMPREENDENDO A ORIENTAÇÃO E ACOMPANHAMENTO DA EXECUÇÃO, ELABORAÇÃO E ORIENTAÇÕES TÉCNICAS EM ATENDIMENTO A CONSULTAS, PERTENCENTES A SECRETARIA DE SAÚDE DO MUNICIPIO DE MISSÃO VELHA/CE.",44400.0,44400.0,44400.0,,2026-08-24,2026-08-24,2027-08-24,,,2026-09-16T11:37:32,2026-09-16T11:37:33,False,1,0,False,False,2026.08.24.01,,,,,2026.08.03.01,07977044000115-2-000158/2026,BR Conectado,07977044000115,MUNICIPIO DE MISSAO VELHA,N,M,2,Compras,1,Contrato (termo inicial),Ceará,CE,Missão Velha,1,PREFEITURA MUNICIPAL DE MISSÃO VELHA - CE,2308401
35049097000101-1-000024/2025,35049097000101-1-000024/2025-000001,,2026,73,2026-09-16T11:38:58,PJ,16442794000183,CONCEITO MULTISERVICE LTDA,,,,Aquisição de Gêneros Alimentícios destinados as diversas Secretarias do município de Catunda-CE.,6213.52,6213.52,6213.52,6213.52,2026-09-15,2026-09-15,2027-09-15,,,2026-09-16T11:38:58,2026-09-16T11:38:58,False,1,0,False,False,005.2025.PE.SRP.ADM.2,,,,,0000720250210000106,35049097000101-2-000073/2026,M2A tecnologia,35049097000101,MUNICIPIO DE CATUNDA,N,M,2,Compras,1,Contrato (termo inicial),Ceará,CE,Catunda,11,"SECRETARIA DE PLANEJAMENTO, ADMINISTRAÇÃO E FINANÇAS",2303659
35049097000101-1-000024/2025,35049097000101-1-000024/2025-000001,,2026,74,2026-09-16T11:40:01,PJ,16442794000183,CONCEITO MULTISERVICE LTDA,,,,Aquisição de Gêneros Alimentícios destinados as diversas Secretarias do município de Catunda-CE.,6133.32,6133.32,6133.32,6133.32,2026-09-15,2026-09-15,2027-09-15,,,2026-09-16T11:40:01,2026-09-16T11:40:01,False,1,0,False,False,005.2025.PE.SRP.AGRI.2,,,,,0000720250210000106,35049097000101-2-000074/2026,M2A tecnologia,35049097000101,MUNICIPIO DE CATUNDA,N,M,2,Compras,1,Contrato (termo inicial),Ceará,CE,Catunda,13,"SECRETARIA DE AGRICULTURA, REC. HIDRICOS E MEIO AMBIENTE",2303659
07810468000190-1-000063/2026,07810468000190-1-000063/2026-000002,,2026,475,2026-09-16T12:18:32,PJ,45205637000152,IMEDIATA PRODUCOES GRAFICAS LTDA,,,,"REGISTRO DE PREÇOS PARA FUTURA E EVENTUAL AQUISIÇÃO DE MATERIAL PARA COMUNICAÇÃO VISUAL, SERVIÇOS DE GRÁFICA RÁPIDA, IMPRESSOS EM GERAL, COM FORNECIMENTO CONTÍNUO, PARA ATENDER AS NECESSIDADES DAS DIVERSAS UNIDADES ADMINISTRATIVAS (SECRETARIAS) DA PREFEITURA DE IGUATU/CE, CONFORME ESPECIFICAÇÕES CONSTANTES NO TERMO DE REFERÊNCIA.",21702.42,21702.42,21702.42,,2026-08-17,2026-08-17,2027-08-17,,,2026-09-16T12:18:32,2026-09-16T12:18:32,False,1,0,False,False,2026.08.17.36,,,,,2026.01.23.01,07810468000190-2-000475/2026,BR Conectado,07810468000190,MUNICIPIO DE IGUATU,N,M,2,Compras,1,Contrato (termo inicial),Ceará,CE,Iguatu,1,PREFEITURA MUNICIPAL DE IGUATU - CE,2305506
07733256000157-1-000123/2025,07733256000157-1-000123/2025-000004,BRA,2026,666,2026-09-16T12:29:11,PJ,06961353000134,M D LANDIM,,,,"REGISTRO DE PREÇO VISANDO A FUTURA E EVENTUAL AQUISIÇÃO DE MATERIAL DE EXPEDIENTE EM GERAL, DE INTERESSE DA SECRETARIA DE GOVERNO, ADMINISTRAÇÃO E DESENVOLVIMENTO ECONÔMICO DO MUNICIPIO DE SOLONÓPOLE-CE.",14043.8,14043.8,14043.8,14043.8,2026-08-28,2026-08-28,2027-08-28,,,2026-09-16T12:29:04,2026-09-16T12:29:11,False,1,0,False,False,2026.08.28.01,,,,,0000520250815000180,07733256000157-2-000666/2026,M2A tecnologia,07733256000157,MUNICIPIO DE SOLONOPOLE,N,M,2,Compras,1,Contrato (termo inicial),Ceará,CE,Solonópole,51,Sec.Mun.de Governo Administ.e Desenv.Econômico,2313005
07733256000157-1-000123/2025,07733256000157-1-000123/2025-000004,BRA,2026,667,2026-09-16T12:31:30,PJ,06961353000134,M D LANDIM,,,,"REGISTRO DE PREÇO VISANDO A FUTURA E EVENTUAL AQUISIÇÃO DE MATERIAL DE EXPEDIENTE EM GERAL, DE INTERESSE DA SECRETARIA DE FINANÇAS E PLANEJAMENTO DO MUNICIPIO DE SOLONÓPOLE-CE.",13845.2,13845.2,13845.2,13845.2,2026-08-28,2026-08-28,2027-08-28,,,2026-09-16T12:31:23,2026-09-16T12:31:30,False,1,0,False,False,2026.08.28.02,,,,,0000520250815000180,07733256000157-2-000667/2026,M2A tecnologia,07733256000157,MUNICIPIO DE SOLONOPOLE,N,M,2,Compras,1,Contrato (termo inicial),Ceará,CE,Solonópole,202552,SECRETARIA MUNICIPAL DE FINANÇAS E PLANEJAMENTO,2313005
07807191000147-1-000100/2026,,,2026,146,2026-09-16T12:33:04,PJ,63760994000164,AC INDUSTRIA E COMERCIO LTDA,,,,Aquisição de colchões para berço e colchonetes destinados às escolas de tempo integral e às creches com berçários da Rede Municipal de Ensino de Quixeré/CE,144750.0,144750.0,144750.0,144750.0,2026-09-14,2026-09-14,2027-09-14,,,2026-09-16T12:33:03,2026-09-16T12:33:04,False,1,0,False,False,202609140002,,,,,0023/2026 - SEDUC,07807191000147-2-000146/2026,M2A tecnologia,07807191000147,MUNICIPIO DE QUIXERE,N,M,2,Compras,1,Contrato (termo inicial),Ceará,CE,Quixeré,13,FUNDEB - Fundo de Desenvolvimento de Educação Básica,2311504
07733256000157-1-000123/2025,07733256000157-1-000123/2025-000004,BRA,2026,668,2026-09-16T12:40:34,PJ,06961353000134,M D LANDIM,,,,"REGISTRO DE PREÇO VISANDO A FUTURA E EVENTUAL AQUISIÇÃO DE MATERIAL DE EXPEDIENTE EM GERAL, DE INTERESSE DA SECRETARIA DE CONTROLADORIA E OUVIDORIA GERAL DO MUNICIPIO DE SOLONÓPOLE-CE.",1571.6,1571.6,1571.6,1571.6,2026-08-28,2026-08-28,2027-08-28,,,2026-09-16T12:40:27,2026-09-16T12:40:34,False,1,0,False,False,2026.08.28.03,,,,,0000520250815000180,07733256000157-2-000668/2026,M2A tecnologia,07733256000157,MUNICIPIO DE SOLONOPOLE,N,M,2,Compras,1,Contrato (termo inicial),Ceará,CE,Solonópole,15,CONTROLADORIA E OUVIDORIA GERAL DO MUNICÍPIO,2313005
07733256000157-1-000123/2025,07733256000157-1-000123/2025-000004,BRA,2026,669,2026-09-16T12:53:28,PJ,06961353000134,M D LANDIM,,,,"REGISTRO DE PREÇO VISANDO A FUTURA E EVENTUAL AQUISIÇÃO DE MATERIAL DE EXPEDIENTE EM GERAL, DE INTERESSE DA SECRETARIA DE INFRAESTRUTURA DO MUNICIPIO DE SOLONÓPOLE-CE.",3706.12,3706.12,3706.12,3706.12,2026-08-28,2026-08-28,2027-08-28,,,2026-09-16T12:53:21,2026-09-16T12:53:28,False,1,0,False,False,2026.08.28.04,,,,,0000520250815000180,07733256000157-2-000669/2026,M2A tecnologia,07733256000157,MUNICIPIO DE SOLONOPOLE,N,M,2,Compras,1,Contrato (termo inicial),Ceará,CE,Solonópole,202543,SECRETARIA MUNICIPAL DE INFRAESTRUTURA,2313005
00394544000185-1-001762/2026,,,2026,10397,2026-09-16T13:03:20,PJ,35963479000146,ESAFI - ESCOLA DE ADMINISTRACAO E TREINAMENTO LTDA,,,,"CONTRATAÇÃO DE 3 (TRÊS) VAGAS PARA PARTICIPAÇÃO NO CURSO FISCALIZAÇÃO DE CONTRATOS. O CURSO TEM COMO OBJETIVO CAPACITAR OS PARTICIPANTES PARA ATUAR DE FORMA EFICIENTE E ASSERTIVA NA GESTÃO E FISCALIZAÇÃO DE CONTRATOS ADMINISTRATIVOS, ALINHANDO SUAS PRÁTICAS ÀS EXIGÊNCIAS E INOVAÇÕES TRAZIDAS PELA NOVA LEI DE LICITAÇÕES E CONTRATOS ADMINISTRATIVOS (LEI Nº 14.133/2021).",11868.0,11868.0,11868.0,,2026-08-21,2026-08-21,2026-08-28,,,2026-09-16T13:03:16,2026-09-16T13:03:20,False,1,0,False,False,2026NE000054,,,,False,25016.002321/2026-48,00394544000185-2-010397/2026,Contratos.gov.br,00394544000185,MINISTERIO DA SAUDE,E,F,8,Serviços,7,Empenho,Ceará,CE,Fortaleza,250017,SUPERINTENDENCIA ESTADUAL DO MS/CE,2304400
07598683000170-1-000051/2026,,,2026,92,2026-09-16T13:24:32,PJ,54305340000150,FENIX CONSTRUCOES E SERVICOS LTDA,,,,"CONTRATAÇÃO DE EMPRESA ESPECIALIZADA EM ENGENHARIA CIVIL PARA A EXECUÇÃO DE SERVIÇOS DE REVITALIZAÇÃO E ADEQUAÇÃO NO ACESSO À ESCOLA JOSÉ XIMENES ALBUQUERQUE, LOCALIZADA NO DISTRITO DE SÃO VICENTE, NO MUNICÍPIO DE MERUOCA/CE",58042.21,58042.21,58042.21,58042.21,2026-09-01,2026-09-01,2027-09-01,,,2026-09-16T13:24:30,2026-09-16T13:24:32,False,1,0,False,False,2907.001-2026-01,,,,,2907.001-2026,07598683000170-2-000092/2026,M2A tecnologia,07598683000170,MUNICIPIO DE MERUOCA,N,M,9,Serviços de Engenharia,1,Contrato (termo inicial),Ceará,CE,Meruoca,202501,PREFEITURA MUNICIPAL DE MERUOCA,2308203
07673106000103-1-000064/2026,,,2026,115,2026-09-16T13:27:04,PJ,12467321000180,CASPE SERVIÇOS DE CONTABILIDADE PÚBLICA E EMPRESARIAL SS,,,,"CONTRATAÇÃO DA PRESTAÇÃO DE SERVIÇOS TÉCNICOS DE ELABORAÇÃO DO PROJETO DE LEI ORÇAMENTÁRIA ANUAL - LOA PARA O EXERCÍCIO FINANCEIRO DE 2027, JUNTO A SECRETARIA DE FINANÇAS DO MUNICÍPIO DE FORQUILHA/CE",40000.0,40000.0,40000.0,,2026-09-04,2026-09-04,2026-12-31,,,2026-09-16T13:27:03,2026-09-16T13:27:04,False,1,0,False,False,2026.08.25.001,,,,,2026.08.25.001,07673106000103-2-000115/2026,Novo BBMNET Licitações,07673106000103,MUNICIPIO DE FORQUILHA,N,M,8,Serviços,1,Contrato (termo inicial),Ceará,CE,Forquilha,1242,Forquilha,2304350
07605850000162-1-000219/2026,,,2026,677,2026-09-16T14:38:18,PJ,53445311000120,TH SERVIÇOS LTDA,,,,"CONTRATAÇÃO DE SERVIÇOS TÉCNICOS DE REVISÃO, CONFERÊNCIA, VALIDAÇÃO E SANEAMENTO DAS INFORMAÇÕES PRESTADAS NAS DECLARAÇÕES DO IMPOSTO SOBRE A RENDA RETIDO NA FONTE (DIRF) DOS ÚLTIMOS CINCO EXERCÍCIOS DO INSTITUTO DE PREVIDÊNCIA DO MUNICÍPIO DE MARACANAÚ ",0.0,12000.0,12000.0,0.0,2026-09-02,2026-09-02,2026-12-31,,,2026-09-16T14:38:18,2026-09-16T14:38:18,False,1,0,False,False,052026090201,,,,,052004/26-DL,07605850000162-2-000677/2026,BLL Compras,07605850000162,MUNICIPIO DE MARACANAU,N,M,8,Serviços,1,Contrato (termo inicial),Ceará,CE,Maracanaú,1,PREFEITURA MUNICIPAL DE MARACANAU - CE,2307650
23555196000186-1-000002/2026,23555196000186-1-000002/2026-000001,,2026,701,2026-09-16T14:39:51,PJ,22346772000112,SAVIRES ILUMINACAO E CONSTRUCOES LTDA,,,,"AMPLIAÇÃO DE REDE DE ILUMINAÇÃO PÚBLICA EM BAIRROS DA SEDE (CENTRO, DIADEMA, DISTRITO INDUSTRIAL, MAL COZINHADO, ZUMBI, BUENOS AIRES, LAGOINHA, CATOLÉ, CACHOEIRA E PLANALTO HORIZONTE) E NOS DISTRITOS DE ANINGAS (CANAVIEIRA DOS PINHEIROS) E QUEIMADAS, NO MUNICÍPIO DE HORIZONTE/CE",1498681.46,1498681.46,1498681.46,,2026-09-15,2026-09-15,2027-09-15,,,2026-09-16T14:39:50,2026-09-16T14:39:51,False,1,0,False,False,2026.09.10.1,,,,,2025.12.03.1,23555196000186-2-000701/2026,Compras.gov.br,23555196000186,MUNICIPIO DE HORIZONTE,N,M,7,Obras,1,Contrato (termo inicial),Ceará,CE,Horizonte,981253,PREFEITURA MUNICIPAL DE HORIZONTE - CE,2305233
07683188000169-1-000009/2025,,,2026,555,2026-09-16T14:52:04,PJ,00611868000128,SERVIÇOS DE PAVIMENTAÇÃO DE ESTRADA VICINAL NO MUNICÍPIO DE IRAUÇUBA - CE.,,,,CONTRATAÇÃO DE EMPRESA ESPECIALIZADA PARA EXECUÇÃO DOS SERVIÇOS DE PAVIMENTAÇÃO DE ESTRADA VICINAL NO MUNICÍPIO DE IRAUÇUBA - CE.,953337.49,953337.49,953337.49,0.0,2026-05-13,2026-05-15,2026-08-14,,,2026-09-16T14:52:04,2026-09-16T14:52:04,False,1,0,False,False,2025.04.15.01-4ºADIT-SEINFRA,,,,,2025.04.15.01-4ºADIT,07683188000169-2-000555/2026,ASSESI BRASIL,07683188000169,MUNICIPIO DE IRAUCUBA,N,M,8,Serviços,8,Outros,Ceará,CE,Irauçuba,14,SECRETARIA DE INFRAESTRUTURA ,2306108
07891674000172-1-000121/2026,,,2026,291,2026-09-16T14:52:36,PJ,26393102000108,E P BARBOSA COMERCIO DE MAQUINAS E FERRAMENTAS LTDA,,,,"BOTA (ACE) BOTA BOTINA SEGURANÇA PU (POLIURETANO) SEM CADARÇO, TAMANHOS VARIADOS",3066.5,255.5416,3066.5,,2026-09-04,2026-09-04,2027-09-04,,,2026-09-16T14:52:36,2026-09-16T14:52:36,False,12,0,False,False,20260407 SESA,,,,,016/2026,07891674000172-2-000291/2026,Licita + Brasil,07891674000172,MUNICIPIO DE LIMOEIRO DO NORTE,N,M,2,Compras,1,Contrato (termo inicial),Ceará,CE,Limoeiro do Norte,14,Secretaria de Saúde (SESA),2307601
06582449000191-1-000039/2025,06582449000191-1-000039/2025-000001,,2026,58,2026-09-16T14:52:58,PJ,19612832000197,UBR COMERCIO DE ALIMENTOS SERVICOS CARNES E FRIOS LTDA,,,,"AQUISIÇÃO DE LANCHES E REFEIÇÕES, PARA ATENDER AS DEMANDAS DA SECRETARIA MUNICIPAL DA INDÚTRIA COMÉRCIO E DESENVOLVIMENTO ECONÔMICO MUNICÍPIO DE AMONTADA/CE",1.0,1.0,1.0,0.0,2026-08-17,2026-08-17,2026-12-31,,,2026-09-16T14:52:58,2026-09-16T14:52:58,False,1,0,False,False,27.11.02.2025.05.08-AD,,,,,27.11.02.2025.05.08-AD,06582449000191-2-000058/2026,ASSESI BRASIL,06582449000191,MUNICIPIO DE AMONTADA,N,M,2,Compras,1,Contrato (termo inicial),Ceará,CE,Amontada,02.01,GABINETE DO PREFEITO,2300754
07683188000169-1-000009/2025,,,2026,556,2026-09-16T14:56:39,PJ,00611868000128,SERVIÇOS DE PAVIMENTAÇÃO DE ESTRADA VICINAL NO MUNICÍPIO DE IRAUÇUBA - CE.,,,,CONTRATAÇÃO DE EMPRESA ESPECIALIZADA PARA EXECUÇÃO DOS SERVIÇOS DE PAVIMENTAÇÃO DE ESTRADA VICINAL NO MUNICÍPIO DE IRAUÇUBA - CE.,953337.49,953337.49,953337.49,0.0,2026-08-13,2026-08-15,2026-11-14,,,2026-09-16T14:56:38,2026-09-16T14:56:39,False,1,0,False,False,2025.04.15.01-5ºADIT-SEINFRA,,,,,2025.04.15.01-5ºADIT,07683188000169-2-000556/2026,ASSESI BRASIL,07683188000169,MUNICIPIO DE IRAUCUBA,N,M,1,Cessão,1,Contrato (termo inicial),Ceará,CE,Irauçuba,14,SECRETARIA DE INFRAESTRUTURA ,2306108
07954605000160-1-000295/2026,07954605000160-1-000295/2026-000003,,2026,692,2026-09-16T21:00:06,PJ,28345933000130,PURAH MEDICAL & CO LTDA,,,,"CONTRATACAO DE EMPRESA PARA O REGISTRO DE PRECOS VISANDO AQUISICOES FUTURAS E EVENTUAIS DE MMH – DISPOSITIVOS INTRAVENOSOS E SERINGAS DESCARTAVEIS, PARA ATENDER A DEMANDA DA SECRETARIA MUNICIPAL DE SAUDE DE FORTALEZA – SMS, DE ACORDO COM AS ESPECIFICACOES E QUANTITATIVOS PREVISTOS NO ANEXO I – TERMO DE REFERENCIA DESTE EDITAL, PREGAO ELETRONICO Nº 90088/2026. PROC. ADM P216930/2026 E CONTRATO DE Nº. 381/2026– SMS.",87442.5,87442.5,87442.5,,2026-08-14,2026-08-14,2027-08-14,,,2026-09-16T15:00:54,2026-09-16T21:00:06,False,1,1,False,False,28167,,,,,381/2026,07954605000160-2-000692/2026,Controladoria e Ouvidoria Geral do Município,07954605000160,MUNICIPIO DE FORTALEZA,N,M,8,Serviços,1,Contrato (termo inicial),Ceará,CE,Fortaleza,25901,Fundo Municipal de Saúde,2304400
07954605000160-1-000176/2026,07954605000160-1-000176/2026-000003,,2026,693,2026-09-16T21:00:07,PJ,56982062000109,GIRASSOL REPRESENTACOES DE MEDICAMENTOS E PRODUTOS HOSPITALARES LTDA,,,,"P214526/2026 - O PRESENTE CONTRATO TEM POR OBJETO A CONTRATACAO DE A SELECAO DE EMPRESA PARA O REGISTRO DE PRECOS VISANDO AQUISICOES FUTURAS E EVENTUAIS DE ALCOOL ANTISSEPTICO 70% E OUTROS, PARA ATENDER À DEMANDA DA SECRETARIA MUNICIPAL DA SAUDE DE FORTALEZA - SMS, DE ACORDO COM AS ESPECIFICACOES E QUANTITATIVOS PREVISTOS NO ANEXO I – TERMO DE REFERENCIA DO EDITAL",97093.7,97093.7,97093.7,,2026-07-30,2026-07-30,2027-07-30,,,2026-09-16T15:01:02,2026-09-16T21:00:07,False,1,1,False,False,28168,,,,,349/2026,07954605000160-2-000693/2026,Controladoria e Ouvidoria Geral do Município,07954605000160,MUNICIPIO DE FORTALEZA,N,M,8,Serviços,1,Contrato (termo inicial),Ceará,CE,Fortaleza,25901,Fundo Municipal de Saúde,2304400
07954605000160-1-000295/2026,07954605000160-1-000295/2026-000004,,2026,694,2026-09-16T21:00:07,PJ,27055127000164,DMS MEDICAMENTOS E MATERIAL MEDICO HOSPITALAR LTDA,,,,"CONTRATACAO DE EMPRESA PARA O REGISTRO DE PRECOS VISANDO AQUISICOES FUTURAS E EVENTUAIS DE MMH – DISPOSITIVOS INTRAVENOSOS E SERINGAS DESCARTAVEIS, PARA ATENDER A DEMANDA DA SECRETARIA MUNICIPAL DE SAUDE DE FORTALEZA – SMS, DE ACORDO COM AS ESPECIFICACOES E QUANTITATIVOS PREVISTOS NO ANEXO I – TERMO DE REFERENCIA DESTE EDITAL, PREGAO ELETRONICO Nº 90088/2026. PROC. ADM P216942/2026 E CONTRATO DE Nº.377/2026– SMS .",74222.5,74222.5,74222.5,,2026-08-14,2026-08-14,2027-08-14,,,2026-09-16T15:01:11,2026-09-16T21:00:07,False,1,1,False,False,28170,,,,,377/2026,07954605000160-2-000694/2026,Controladoria e Ouvidoria Geral do Município,07954605000160,MUNICIPIO DE FORTALEZA,N,M,8,Serviços,1,Contrato (termo inicial),Ceará,CE,Fortaleza,25901,Fundo Municipal de Saúde,2304400
07391006000186-1-000060/2026,,,2026,107,2026-09-16T15:04:49,PJ,12848249000130,STOCK CAR DIESEL,,,,"Fornecimento de Pneus, câmara de ar, aros e protetor, destinado a atender as necessidades da Secretaria Municipal de Educação no Município de Jardim/CE",451505.21,451505.21,451505.21,,2026-08-24,2026-08-24,2027-08-24,,,2026-09-16T15:04:49,2026-09-16T15:04:49,False,1,0,False,False,2026.08.20-0001,,,,,2026.07.17.1,07391006000186-2-000107/2026,BR Conectado,07391006000186,MUNICIPIO DE JARDIM,N,M,2,Compras,1,Contrato (termo inicial),Ceará,CE,Jardim,1,PREFEITURA DE JARDIM,2307106
07391006000186-1-000060/2026,,BRA,2026,108,2026-09-16T15:05:35,PJ,01739141000436,PNEUS CANTEIROS LTDA,,,,"Fornecimento de Pneus, câmara de ar, aros e protetor, destinado a atender as necessidades da Secretaria Municipal de Educação no Município de Jardim/CE",5401.0,5401.0,5401.0,,2026-08-28,2026-08-28,2027-08-28,,,2026-09-16T15:05:34,2026-09-16T15:05:35,False,1,0,False,False,2026.08.20-0002,,,,,2026.07.17.1,07391006000186-2-000108/2026,BR Conectado,07391006000186,MUNICIPIO DE JARDIM,N,M,2,Compras,1,Contrato (termo inicial),Ceará,CE,Jardim,1,PREFEITURA DE JARDIM,2307106
07954480000179-1-018694/2026,,,2026,33799,2026-09-17T00:05:40,PJ,55794780000180,REFOGADO ALIMENTACAO COMERCIO E SERVICOS,,,,Material de Copa e Cozinha  CEJA MONSENHOR PEDRO ROCHA DE OLIVEIRA (CREDE 18 - CRATO),1806.0,1806.0,1806.0,0.0,2026-09-03,2026-09-03,2026-12-31,,,2026-09-17T00:05:00,2026-09-17T00:05:40,False,1,0,False,False,1453963,,,,False,22001.112356/202665,07954480000179-2-033799/2026,Secretaria do Planejamento e Gestão do Ceará,07954480000179,ESTADO DO CEARA,N,E,2,Compras,7,Empenho,Ceará,CE,Crato,228574,CEJA MONSENHOR PEDRO ROCHA DE OLIVEIRA,2304202
07954480000179-1-008874/2026,,,2026,33800,2026-09-17T00:09:12,PJ,45291148000160,R DE OLIVEIRA NUNES COMERCIO E SERVICOS,,,,MATERIAL DE CONSUMO - MATERIAL DE LIMPEZA E PRODUÇÃO DE HIGIENIZAÇÃO 2026. EEMTI DEPUTADO MANOEL RODRIGUES - VICOSA DO CEARA - CREDE 5 -,10500.4,10500.4,10500.4,0.0,2026-09-04,2026-09-04,2026-12-31,,,2026-09-17T00:08:59,2026-09-17T00:09:12,False,1,0,False,False,1454065,,,,False,22001.073279/202611,07954480000179-2-033800/2026,Secretaria do Planejamento e Gestão do Ceará,07954480000179,ESTADO DO CEARA,N,E,2,Compras,7,Empenho,Ceará,CE,Viçosa do Ceará,228307,EEM DEPUTADO MANOEL RODRIGUES,2314102
07954480000179-1-009190/2026,,,2026,33801,2026-09-17T00:11:44,PJ,57604085000134,MILLENIUM COMERCIO E SERVICOS LTDA,,,,AQUISIÇÃO - MATERIAL DE CONSUMO - MATERIAL DE EXPEDIENTE 2026. EEMTI DEPUTADO MANOEL RODRIGUES - VICOSA DO CEARA - CREDE 5,18125.4,18125.4,18125.4,0.0,2026-09-04,2026-09-04,2026-12-31,,,2026-09-17T00:11:34,2026-09-17T00:11:44,False,1,0,False,False,1454068,,,,False,22001.073290/202681,07954480000179-2-033801/2026,Secretaria do Planejamento e Gestão do Ceará,07954480000179,ESTADO DO CEARA,N,E,2,Compras,7,Empenho,Ceará,CE,Viçosa do Ceará,228307,EEM DEPUTADO MANOEL RODRIGUES,2314102
07954480000179-1-020238/2026,,,2026,33802,2026-09-17T00:20:06,PJ,19455654000138,M R G DE ARAUJO LTDA,,,,Material Educativo Esportivo 2.0 - EEMTI DE CROATÁ FLÁVIO RODRIGUES -,1297.0,1297.0,1297.0,0.0,2026-09-03,2026-09-03,2026-12-31,,,2026-09-17T00:19:40,2026-09-17T00:20:06,False,1,0,False,False,1451989,,,,False,22001.128118/202671,07954480000179-2-033802/2026,Secretaria do Planejamento e Gestão do Ceará,07954480000179,ESTADO DO CEARA,N,E,2,Compras,7,Empenho,Ceará,CE,Croatá,228322,EEM DE CROATÁ FLÁVIO RODRIGUES,2304236
07954480000179-1-014007/2026,,,2026,33803,2026-09-17T00:38:12,PJ,57604085000134,MILLENIUM COMERCIO E SERVICOS LTDA,,,,AQUISIÇÃO - MATERIAL DE CONSUMO - MATERIAL LABORATORIAL 2026. EEMTI DEPUTADO MANOEL RODRIGUES - VICOSA DO CEARA - CREDE 5,5475.3,5475.3,5475.3,0.0,2026-09-04,2026-09-04,2026-12-31,,,2026-09-17T00:37:51,2026-09-17T00:38:12,False,1,0,False,False,1454080,,,,False,22001.079991/202623,07954480000179-2-033803/2026,Secretaria do Planejamento e Gestão do Ceará,07954480000179,ESTADO DO CEARA,N,E,2,Compras,7,Empenho,Ceará,CE,Viçosa do Ceará,228307,EEM DEPUTADO MANOEL RODRIGUES,2314102
07954480000179-1-016903/2026,,,2026,33804,2026-09-17T01:01:40,PF,05816633309,JULIENE VERISSIMO ROSA,,,,Água Adicionada de Sais - ESCOLA INDÍGENA BROLHOS DA TERRA - ITAPIPOCA - CREDE 2 -,5349.11,5349.11,5349.11,0.0,2026-09-09,2026-09-18,2027-09-18,,,2026-09-17T01:01:28,2026-09-17T01:01:40,False,1,0,False,False,1455990,,,,,22001.111626/202611,07954480000179-2-033804/2026,Secretaria do Planejamento e Gestão do Ceará,07954480000179,ESTADO DO CEARA,N,E,2,Compras,1,Contrato (termo inicial),Ceará,CE,Itapipoca,228678,ESCOLA INDÍGENA BROLHOS DA TERRA,2306405
07954480000179-1-021182/2026,,,2026,33805,2026-09-17T01:02:04,PJ,48199754000149,SOUZA AMARAL ENGENHARIA LTDA,,,,LIMPEZA E CONSERVAÇÃO - EEMTI ANTÔNIO MOTA - ANTONINA DO NORTE - CREDE 18,2999.97,2999.97,2999.97,0.0,2026-09-04,2026-09-18,2027-09-18,,,2026-09-17T01:01:51,2026-09-17T01:02:04,False,1,0,False,False,1456246,,,,,22001.135734/202689,07954480000179-2-033805/2026,Secretaria do Planejamento e Gestão do Ceará,07954480000179,ESTADO DO CEARA,N,E,8,Serviços,1,Contrato (termo inicial),Ceará,CE,Antonina do Norte,228600,EEFM ANTÔNIO MOTA,2300804
07954480000179-1-014127/2026,,,2026,33806,2026-09-17T01:02:23,PJ,53866339000131,A. A. A. VIANA,,,,MANUTENÇÃO DE MAQUINAS E EQUIPAMENTOS 2026 - EEMTI FILGUEIRAS LIMA - IGUATU - CREDE 16 -,10503.0,10503.0,10503.0,0.0,2026-09-09,2026-09-18,2027-09-18,,,2026-09-17T01:02:16,2026-09-17T01:02:23,False,1,0,False,False,1455213,,,,,22001.096404/202661,07954480000179-2-033806/2026,Secretaria do Planejamento e Gestão do Ceará,07954480000179,ESTADO DO CEARA,N,E,8,Serviços,1,Contrato (termo inicial),Ceará,CE,Iguatu,228544,EEM FILGUEIRAS LIMA,2305506
07954480000179-1-020616/2026,,,2026,33807,2026-09-17T01:02:43,PJ,29492635000135,R M BARROS SERVICOS,,,,MANUTENÇÃO E CONSERVAÇÃO DE BENS IMÓVEIS - EEMTI FRANCISCO MIZAEL CAVALCANTE - TAUA -,14989.0,14989.0,14989.0,0.0,2026-09-10,2026-09-10,2027-09-09,,,2026-09-17T01:02:24,2026-09-17T01:02:43,False,1,0,False,False,1456351,,,,,22001.130531/202604,07954480000179-2-033807/2026,Secretaria do Planejamento e Gestão do Ceará,07954480000179,ESTADO DO CEARA,N,E,8,Serviços,1,Contrato (termo inicial),Ceará,CE,Tauá,229235,EEMTI FRANCISCO MIZAEL CAVALCANTE,2313302
07954480000179-1-013985/2026,,,2026,33808,2026-09-17T01:03:16,PJ,41015088000100,BRUNO ALBERTO DE SOUSA MONSORES LTDA,,,,AQUISIÇÃO - SERVIÇOS DE TERCEIROS - MANUTENÇÃO E CONSERVAÇÃO DE MÁQUINAS E EQUIPAMENTOS - MANUTENÇÃO DE CENTRAL DE AR - EEM JOSÉ MATIAS SAMPAIO - BREJO SANTO - CREDE 20,8982.0,8982.0,8982.0,0.0,2026-09-08,2026-09-08,2027-09-07,,,2026-09-17T01:02:57,2026-09-17T01:03:16,False,1,0,False,False,1455892,,,,,22001.086242/202652,07954480000179-2-033808/2026,Secretaria do Planejamento e Gestão do Ceará,07954480000179,ESTADO DO CEARA,N,E,8,Serviços,1,Contrato (termo inicial),Ceará,CE,Brejo Santo,228636,EEFM JOSÉ MATIAS SAMPAIO,2302503
07954480000179-1-023734/2026,,,2026,33809,2026-09-18T15:14:52,PJ,36604449000106,SATIER SOLAR E ADMINISTRACAO IMOBILIARIA LTDA,,,,"O presente Contrato tem por objetivo a locação de imóvel urbano (galpão logístico), situado à Rua José
Bento, nº 994, Guaribas, Eusébio/CE, com a finalidade de atender às necessidades de ampliação e
instalação da segunda unidade do Centro de Armazenamento e Distribuição da Secretaria da Educação
(SEDUC). SATIER SOLAR E
ADMINISTRACAO IMOBILIARIA LTDA.",2520000.0,2520000.0,2520000.0,0.0,2026-09-15,2026-09-16,2027-09-16,,,2026-09-17T01:03:27,2026-09-18T15:14:52,False,1,1,False,False,1457206,,,,,22001.141236/202675,07954480000179-2-033809/2026,Secretaria do Planejamento e Gestão do Ceará,07954480000179,ESTADO DO CEARA,N,E,5,Locação Imóveis,1,Contrato (termo inicial),Ceará,CE,Fortaleza,220001,SECRETARIA DA EDUCACAO,2304400
07954480000179-1-022144/2026,,,2026,33810,2026-09-17T01:05:27,PJ,34898587000110,F GLAUCINEIDE SANTANA SOARES,,,,AQUISIÇÃO DE GÊNEROS DE ALIMENTAÇÃO EM PROL DA EEEP LUIZ GONZAGA FONSECA MOTA - AMONTADA - CREDE 2,8077.5,8077.5,8077.5,0.0,2026-09-09,2026-09-18,2027-09-18,,,2026-09-17T01:05:13,2026-09-17T01:05:27,False,1,0,False,False,1456354,,,,,22001.140863/202699,07954480000179-2-033810/2026,Secretaria do Planejamento e Gestão do Ceará,07954480000179,ESTADO DO CEARA,N,E,2,Compras,1,Contrato (termo inicial),Ceará,CE,Amontada,228233,EEEP LUIZ GONZAGA FONSECA MOTA,2300754
07954480000179-1-019214/2026,,,2026,33811,2026-09-17T01:05:41,PJ,63293021000162,CCS CONSTRUÇÕES LTDA,,,,CONTRATAÇÃO DE EMPRESA ESPECIALIZADA EM ENGENHARIA E/OU ARQUITETURA PARA EXECUÇÃO DE OBRA COMUM DE CONCLUSÃO DA REFORMA DO TERMINAL RODOVIÁRIO DE PACAJUS/CE,3828856.0,3828856.0,3828856.0,0.0,2026-09-04,2026-09-04,2027-09-04,,,2026-09-17T01:05:40,2026-09-17T01:05:41,False,1,0,False,False,1456445,,,,,43022.001847/202361,07954480000179-2-033811/2026,Secretaria do Planejamento e Gestão do Ceará,07954480000179,ESTADO DO CEARA,N,E,7,Obras,1,Contrato (termo inicial),Ceará,CE,Fortaleza,080301,DEPARTAMENTO ESTADUAL DE TRANSITO,2304400
07954480000179-1-020347/2026,,,2026,33812,2026-09-17T01:06:14,PJ,57844287000153,M & F PRODUTOS SERVICOS E LOCACOES LTDA,,,,AQUISIÇÃO DE MERENDA ESCOLAR 6 - ESCOLA INDÍGENA TAPEBA AMÉLIA DOMINGOS - CAUCAIA - CREDE 1,4760.0,4760.0,4760.0,0.0,2026-09-01,2026-09-18,2027-09-18,,,2026-09-17T01:05:49,2026-09-17T01:06:14,False,1,0,False,False,1455961,,,,,22001.121122/202617,07954480000179-2-033812/2026,Secretaria do Planejamento e Gestão do Ceará,07954480000179,ESTADO DO CEARA,N,E,2,Compras,1,Contrato (termo inicial),Ceará,CE,Caucaia,228710,ESCOLA INDÍGENA TAPEBA AMÉLIA DOMINGOS,2303709
07954480000179-1-026426/2025,,,2026,33813,2026-09-17T01:06:15,PJ,07135481000191,COZINHA LUCENA LTDA,,,,"O objeto do presente instrumento é a prestação dos serviços de Alimentação para o
fornecimento de refeições destinadas aos alunos das Escolas Estaduais de Educação
Profissional, GRUPO 7 ¿ EEEP JOAQUIM FILOMENO NORONHA (PARAMBU), e aos alunos que
estejam em intercâmbio nas ações pedagógicas, nas condições estabelecidas neste contrato e no
Termo de Referência do edital e na proposta do CONTRATADO. EMPRESA
COZINHA LUCENA LTDA",648000.0,648000.0,648000.0,0.0,2026-08-21,2026-08-21,2027-08-21,,,2026-09-17T01:06:15,2026-09-17T01:06:15,False,1,0,False,False,1456425,,,,,22001.130851/202656,07954480000179-2-033813/2026,Secretaria do Planejamento e Gestão do Ceará,07954480000179,ESTADO DO CEARA,N,E,8,Serviços,1,Contrato (termo inicial),Ceará,CE,Fortaleza,220001,SECRETARIA DA EDUCACAO,2304400
07954480000179-1-022360/2026,,,2026,33814,2026-09-17T01:06:48,PJ,10606871000107,P & C CONTABILIDADE LTDA,,,,"CONTRATAÇÃO DE EMPRESA ESPECIALIZADA PARA PRESTAÇÃO DE SERVIÇOS DE CONSULTORIA, ASSESSORAMENTO E APOIO TÉCNICO PARA ADAGRI.",258000.0,258000.0,258000.0,0.0,2026-09-04,2026-09-04,2027-09-04,,,2026-09-17T01:06:17,2026-09-17T01:06:48,False,1,0,False,False,1456889,,,,,56022.003113/202619,07954480000179-2-033814/2026,Secretaria do Planejamento e Gestão do Ceará,07954480000179,ESTADO DO CEARA,N,E,8,Serviços,1,Contrato (termo inicial),Ceará,CE,Fortaleza,211101,AGENCIA DE DEFESA AGROPECUARIA DO ESTADO DO CEARA,2304400
07954480000179-1-023371/2026,,,2026,33815,2026-09-17T01:07:37,PJ,05066473000105,SERVNAC NEGOCIOS LTDA,,,,"Contratação de empresa para prestação de serviços contínuos a serem executados com dedicação exclusiva de mão de obra terceirizada, regidos pela Consolidação da Leis Trabalhistas (CLT) para as categorias, condições e quantidades estabelecidas neste termo, de referência e seus anexos.",12819299.28,1068274.94,12819299.28,0.0,2026-09-10,2026-09-21,2027-09-21,,,2026-09-17T01:06:59,2026-09-17T01:07:37,False,12,0,False,False,1456156,,,,,46072.004204/202614,07954480000179-2-033815/2026,Secretaria do Planejamento e Gestão do Ceará,07954480000179,ESTADO DO CEARA,N,E,6,Mão de Obra,1,Contrato (termo inicial),Ceará,CE,Fortaleza,460901,FUNDAÇÃO DE PREVIDÊNCIA SOCIAL DO ESTADO DO CEARÁ,2304400
07954480000179-1-016901/2026,,,2026,33816,2026-09-17T01:09:59,PF,05816633309,JULIENE VERISSIMO ROSA,,,,SERVIÇOS DE TERCEIROS - FESTIVIDADES E HOMENAGENS - ESCOLA INDÍGENA BROLHOS DA TERRA - ITAPIPOCA - CREDE 2,1700.0,1700.0,1700.0,0.0,2026-09-09,2026-09-18,2027-09-18,,,2026-09-17T01:09:10,2026-09-17T01:09:59,False,1,0,False,False,1455963,,,,,22001.111784/202671,07954480000179-2-033816/2026,Secretaria do Planejamento e Gestão do Ceará,07954480000179,ESTADO DO CEARA,N,E,8,Serviços,1,Contrato (termo inicial),Ceará,CE,Itapipoca,228678,ESCOLA INDÍGENA BROLHOS DA TERRA,2306405
07954480000179-1-021321/2026,,,2026,33817,2026-09-17T01:10:56,PJ,45060510000192,J CON ASSESSORIA E CONSULTORIA CONTABIL LTDA,,,,COTAÇÃO ELETRÔNICA Nº 27/2026 AQUISIÇÃO OUTROS SERVIÇOS TERCEIROS (TÉCNICOS PROFISSIONAIS - CONTÁBEIS) EM FAVOR DA EEMTI EDITE ALCÂNTARA MOTA - ITAPIPOCA - CREDE 02.,318.0,318.0,318.0,0.0,2026-09-01,2026-09-17,2027-09-17,,,2026-09-17T01:10:34,2026-09-17T01:10:56,False,1,0,False,False,1455956,,,,,22001.136493/202695,07954480000179-2-033817/2026,Secretaria do Planejamento e Gestão do Ceará,07954480000179,ESTADO DO CEARA,N,E,8,Serviços,1,Contrato (termo inicial),Ceará,CE,Fortaleza,228260,EEFM EDITE ALCÂNTARA MOTA,2304400
07954480000179-1-021781/2026,,,2026,33818,2026-09-17T01:11:23,PJ,59308009000107,ACM COMERCIAL E SERVICOS LTDA,,,,AQUISIÇÃO - MATERIAL DE CONSUMO - GÊNEROS DE ALIMENTAÇÃO - EEEP PRESIDENTE ROOSEVELT -  (SEFOR 1),3148.0,3148.0,3148.0,0.0,2026-09-08,2026-09-18,2027-09-18,,,2026-09-17T01:10:58,2026-09-17T01:11:23,False,1,0,False,False,1455995,,,,,22001.138320/202610,07954480000179-2-033818/2026,Secretaria do Planejamento e Gestão do Ceará,07954480000179,ESTADO DO CEARA,N,E,2,Compras,1,Contrato (termo inicial),Ceará,CE,Fortaleza,228022,EEEP PRESIDENTE ROOSEVELT,2304400
07954480000179-1-017430/2026,,,2026,33819,2026-09-17T01:13:27,PJ,30302072000154,F2 CONSTRUCOES E COMERCIO LTDA,,,,"O objeto do presente instrumento é a prestação dos serviços de serviço de manutenção das portas de
vidro, nas condições estabelecidas neste contrato e no Termo de Referência do edital e na proposta do
CONTRATADO. EMPRESA F2
CONSTRUÇÕES E COMERCIO LTDA.",40800.0,40800.0,40800.0,0.0,2026-09-10,2026-09-18,2027-09-18,,,2026-09-17T01:11:24,2026-09-17T01:13:27,False,1,0,False,False,1456863,,,,,22001.104681/202654,07954480000179-2-033819/2026,Secretaria do Planejamento e Gestão do Ceará,07954480000179,ESTADO DO CEARA,N,E,8,Serviços,1,Contrato (termo inicial),Ceará,CE,Fortaleza,220001,SECRETARIA DA EDUCACAO,2304400
07954480000179-1-016554/2026,,,2026,33820,2026-09-17T01:14:52,PJ,08306533000108,PATRIMONIAL EMPREEND EM VIGIL ELET LTDA,,,,DISPENSA DE LICITAÇÃO NA ÁREA DE MOTORISTA PARA ATENDER AS NECESSIDADES DESTA UNIDADE HOSPITALAR,925633.56,925633.56,925633.56,0.0,2026-09-11,2026-09-11,2027-09-11,,,2026-09-17T01:14:31,2026-09-17T01:14:52,False,1,0,False,False,1451235,,,,,10061.058789/202593,07954480000179-2-033820/2026,Secretaria do Planejamento e Gestão do Ceará,07954480000179,ESTADO DO CEARA,N,E,6,Mão de Obra,1,Contrato (termo inicial),Ceará,CE,Fortaleza,101331,HOSPITAL E MATERNIDADE DA POLÍCIA MILITAR DO CEARÁ JOSÉ MARTINIANO DE ALENCAR,2304400
07954480000179-1-021299/2026,,,2026,33821,2026-09-17T01:15:23,PJ,11372526000119,FC ALVES DA SILVA EMBALAGENS - ME,,,,SERVIÇO MANUTENÇÃO E CONSERVAÇÃO DE BENS IMÓVEIS - EEMTI DEPUTADO FAUSTO AGUIAR ARRUDA - PACATUBA - CREDE 1 -,12026.0,12026.0,12026.0,0.0,2026-09-08,2026-09-18,2027-09-18,,,2026-09-17T01:15:01,2026-09-17T01:15:23,False,1,0,False,False,1455755,,,,,22001.135150/202611,07954480000179-2-033821/2026,Secretaria do Planejamento e Gestão do Ceará,07954480000179,ESTADO DO CEARA,N,E,8,Serviços,1,Contrato (termo inicial),Ceará,CE,Pacatuba,228209,EEFM DEPUTADO FAUSTO AGUIAR ARRUDA,2309706
07954480000179-1-020807/2026,,,2026,33822,2026-09-17T01:15:54,PJ,09149100000159,CHRISTIANE VIEIRA RODRIGUES LEAL EIRELI - ME,,,,REFERENTE À COTAÇÃO ELETRÔNICA 28/2026 PARA AQUISIÇÃO DE SERVIÇO DE FESTIVIDADE E HOMENAGENS EM FAVOR DA UNIDADE ESCOLAR - EEFM CONSTÂNÇA TÁVORA - (SEFOR 2),3000.0,3000.0,3000.0,0.0,2026-09-09,2026-09-18,2027-09-18,,,2026-09-17T01:15:34,2026-09-17T01:15:54,False,1,0,False,False,1456079,,,,,22001.133303/202688,07954480000179-2-033822/2026,Secretaria do Planejamento e Gestão do Ceará,07954480000179,ESTADO DO CEARA,N,E,8,Serviços,1,Contrato (termo inicial),Ceará,CE,Fortaleza,228081,EEFM CONSTÂNCIA TÁVORA,2304400
07954480000179-1-021316/2026,,,2026,33823,2026-09-17T01:16:33,PJ,19455654000138,M R G DE ARAUJO LTDA,,,,MATERIAL PARA FESTIVIDADES E HOMENAGENS - EEMTI ANTÔNIO MOTA - ANTONINA DO NORTE - CREDE 18,528.0,528.0,528.0,0.0,2026-09-04,2026-09-18,2027-09-18,,,2026-09-17T01:16:02,2026-09-17T01:16:33,False,1,0,False,False,1456255,,,,,22001.135355/202699,07954480000179-2-033823/2026,Secretaria do Planejamento e Gestão do Ceará,07954480000179,ESTADO DO CEARA,N,E,2,Compras,1,Contrato (termo inicial),Ceará,CE,Antonina do Norte,228600,EEFM ANTÔNIO MOTA,2300804
07954480000179-1-021673/2026,,,2026,33824,2026-09-17T01:17:17,PJ,38404532000167,RODRIGO LUIS LOPES REIS,,,,AQUISIÇÃO DE GÊNEROS DE ALIMENTAÇÃO - COTAÇÃO ELETRÔNICA Nº 23/2026 - EEMTI AGOSTINHO NERES PORTELA - SOBRAL - CREDE 6,17175.2,17175.2,17175.2,0.0,2026-09-04,2026-09-18,2027-09-18,,,2026-09-17T01:17:09,2026-09-17T01:17:17,False,1,0,False,False,1456289,,,,,22001.138051/202683,07954480000179-2-033824/2026,Secretaria do Planejamento e Gestão do Ceará,07954480000179,ESTADO DO CEARA,N,E,2,Compras,1,Contrato (termo inicial),Ceará,CE,Sobral,228371,EEM AGOSTINHO NERES PORTELA,2312908
07954480000179-1-021947/2026,,,2026,33825,2026-09-17T01:19:22,PJ,42952427000130,EVOLUE SERVICOS TECNICOS LTDA,,,,"Contratação da empresa EVOLUE SERVICOS TECNICOS LTDA, inscrita no CNPJ sob o nº 42.952.427/0001-30, sediada à Rua Cajarana s/n, bairro Lagoa Redonda, Q00C PL-11, CEP 60.831-630, Fortaleza/CE, para a prestação de serviços contínuos a serem executados com dedicação exclusiva de mão de obra terceirizada, regidos pela Consolidação da Leis Trabalhistas (CLT) na ÁREA DE APOIO ADMINISTRATIVO e OPERADOR TELEFÔNICO.",1929179.89,160764.9908,1929179.89,0.0,2026-09-08,2026-09-08,2027-09-08,,,2026-09-17T01:19:01,2026-09-17T01:19:22,False,12,0,False,False,1455787,,,,,46042.023448/202653,07954480000179-2-033825/2026,Secretaria do Planejamento e Gestão do Ceará,07954480000179,ESTADO DO CEARA,N,E,6,Mão de Obra,1,Contrato (termo inicial),Ceará,CE,Fortaleza,460101,INSTITUTO DE SAUDE DOS SERVIDORES DO ESTADO DO CEARA,2304400
07954480000179-1-021829/2026,,,2026,33826,2026-09-17T01:19:48,PJ,47591210000165,CM ASSESSORIA E SERVICOS LTDA,,,,MANUTENÇÃO E CONSERVAÇÃO DE BENS IMÓVEIS II - EEMTI PREFEITO JOSÉ EUCLIDES FERREIRA GOMES JÚNIOR - SOBRAL - CREDE 6 -,5500.0,5500.0,5500.0,0.0,2026-09-04,2026-09-18,2027-09-18,,,2026-09-17T01:19:34,2026-09-17T01:19:48,False,1,0,False,False,1456248,,,,,22001.139633/202687,07954480000179-2-033826/2026,Secretaria do Planejamento e Gestão do Ceará,07954480000179,ESTADO DO CEARA,N,E,2,Compras,1,Contrato (termo inicial),Ceará,CE,Sobral,228366,CERE PREFEITO JOSÉ EUCLIDES FERREIRA GOMES JÚNIOR,2312908
07954480000179-1-021642/2026,,,2026,33827,2026-09-17T01:20:13,PJ,63692007000131,LUCAS COSTA ROMAO,,,,AQUISIÇÃO - MATERIAL DE CONSUMO - GÊNEROS DE ALIMENTAÇÃO - EEMTI ANTONIO MARQUES DE ABREU - MARANGUAPE - CREDE 1 -,30240.0,30240.0,30240.0,0.0,2026-09-02,2026-09-18,2027-09-18,,,2026-09-17T01:20:00,2026-09-17T01:20:13,False,1,0,False,False,1456126,,,,,22001.120383/202610,07954480000179-2-033827/2026,Secretaria do Planejamento e Gestão do Ceará,07954480000179,ESTADO DO CEARA,N,E,2,Compras,1,Contrato (termo inicial),Ceará,CE,Maranguape,228196,EEFM ANTONIO MARQUES DE ABREU,2307700
07954480000179-1-017668/2026,,,2026,33828,2026-09-17T01:20:39,PJ,41322314000198,F & L COMERCIO & SERVICOS LTDA,,,,FESTIVIDADES E HOMENAGENS. EEMTI DOUTOR ANDRADE FURTADO - QUIXERAMOBIM - CREDE 12,6399.0,6399.0,6399.0,0.0,2026-09-09,2026-09-18,2027-09-18,,,2026-09-17T01:20:22,2026-09-17T01:20:39,False,1,0,False,False,1456280,,,,,22001.045508/202615,07954480000179-2-033828/2026,Secretaria do Planejamento e Gestão do Ceará,07954480000179,ESTADO DO CEARA,N,E,8,Serviços,1,Contrato (termo inicial),Ceará,CE,Quixeramobim,228487,EEM DOUTOR ANDRADE FURTADO II,2311405
07954480000179-1-020980/2026,,,2026,33829,2026-09-17T01:21:19,PJ,49762368000186,49.762.368 LUIZ LUCENA DE OLIVEIRA,,,,Aquisição de Serviços de Festividades e Homenagens - EEEP LUCAS EMMANUEL LIMA PINHEIRO - IGUATU - CREDE 16,8500.0,8500.0,8500.0,0.0,2026-09-08,2026-09-18,2027-09-13,,,2026-09-17T01:21:18,2026-09-17T01:21:19,False,1,0,False,False,1454912,,,,,22001.119161/202646,07954480000179-2-033829/2026,Secretaria do Planejamento e Gestão do Ceará,07954480000179,ESTADO DO CEARA,N,E,8,Serviços,1,Contrato (termo inicial),Ceará,CE,Iguatu,228553,EEEP LUCAS EMMANUEL LIMA PINHEIRO,2305506
07954480000179-1-020827/2026,,,2026,33830,2026-09-17T01:22:46,PJ,41322314000198,F & L COMERCIO & SERVICOS LTDA,,,,AQUISIÇÃO - MATERIAL DE CONSUMO - GÊNEROS ALIMENTÍCIOS 2026.2 (II) - EEMTI ANTÔNIO NEGREIROS BASTOS - IRAUCUBA - CREDE 6,255.0,255.0,255.0,0.0,2026-09-01,2026-09-18,2027-09-18,,,2026-09-17T01:21:40,2026-09-17T01:22:46,False,1,0,False,False,1456164,,,,,22001.143065/202619,07954480000179-2-033830/2026,Secretaria do Planejamento e Gestão do Ceará,07954480000179,ESTADO DO CEARA,N,E,2,Compras,1,Contrato (termo inicial),Ceará,CE,Poranga,228375,EEM ANTONIO NEGREIROS BASTOS,2311009
07954480000179-1-015054/2026,,,2026,33831,2026-09-17T01:23:41,PJ,38183766000121,LEONARDO FERREIRA GOMES,,,,ALIMENTOS PARA ANIMAIS - EEMPC JOÃO DOS SANTOS DE OLIVEIRA - MADALENA - CREDE 12,4290.0,4290.0,4290.0,0.0,2026-09-08,2026-09-08,2027-09-07,,,2026-09-17T01:23:09,2026-09-17T01:23:41,False,1,0,False,False,1456075,,,,,22001.098684/202641,07954480000179-2-033831/2026,Secretaria do Planejamento e Gestão do Ceará,07954480000179,ESTADO DO CEARA,N,E,2,Compras,1,Contrato (termo inicial),Ceará,CE,Madalena,228485,EEM JOÃO DOS SANTOS OLIVEIRA,2307635
07954480000179-1-019778/2026,,,2026,33832,2026-09-17T01:23:57,PJ,39695545000103,BRIMAX ENGENHARIA LTDA,,,,"DUPLICAÇÃO DA CE-358 NO TRECHO DO FINAL DA PASSAGEM MOLHADA DO RIO QUIXERÉ A SEDE DO MUNICÍPIO DE TABULEIRO DO NORTE (BAIRRO JOSÉ
MENDES), NO MUNICÍPIO DE TABULEIRO DO NORTE - CE.",7470000.0,747000.0,7470000.0,0.0,2026-09-14,2026-09-14,2027-09-14,,,2026-09-17T01:23:56,2026-09-17T01:23:57,False,10,0,False,False,1456847,,,,,43022.007415/202614,07954480000179-2-033832/2026,Secretaria do Planejamento e Gestão do Ceará,07954480000179,ESTADO DO CEARA,N,E,7,Obras,1,Contrato (termo inicial),Ceará,CE,Fortaleza,081401,SUPERINTENDÊNCIA DE OBRAS PÚBLICAS ,2304400
07954480000179-1-020601/2026,,,2026,33833,2026-09-17T01:25:42,PJ,38183766000121,LEONARDO FERREIRA GOMES,,,,Aquisição de Gêneros Alimentícios para atender as demandas do segundo semestre da EEMTI MANUEL SATIRO. JAGUARUANA - CREDE 10 -,15141.7,15141.7,15141.7,0.0,2026-08-25,2026-08-25,2027-08-19,,,2026-09-17T01:24:42,2026-09-17T01:25:42,False,1,0,False,False,1453654,,,,,22001.122255/202601,07954480000179-2-033833/2026,Secretaria do Planejamento e Gestão do Ceará,07954480000179,ESTADO DO CEARA,N,E,2,Compras,1,Contrato (termo inicial),Ceará,CE,Jaguaruana,228435,EEM MANUEL SÁTIRO,2307007
07954480000179-1-020377/2026,,,2026,33834,2026-09-17T01:26:01,PJ,21271579000105,ÊXODO TRANSPORTES E LOGÍSTICA EIRELI EPP,,,,OUTROS SERVIÇOS DE TERCEIROS PARA A EEMTI JAIME TOMAZ DE AQUINO CREDE 9,1074.5,1074.5,1074.5,0.0,2026-08-26,2026-09-18,2027-09-18,,,2026-09-17T01:25:58,2026-09-17T01:26:01,False,1,0,False,False,1453840,,,,,22001.105973/202612,07954480000179-2-033834/2026,Secretaria do Planejamento e Gestão do Ceará,07954480000179,ESTADO DO CEARA,N,E,8,Serviços,1,Contrato (termo inicial),Ceará,CE,Beberibe,229184,ESCOLA ESTADUAL DE ENSINO MEDIO JAIME TOMAZ DE AQUINO,2302206
07954480000179-1-021023/2026,,,2026,33835,2026-09-17T01:26:14,PJ,35438916000102,HALTECH COMERCIO DE GLP LTDA,,,,COTAÇÃO ELETRÔNICA 14/2026 - GÁS ENGARRAFADO - EEM JOSEFA BRAGA BARROSO - MIRAIMA - CREDE 2,4200.0,4200.0,4200.0,0.0,2026-09-08,2026-09-18,2027-09-18,,,2026-09-17T01:26:11,2026-09-17T01:26:14,False,1,0,False,False,1455976,,,,,22001.135693/202621,07954480000179-2-033835/2026,Secretaria do Planejamento e Gestão do Ceará,07954480000179,ESTADO DO CEARA,N,E,2,Compras,1,Contrato (termo inicial),Ceará,CE,Miraíma,228243,EEFM JOSEFA BRAGA BARROSO,2308377
07954480000179-1-021401/2026,,,2026,33836,2026-09-17T01:27:44,PJ,57027539000151,JUSTICE AI LTDA,,,,"Contratação da solução de inteligência artificial Minuta IA, da empresa Justice AI Ltda., na modalidade Plano Enterprise, contemplando o licenciamento para 100 (cem) usuários, bem como os serviços de personalização, infraestrutura tecnológica dedicada, integração, suporte e capacitação, para a Procuradoria-Geral do Estado.",201600.0,201600.0,201600.0,0.0,2026-09-14,2026-09-14,2027-09-14,,,2026-09-17T01:26:15,2026-09-17T01:27:44,False,1,0,False,False,1455719,,,,,13001.019514/202618,07954480000179-2-033836/2026,Secretaria do Planejamento e Gestão do Ceará,07954480000179,ESTADO DO CEARA,N,E,8,Serviços,1,Contrato (termo inicial),Ceará,CE,Fortaleza,130201,FUNDO DE MODERNIZAÇÃO E REAPARELHAMENTO DA PGE,2304400
07954480000179-1-023028/2026,,,2026,33837,2026-09-17T01:27:49,PJ,51158968000181,"CAPISTRANO DEDETIZADORA, COMERCIO E SERVICOS LTDA",,,,LIMPEZA E CONSERVAÇÃO - CAIXA D'ÁGUA E CAIXA DE GORDURA - EEEP PROFESSORA MARLY FERREIRA MARTINS - CAUCAIA - CREDE 1,1030.0,1030.0,1030.0,0.0,2026-09-10,2026-09-10,2027-09-09,,,2026-09-17T01:27:45,2026-09-17T01:27:49,False,1,0,False,False,1456343,,,,,22001.143718/202660,07954480000179-2-033837/2026,Secretaria do Planejamento e Gestão do Ceará,07954480000179,ESTADO DO CEARA,N,E,8,Serviços,1,Contrato (termo inicial),Ceará,CE,Caucaia,228178,EEEP PROFESSORA MARLY FERREIRA MARTINS,2303709
07954480000179-1-020209/2026,,,2026,33838,2026-09-17T01:27:51,PJ,14673254000185,M CESAR DE OLIVEIRA,,,,ÁGUA MINERAL NATURAL SALDO 2026 - EEMTI ANTONIA VIEIRA LIMA - TAUA - CREDE 15,5244.0,5244.0,5244.0,0.0,2026-09-08,2026-09-18,2027-09-18,,,2026-09-17T01:27:50,2026-09-17T01:27:51,False,1,0,False,False,1456195,,,,,22001.120687/202679,07954480000179-2-033838/2026,Secretaria do Planejamento e Gestão do Ceará,07954480000179,ESTADO DO CEARA,N,E,2,Compras,1,Contrato (termo inicial),Ceará,CE,Tauá,228539,EEM ANTONIA VIEIRA LIMA,2313302
07954480000179-1-020206/2026,,,2026,33839,2026-09-17T01:29:01,PJ,38183766000121,LEONARDO FERREIRA GOMES,,,,QUISIÇÃO DE GÊNEROS ALIMENTÍCIOS PARA ALIMENTAÇÃO ESCOLAR. - EEMTI MARIA DO CARMO BEZERRA - ACARAPE - CREDE 8 -,20309.95,20309.95,20309.95,0.0,2026-09-03,2026-09-18,2027-09-13,,,2026-09-17T01:28:53,2026-09-17T01:29:01,False,1,0,False,False,1456348,,,,,22001.123689/202610,07954480000179-2-033839/2026,Secretaria do Planejamento e Gestão do Ceará,07954480000179,ESTADO DO CEARA,N,E,2,Compras,1,Contrato (termo inicial),Ceará,CE,Acarape,228402,EEM MARIA DO CARMO BEZERRA,2300150
07954480000179-1-014922/2026,,,2026,33840,2026-09-17T01:29:05,PJ,64192843000110,MRG CONSTRUCOES E LOCACOES LTDA,,,,"Escolha da proposta mais vantajosa para as obras e serviços de engenharia à contratação de empresa especializada para executar os Serviços de Terceiros - Repasse para Manutenção das Escolas, para atender as necessidade da EEMTI MARIA EMÍLIA RABELO. MORADA NOVA - CREDE 10",45000.0,45000.0,45000.0,0.0,2026-09-09,2026-09-18,2027-09-13,,,2026-09-17T01:29:02,2026-09-17T01:29:05,False,1,0,False,False,1456256,,,,,22001.098148/202646,07954480000179-2-033840/2026,Secretaria do Planejamento e Gestão do Ceará,07954480000179,ESTADO DO CEARA,N,E,8,Serviços,1,Contrato (termo inicial),Ceará,CE,Morada Nova,228655,COLÉGIO ESTADUAL MARIA EMÍLIA RABELO,2308708
07954480000179-1-019044/2026,,,2026,33841,2026-09-17T01:29:09,PJ,53279810000195,53.279.810 JULIANA VITOR PEREIRA,,,,"AQUISIÇÃO - SERVIÇOS DE TERCEIROS - MANUTENÇÃO E CONSERVAÇÃO DE MÁQUINAS E EQUIPAMENTOS -(CONTRATAÇÃO DE PESSOA JURÍDICA PARA REALIZAÇÃO DE SERVIÇOS DE MANUTENÇÃO DE ARES-CONDICIONADOS, EM FAVOR DA EEMTI ANA NORONHA. PARAMBU - CREDE 15",9300.0,9300.0,9300.0,0.0,2026-09-09,2026-09-18,2027-09-18,,,2026-09-17T01:29:06,2026-09-17T01:29:09,False,1,0,False,False,1456324,,,,,22001.121368/202681,07954480000179-2-033841/2026,Secretaria do Planejamento e Gestão do Ceará,07954480000179,ESTADO DO CEARA,N,E,8,Serviços,1,Contrato (termo inicial),Ceará,CE,Parambu,228540,EEM ANA NORONHA,2310308
07954480000179-1-022004/2026,,,2026,33842,2026-09-17T01:32:13,PJ,38017226000178, E RODRIGUES DO NASCIMENTO,,,,GÊNEROS DE ALIMENTAÇÃO - EEMTI ESTADO DO MARANHÃO - (SEFOR 3),626.4,626.4,626.4,0.0,2026-09-08,2026-09-18,2027-09-18,,,2026-09-17T01:32:11,2026-09-17T01:32:13,False,1,0,False,False,1455909,,,,,22001.140062/202623,07954480000179-2-033842/2026,Secretaria do Planejamento e Gestão do Ceará,07954480000179,ESTADO DO CEARA,N,E,2,Compras,1,Contrato (termo inicial),Ceará,CE,Fortaleza,228157,EEFM ESTADO DO MARANHÃO,2304400
07954480000179-1-023336/2026,,,2026,33843,2026-09-17T01:32:18,PJ,57735222000170,ASSOCIACAO GIGAFOR,,,,"Contratação da conectividade rede Ipê, através da GIGAFOR  -  REDECOMEP.",54000.0,4500.0,54000.0,0.0,2026-09-09,2026-09-09,2027-09-09,,,2026-09-17T01:32:15,2026-09-17T01:32:18,False,12,0,False,False,1455978,,,,,31052.002107/202658,07954480000179-2-033843/2026,Secretaria do Planejamento e Gestão do Ceará,07954480000179,ESTADO DO CEARA,N,E,3,Informática (TIC),1,Contrato (termo inicial),Ceará,CE,Fortaleza,310501,FUNDACAO CEARENSE DE APOIO AO DESENVOLVIMENTO CIENTIFICO E TECNOLOGICO,2304400
07954480000179-1-021213/2026,,,2026,33844,2026-09-17T01:32:24,PJ,47591210000165,CM ASSESSORIA E SERVICOS LTDA,,,,AQUISIÇÃO - SERVIÇOS DE TERCEIROS - MANUTENÇÃO E CONSERVAÇÃO DE BENS IMÓVEIS.  EEEP FRANCISCO DAS CHAGAS VASCONCELOS - SANTANA DO ACARAU - CREDE 6,800.0,800.0,800.0,0.0,2026-09-09,2026-09-18,2027-09-18,,,2026-09-17T01:32:19,2026-09-17T01:32:24,False,1,0,False,False,1456329,,,,,22001.134933/202670,07954480000179-2-033844/2026,Secretaria do Planejamento e Gestão do Ceará,07954480000179,ESTADO DO CEARA,N,E,8,Serviços,1,Contrato (termo inicial),Ceará,CE,Santana do Acaraú,228379,EEEP FRANCISCO DAS CHAGAS VASCONCELOS,2312007
07954480000179-1-020206/2026,,,2026,33845,2026-09-17T01:32:28,PJ,59308009000107,ACM COMERCIAL E SERVICOS LTDA,,,,QUISIÇÃO DE GÊNEROS ALIMENTÍCIOS PARA ALIMENTAÇÃO ESCOLAR. - EEMTI MARIA DO CARMO BEZERRA - ACARAPE - CREDE 8 -,11650.0,11650.0,11650.0,0.0,2026-09-03,2026-09-18,2027-09-13,,,2026-09-17T01:32:26,2026-09-17T01:32:28,False,1,0,False,False,1456340,,,,,22001.123689/202610,07954480000179-2-033845/2026,Secretaria do Planejamento e Gestão do Ceará,07954480000179,ESTADO DO CEARA,N,E,2,Compras,1,Contrato (termo inicial),Ceará,CE,Acarape,228402,EEM MARIA DO CARMO BEZERRA,2300150
07954480000179-1-021349/2026,,,2026,33846,2026-09-17T01:32:48,PJ,66204528000190,VSV COMERCIO E SERVICO LTDA,,,,AQUISIÇÃO - MATERIAL DE CONSUMO - GÊNEROS DE ALIMENTAÇÃO - EEMTI ANTONIO MARQUES DE ABREU - MARANGUAPE - CREDE 1,30581.0,30581.0,30581.0,0.0,2026-09-02,2026-09-18,2027-09-18,,,2026-09-17T01:32:47,2026-09-17T01:32:48,False,1,0,False,False,1456134,,,,,22001.120378/202607,07954480000179-2-033846/2026,Secretaria do Planejamento e Gestão do Ceará,07954480000179,ESTADO DO CEARA,N,E,2,Compras,1,Contrato (termo inicial),Ceará,CE,Maranguape,228196,EEFM ANTONIO MARQUES DE ABREU,2307700
07954480000179-1-004528/2026,,,2026,33847,2026-09-17T01:32:53,PJ,17704086000136,MULTSETE SOLUCOES AMBIENTAIS LTDA,,,,LIMPEZA E CONSERVAÇAO: DESENTUPIMENTO E ESGOTAMENTO DE FOSSA SÉPTICA 15 MI LITROS - EEMTI IRACEMA - (SEFOR 2),4140.0,4140.0,4140.0,0.0,2026-09-10,2026-09-18,2027-09-18,,,2026-09-17T01:32:49,2026-09-17T01:32:53,False,1,0,False,False,1456263,,,,,22001.047015/202610,07954480000179-2-033847/2026,Secretaria do Planejamento e Gestão do Ceará,07954480000179,ESTADO DO CEARA,N,E,8,Serviços,1,Contrato (termo inicial),Ceará,CE,Fortaleza,228087,EEFM IRACEMA,2304400
07954480000179-1-022040/2026,,,2026,33848,2026-09-17T01:33:11,PJ,53116510000195,ALANA REBECA DE MARIA,,,,"AQUISIÇÃO DE SERVIÇOS DE TERCEIRO DE PESSOA JURÍDICA, PARA IMPLANTAÇÃO DE CÂMERAS DE SEGURANÇA E MONITORAMENTO NA ESCOLA - DANÍSIO DALTON DA ROCHA CORREIA EEM - BARREIRA - CREDE 8 -",27699.0,27699.0,27699.0,0.0,2026-09-08,2026-09-18,2027-09-18,,,2026-09-17T01:33:10,2026-09-17T01:33:11,False,1,0,False,False,1456199,,,,,22001.140741/202601,07954480000179-2-033848/2026,Secretaria do Planejamento e Gestão do Ceará,07954480000179,ESTADO DO CEARA,N,E,8,Serviços,1,Contrato (termo inicial),Ceará,CE,Barreira,228404,EEM DANÍSIO DALTON DA ROCHA CORREIA,2301950
07954480000179-1-021943/2026,,,2026,33849,2026-09-17T01:33:16,PJ,13644785000187,SANTOS SERVICOS CONTABEIS LTDA,,,,"Aquisição de OUTROS SERVIÇOS DE TERCEIROS ¿ PESSOA JURÍDICA ¿ (SERVIÇOS TÉCNICOS PROFISSIONAIS), destinado a atender as necessidades da ESCOLA INDIGENA YBI PIRANG. MONSENHOR TABOSA - CREDE 13",180.0,180.0,180.0,0.0,2026-09-10,2026-09-18,2027-07-15,,,2026-09-17T01:33:12,2026-09-17T01:33:16,False,1,0,False,False,1456172,,,,,22001.133816/202699,07954480000179-2-033849/2026,Secretaria do Planejamento e Gestão do Ceará,07954480000179,ESTADO DO CEARA,N,E,8,Serviços,1,Contrato (termo inicial),Ceará,CE,Monsenhor Tabosa,229309,ESCOLA INDIGENA YBI PIRANG,2308609
07954480000179-1-022267/2026,,,2026,33850,2026-09-17T01:33:21,PJ,51248814000180,CLEBER DA SILVA MOURAO LTDA,,,,"OUTROS SERVIÇOS DE TERCEIROS - PESSOA JURÍDICA (MANUTENÇÃO E CONSERVAÇÃO DE BENS E IMÓVEIS), EM FAVOR DA ESCOLA INDÍGENA ALDEIA MARRUÁ. MONSENHOR TABOSA - CREDE 13 -",3789.0,3789.0,3789.0,0.0,2026-09-09,2026-09-18,2027-09-18,,,2026-09-17T01:33:17,2026-09-17T01:33:21,False,1,0,False,False,1456057,,,,,22001.141543/202656,07954480000179-2-033850/2026,Secretaria do Planejamento e Gestão do Ceará,07954480000179,ESTADO DO CEARA,N,E,8,Serviços,1,Contrato (termo inicial),Ceará,CE,Monsenhor Tabosa,229315,ESCOLA INDÍGENA DA ALDEIA MERRUÁ,2308609
07954480000179-1-021492/2026,,,2026,33851,2026-09-17T01:33:24,PJ,24317997000176,24.317.997 NAIME CAVALCANTE AUR,,,,"SERVIÇO DE CONFECÇÃO DE UNIFORMES, BANDEIRAS E FLÂMULAS. EEMTI JACOB NOBRE DE OLIVEIRA BENEVIDES - BANABUIU - CREDE 12",3422.85,3422.85,3422.85,0.0,2026-09-09,2026-09-18,2027-09-18,,,2026-09-17T01:33:22,2026-09-17T01:33:24,False,1,0,False,False,1456285,,,,,22001.107538/202614,07954480000179-2-033851/2026,Secretaria do Planejamento e Gestão do Ceará,07954480000179,ESTADO DO CEARA,N,E,8,Serviços,1,Contrato (termo inicial),Ceará,CE,Banabuiú,228484,LICEU DE BANABUIÚ JACOB NOBRE DE OLIVEIRA BENEVIDES,2301851
07954480000179-1-019453/2026,,,2026,33852,2026-09-17T01:33:45,PJ,55070820000141,55.070.820 ELIZABETH DOS SANTOS PINHEIRO,,,,AQUISIÇÃO - SERVIÇOS DE TERCEIROS - MANUTENÇÃO E CONSERVAÇÃO DE BENS IMÓVEIS - ESCOLA INDÍGENA DA PONTE - CAUCAIA - CREDE 1,1899.99,1899.99,1899.99,0.0,2026-09-08,2026-09-17,2027-09-17,,,2026-09-17T01:33:41,2026-09-17T01:33:45,False,1,0,False,False,1455916,,,,,22001.072053/202601,07954480000179-2-033852/2026,Secretaria do Planejamento e Gestão do Ceará,07954480000179,ESTADO DO CEARA,N,E,8,Serviços,1,Contrato (termo inicial),Ceará,CE,Caucaia,228724,ESCOLA INDÍGENA DA PONTE,2303709
07954480000179-1-020152/2026,,,2026,33853,2026-09-17T01:33:48,PJ,22494284000152,IDEIA COMERCIO E SERVICOS LTDA,,,,SERVIÇO DE CONSERVAÇÃO E REPAROS EM BENS IMÓVEIS - SERVIÇO DE TROCA DE PIA - INSTITUTO CEARENSE DE EDUCAÇÃO DE SURDOS -  (SEFOR 2),1698.0,1698.0,1698.0,0.0,2026-09-04,2026-09-17,2027-09-17,,,2026-09-17T01:33:46,2026-09-17T01:33:48,False,1,0,False,False,1455930,,,,,22001.120700/202690,07954480000179-2-033853/2026,Secretaria do Planejamento e Gestão do Ceará,07954480000179,ESTADO DO CEARA,N,E,8,Serviços,1,Contrato (termo inicial),Ceará,CE,Fortaleza,228059,INSTITUTO CEARENSE DE EDUCAÇÃO DOS SURDOS,2304400
07954480000179-1-017621/2026,,,2026,33854,2026-09-17T01:33:51,PJ,06106789000146,RAIMUNDO ANASTACIO DE SOUSA ANDRADE - ME,,,,aquisição de material de expediente - EEMTI RAUL TAVARES CAVALCANTE - ITAITINGA - CREDE 1 -,9847.0,9847.0,9847.0,0.0,2026-09-08,2026-09-18,2027-09-18,,,2026-09-17T01:33:49,2026-09-17T01:33:51,False,1,0,False,False,1455779,,,,,22001.111547/202618,07954480000179-2-033854/2026,Secretaria do Planejamento e Gestão do Ceará,07954480000179,ESTADO DO CEARA,N,E,2,Compras,1,Contrato (termo inicial),Ceará,CE,Itaitinga,228230,EEM RAUL TAVARES CAVALCANTE,2306256
07954480000179-1-021316/2026,,,2026,33855,2026-09-17T01:33:54,PJ,12321127000191,EDUQUE & BRINQUE EIRELI,,,,MATERIAL PARA FESTIVIDADES E HOMENAGENS - EEMTI ANTÔNIO MOTA - ANTONINA DO NORTE - CREDE 18,1206.8,1206.8,1206.8,0.0,2026-09-08,2026-09-18,2027-09-18,,,2026-09-17T01:33:52,2026-09-17T01:33:54,False,1,0,False,False,1456262,,,,,22001.135355/202699,07954480000179-2-033855/2026,Secretaria do Planejamento e Gestão do Ceará,07954480000179,ESTADO DO CEARA,N,E,2,Compras,1,Contrato (termo inicial),Ceará,CE,Antonina do Norte,228600,EEFM ANTÔNIO MOTA,2300804
07954480000179-1-021489/2026,,,2026,33856,2026-09-17T01:33:56,PJ,61283034000125,61.283.034 LTDA,,,,Manutenção e Conservação de Máquinas e Equipamentos - EEFM DONA JÚLIA ALVES PESSOA -  (SEFOR 3),1900.0,1900.0,1900.0,0.0,2026-09-09,2026-09-18,2027-09-18,,,2026-09-17T01:33:55,2026-09-17T01:33:56,False,1,0,False,False,1456006,,,,,22001.137719/202675,07954480000179-2-033856/2026,Secretaria do Planejamento e Gestão do Ceará,07954480000179,ESTADO DO CEARA,N,E,8,Serviços,1,Contrato (termo inicial),Ceará,CE,Fortaleza,228154,EEFM DONA JÚLIA ALVES PESSOA,2304400
07954480000179-1-022221/2026,,,2026,33857,2026-09-17T01:34:01,PJ,22494284000152,IDEIA COMERCIO E SERVICOS LTDA,,,,REPASSE PARA MANUTENÇÃO DE ESCOLAS - EEEP EDSON QUEIROZ - CASCAVEL - CREDE 9,2900.0,2900.0,2900.0,0.0,2026-09-04,2026-09-17,2027-09-17,,,2026-09-17T01:33:57,2026-09-17T01:34:01,False,1,0,False,False,1455752,,,,,22001.140215/202632,07954480000179-2-033857/2026,Secretaria do Planejamento e Gestão do Ceará,07954480000179,ESTADO DO CEARA,N,E,8,Serviços,1,Contrato (termo inicial),Ceará,CE,Cascavel,228429,EEEP EDSON QUEIROZ,2303501
07954480000179-1-020827/2026,,,2026,33858,2026-09-17T01:34:30,PJ,38404532000167,RODRIGO LUIS LOPES REIS,,,,AQUISIÇÃO - MATERIAL DE CONSUMO - GÊNEROS ALIMENTÍCIOS 2026.2 (II) - EEMTI ANTÔNIO NEGREIROS BASTOS - IRAUCUBA - CREDE 6,1963.0,1963.0,1963.0,0.0,2026-09-01,2026-09-19,2027-09-19,,,2026-09-17T01:34:28,2026-09-17T01:34:30,False,1,0,False,False,1456147,,,,,22001.143066/202663,07954480000179-2-033858/2026,Secretaria do Planejamento e Gestão do Ceará,07954480000179,ESTADO DO CEARA,N,E,2,Compras,1,Contrato (termo inicial),Ceará,CE,Poranga,228375,EEM ANTONIO NEGREIROS BASTOS,2311009
07954480000179-1-021833/2026,,,2026,33859,2026-09-17T01:34:32,PJ,60992744000161,LUIZA DANNY UCHOA LTDA,,,,Serviços gráficos - EEMTI PRESIDENTE HUMBERTO DE ALENCAR CASTELO BRANCO -  (SEFOR 3),2830.0,2830.0,2830.0,0.0,2026-09-10,2026-09-18,2027-09-18,,,2026-09-17T01:34:31,2026-09-17T01:34:32,False,1,0,False,False,1456352,,,,,22001.046102/202641,07954480000179-2-033859/2026,Secretaria do Planejamento e Gestão do Ceará,07954480000179,ESTADO DO CEARA,N,E,8,Serviços,1,Contrato (termo inicial),Ceará,CE,Fortaleza,228119,COLÉGIO ESTADUAL PRESIDENTE HUMBERTO DE ALENCAR CASTELO BRANCO,2304400
07954480000179-1-020206/2026,,,2026,33860,2026-09-17T01:34:44,PJ,38404532000167,RODRIGO LUIS LOPES REIS,,,,QUISIÇÃO DE GÊNEROS ALIMENTÍCIOS PARA ALIMENTAÇÃO ESCOLAR. - EEMTI MARIA DO CARMO BEZERRA - ACARAPE - CREDE 8 -,5202.0,5202.0,5202.0,0.0,2026-09-03,2026-09-18,2027-09-13,,,2026-09-17T01:34:33,2026-09-17T01:34:44,False,1,0,False,False,1456357,,,,,22001.123689/202610,07954480000179-2-033860/2026,Secretaria do Planejamento e Gestão do Ceará,07954480000179,ESTADO DO CEARA,N,E,2,Compras,1,Contrato (termo inicial),Ceará,CE,Acarape,228402,EEM MARIA DO CARMO BEZERRA,2300150
07954480000179-1-025516/2025,07954480000179-1-025516/2025-000001,,2026,33861,2026-09-17T01:34:56,PJ,29725927000170,BMP DE SOUSA COMERCIAL LTDA ,,,,GÊNEROS DE ALIMENTAÇÃO - EEMTI LICEU PROFESSOR DOMINGOS BRASILEIRO -  (SEFOR 3),25071.39,25071.39,25071.39,0.0,2026-09-08,2026-09-18,2027-09-18,,,2026-09-17T01:34:56,2026-09-17T01:34:56,False,1,0,False,False,1455912,,,,,22001.138265/202650,07954480000179-2-033861/2026,Secretaria do Planejamento e Gestão do Ceará,07954480000179,ESTADO DO CEARA,N,E,2,Compras,1,Contrato (termo inicial),Ceará,CE,Fortaleza,228688,LICEU ESTADUAL PROFESSOR DOMINGOS BRASILEIRO,2304400
07954480000179-1-021433/2026,,,2026,33862,2026-09-17T01:35:25,PJ,57462185000173,57.462.185 BRUNO RAMOS BEZERRA,,,,Manutenção e Conservação de Máquinas e Equipamentos - ESCOLA INDÍGENA DE MONSENHOR TABOSA - MONSENHOR TABOSA - CREDE 13 -,2986.0,2986.0,2986.0,0.0,2026-09-04,2026-09-04,2027-08-29,,,2026-09-17T01:35:16,2026-09-17T01:35:25,False,1,0,False,False,1456284,,,,,22001.130356/202647,07954480000179-2-033862/2026,Secretaria do Planejamento e Gestão do Ceará,07954480000179,ESTADO DO CEARA,N,E,8,Serviços,1,Contrato (termo inicial),Ceará,CE,Monsenhor Tabosa,228513,ESCOLA INDÍGENA DE MONSENHOR TABOSA,2308609
07954480000179-1-026426/2025,,,2026,33863,2026-09-17T01:36:40,PJ,07135481000191,COZINHA LUCENA LTDA,,,,"O objeto do presente instrumento é a prestação dos serviços de Alimentação para o
fornecimento de refeições destinadas aos alunos das Escolas Estaduais de Educação
Profissional, GRUPO 8 ¿ EEEP MANUEL ABDIAS EVANGELISTA (NOVA RUSSAS), e aos alunos
que estejam em intercâmbio nas ações pedagógicas, nas condições estabelecidas neste contrato
e no Termo de Referência do edital e na proposta do CONTRATADO. EMPRESA
COZINHA LUCENA LTDA .",648000.0,648000.0,648000.0,0.0,2026-08-21,2026-08-21,2027-08-21,,,2026-09-17T01:36:24,2026-09-17T01:36:40,False,1,0,False,False,1456447,,,,,22001.130850/202610,07954480000179-2-033863/2026,Secretaria do Planejamento e Gestão do Ceará,07954480000179,ESTADO DO CEARA,N,E,8,Serviços,1,Contrato (termo inicial),Ceará,CE,Fortaleza,220001,SECRETARIA DA EDUCACAO,2304400
07954480000179-1-020262/2026,,,2026,33864,2026-09-17T01:37:49,PJ,64720094000156,SHEVA CONSTRUCAO E EMPREENDIMENTOS LTDA,,,,REFORMA DA COZINHA DA EEMTI ARSÊNIO FERREIRA MAIA - CREDE 10,93276.95,93276.95,93276.95,0.0,2026-09-10,2026-09-10,2027-09-04,,,2026-09-17T01:36:43,2026-09-17T01:37:49,False,1,0,False,False,1456162,,,,,22001.124604/202611,07954480000179-2-033864/2026,Secretaria do Planejamento e Gestão do Ceará,07954480000179,ESTADO DO CEARA,N,E,7,Obras,1,Contrato (termo inicial),Ceará,CE,Limoeiro do Norte,228445,EEM ARSÊNIO FERREIRA MAIA,2307601
07954480000179-1-020260/2026,,,2026,33865,2026-09-17T01:39:16,PJ,11278775000140,OLINDINA MARIA DE SOUSA NETA,,,,GÊNEROS DE ALIMENTAÇÃO - EEMTI DR. JOSÉ EUCLIDES FERREIRA GOMES JÚNIOR - SOBRAL - CREDE 6,17405.58,17405.58,17405.58,0.0,2026-09-02,2026-09-18,2027-09-18,,,2026-09-17T01:38:15,2026-09-17T01:39:16,False,1,0,False,False,1456254,,,,,22001.142482/202644,07954480000179-2-033865/2026,Secretaria do Planejamento e Gestão do Ceará,07954480000179,ESTADO DO CEARA,N,E,2,Compras,1,Contrato (termo inicial),Ceará,CE,Sobral,228373,EEM DOUTOR JOSÉ EUCLIDES FERREIRA GOMES JÚNIOR,2312908
07954480000179-1-018457/2026,,,2026,33866,2026-09-17T01:41:07,PJ,40057319000178,CNL3 COMERCIO DE PRODUTOS DE LIMPEZA LTDA,,,,AQUISIÇÃO - SERVIÇOS DE TERCEIROS - OUTROS SERVIÇOS DE TERCEIROS (LOCAÇÃO DE VEÍCULOS). ADOLFO FERREIRA DE SOUSA EEEP - REDENCAO - CREDE 8,59660.4,59660.4,59660.4,0.0,2026-09-08,2026-09-18,2027-04-06,,,2026-09-17T01:39:47,2026-09-17T01:41:07,False,1,0,False,False,1456125,,,,,22001.108792/202630,07954480000179-2-033866/2026,Secretaria do Planejamento e Gestão do Ceará,07954480000179,ESTADO DO CEARA,N,E,8,Serviços,1,Contrato (termo inicial),Ceará,CE,Redenção,228409,EEEP ADOLFO FERREIRA DE SOUSA,2311603
07954480000179-1-020468/2026,,,2026,33867,2026-09-17T01:42:08,PJ,62985149000124,62.985.149 RICHELME DE SOUSA MARQUES,,,,MANUTENÇÃO E CONSERVAÇÃO DE BENS IMÓVEIS - GERARDO JOSÉ DIAS DE LOIOLA - EEEP - FORQUILHA - CREDE 6,13290.0,13290.0,13290.0,0.0,2026-09-04,2026-09-18,2027-09-18,,,2026-09-17T01:41:09,2026-09-17T01:42:08,False,1,0,False,False,1455799,,,,,22001.132597/202621,07954480000179-2-033867/2026,Secretaria do Planejamento e Gestão do Ceará,07954480000179,ESTADO DO CEARA,N,E,8,Serviços,1,Contrato (termo inicial),Ceará,CE,Forquilha,228948, EEEP GERARDO JOSE DIAS DE LOIOLA,2304350
07954480000179-1-018545/2026,,,2026,33868,2026-09-17T01:45:13,PJ,30302072000154,F2 CONSTRUCOES E COMERCIO LTDA,,,,AQUISIÇÃO - SERVIÇOS DE TERCEIROS - MANUTENÇÃO E CONSERVAÇÃO DE BENS IMÓVEIS - EEM ANA BEZERRA DE SÁ - EUSEBIO - CREDE 1 -,17500.0,17500.0,17500.0,0.0,2026-09-09,2026-09-18,2027-09-13,,,2026-09-17T01:44:38,2026-09-17T01:45:13,False,1,0,False,False,1454342,,,,,22001.117435/202662,07954480000179-2-033868/2026,Secretaria do Planejamento e Gestão do Ceará,07954480000179,ESTADO DO CEARA,N,E,8,Serviços,1,Contrato (termo inicial),Ceará,CE,Caucaia,228200,EEM ANA BEZERRA DE SÁ,2303709
07954480000179-1-008548/2026,,,2026,33869,2026-09-17T01:45:46,PJ,38180754000143,FERREIRA E MARQUES SERVICOS LTDA,,,,Manutenção de máquinas de ar condicionados - EEMTI PROFESSORA TELINA BARBOSA DA COSTA - (SEFOR 2),23472.0,23472.0,23472.0,0.0,2026-08-31,2026-09-17,2027-09-17,,,2026-09-17T01:45:44,2026-09-17T01:45:46,False,1,0,False,False,1455897,,,,,22001.075991/202654,07954480000179-2-033869/2026,Secretaria do Planejamento e Gestão do Ceará,07954480000179,ESTADO DO CEARA,N,E,8,Serviços,1,Contrato (termo inicial),Ceará,CE,Fortaleza,228104,EEFM PROFESSORA TELINA BARBOSA DA COSTA,2304400
07954480000179-1-022704/2026,,,2026,33870,2026-09-17T01:45:48,PJ,32762666000173,32.762.666 MARIA THAYNARA ALVES RODRIGUES,,,,SERVIÇOS DE TERCEIROS - FESTIVIDADES E HOMENAGENS PARA A EEEP MARIA JOSÉ MEDEIROS - SEFOR 2,4890.99,4890.99,4890.99,0.0,2026-09-10,2026-09-18,2027-09-18,,,2026-09-17T01:45:47,2026-09-17T01:45:48,False,1,0,False,False,1456358,,,,,22001.115528/202652,07954480000179-2-033870/2026,Secretaria do Planejamento e Gestão do Ceará,07954480000179,ESTADO DO CEARA,N,E,8,Serviços,1,Contrato (termo inicial),Ceará,CE,Fortaleza,228066,EEEP MARIA JOSÉ MEDEIROS,2304400
07954480000179-1-001263/2026,,,2026,33871,2026-09-17T01:46:42,PJ,43350432000135,NZ CONSTRUCOES LTDA,,,,REFORMA ELÉTRICA PARA SUBSTITUIÇÃO DO RAMAL DE ALIMENTAÇÃO DOS ARES CONDICIONADOS E QUADROS ELÉTRICOS (CARGA INSTALADA: 120KW) - EEMTI POETA OTACÍLIO COLARES - SEFOR 2.,89999.9,89999.9,89999.9,0.0,2026-09-08,2026-09-08,2027-09-07,,,2026-09-17T01:46:04,2026-09-17T01:46:42,False,1,0,False,False,1455907,,,,,22001.010756/202637,07954480000179-2-033871/2026,Secretaria do Planejamento e Gestão do Ceará,07954480000179,ESTADO DO CEARA,N,E,7,Obras,1,Contrato (termo inicial),Ceará,CE,Fortaleza,228103,EEFM POETA OTACÍLIO COLARES,2304400
07954480000179-1-018096/2026,,,2026,33872,2026-09-17T01:47:00,PJ,57462185000173,57.462.185 BRUNO RAMOS BEZERRA,,,,Aquisição fe Manutenção e Conservação de Máquinas e Equipamentos - EEEP LUCAS EMMANUEL LIMA PINHEIRO - IGUATU - CREDE 16,5760.0,5760.0,5760.0,0.0,2026-09-04,2026-09-04,2027-08-29,,,2026-09-17T01:46:43,2026-09-17T01:47:00,False,1,0,False,False,1455788,,,,,22001.117720/202683,07954480000179-2-033872/2026,Secretaria do Planejamento e Gestão do Ceará,07954480000179,ESTADO DO CEARA,N,E,8,Serviços,1,Contrato (termo inicial),Ceará,CE,Iguatu,228553,EEEP LUCAS EMMANUEL LIMA PINHEIRO,2305506
07954480000179-1-020036/2026,,,2026,33873,2026-09-17T01:47:02,PJ,10351588000181,NEW LEAF CONCEITO E SERVIÇOS TERCEIRIZADOS LTDA,,,,Contratação de empresa para prestação de serviços contínuos a serem executados com dedicação exclusiva de mão de obra terceirizada para PMCE.,5668784.88,472398.74,5668784.88,0.0,2026-09-09,2026-09-16,2027-09-16,,,2026-09-17T01:47:01,2026-09-17T01:47:02,False,12,0,False,False,1455306,,,,,10061.033899/202461,07954480000179-2-033873/2026,Secretaria do Planejamento e Gestão do Ceará,07954480000179,ESTADO DO CEARA,N,E,8,Serviços,1,Contrato (termo inicial),Ceará,CE,Fortaleza,101031,POLICIA MILITAR DO CEARA,2304400
07954480000179-1-025516/2025,07954480000179-1-025516/2025-000001,,2026,33874,2026-09-17T01:48:01,PJ,29725927000170,BMP DE SOUSA COMERCIAL LTDA ,,,,ARP 02 - Proteínas - EEMTI PROFESSORA ADÉLIA BRASIL FEIJÓ - (SEFOR 3),23640.87,23640.87,23640.87,0.0,2026-09-09,2026-09-18,2027-09-18,,,2026-09-17T01:48:01,2026-09-17T01:48:01,False,1,0,False,False,1454736,,,,,22001.139898/202685,07954480000179-2-033874/2026,Secretaria do Planejamento e Gestão do Ceará,07954480000179,ESTADO DO CEARA,N,E,2,Compras,1,Contrato (termo inicial),Ceará,CE,Fortaleza,228134,EEFM PROFESSORA ADÉLIA BRASIL FEIJÓ,2304400
07954480000179-1-020218/2026,,,2026,33875,2026-09-17T01:48:04,PJ,46154250000187,INTERLOC EMPREENDIMENTOS LTDA,,,,REFORMA CIVIL E ELÉTRICA PARA CLIMATIZAÇÃO DE TRÊS SALAS DE AULA E ESCOAMENTO SANITÁRIO DA COZINHA E REFORMA NA FACHADA FRONTAL COM AJUSTES NA CALÇADA FRONTAL E LATERA NA EEM DEPUTADO FRANCISCO DE ALMEIDA MONTEL - SEFOR 1,91299.0,91299.0,91299.0,0.0,2026-09-08,2026-09-08,2027-09-02,,,2026-09-17T01:48:03,2026-09-17T01:48:04,False,1,0,False,False,1455906,,,,,22001.125381/202617,07954480000179-2-033875/2026,Secretaria do Planejamento e Gestão do Ceará,07954480000179,ESTADO DO CEARA,N,E,7,Obras,1,Contrato (termo inicial),Ceará,CE,Fortaleza,228010,EEFM DEPUTADO FRANCISCO DE ALMEIDA MONTE,2304400
07954480000179-1-023027/2026,,,2026,33876,2026-09-17T01:48:49,PJ,66725041000153,66.725.041 MARCELO PEQUENO BARBOSA,,,,MANUTENÇÃO E CONSERVAÇÃO DE BENS IMÓVEIS - PORTÃO DE ACESSO - EEEP PROFESSORA MARLY FERREIRA MARTINS - CAUCAIA - CREDE 1,1200.0,1200.0,1200.0,0.0,2026-09-10,2026-09-10,2027-09-09,,,2026-09-17T01:48:22,2026-09-17T01:48:49,False,1,0,False,False,1456336,,,,,22001.143569/202639,07954480000179-2-033876/2026,Secretaria do Planejamento e Gestão do Ceará,07954480000179,ESTADO DO CEARA,N,E,8,Serviços,1,Contrato (termo inicial),Ceará,CE,Caucaia,228178,EEEP PROFESSORA MARLY FERREIRA MARTINS,2303709
07954480000179-1-021755/2026,,,2026,33877,2026-09-17T01:50:00,PJ,45060510000192,J CON ASSESSORIA E CONSULTORIA CONTABIL LTDA,,,,AQUISIÇÃO DE SERVIÇÃO DE TERCEIROS - SERVIÇOS TÉCNICOS PROFISSIONAIS. EEMTI MOISÉS BENTO DA SILVA - JATI - CREDE 20 -,74.0,74.0,74.0,0.0,2026-09-09,2026-09-17,2027-09-17,,,2026-09-17T01:49:56,2026-09-17T01:50:00,False,1,0,False,False,1455493,,,,,22001.138820/202643,07954480000179-2-033877/2026,Secretaria do Planejamento e Gestão do Ceará,07954480000179,ESTADO DO CEARA,N,E,8,Serviços,1,Contrato (termo inicial),Ceará,CE,Jati,228638,EEM MOISÉS BENTO DA SILVA,2307205
07954480000179-1-020260/2026,,,2026,33878,2026-09-17T01:50:25,PJ,41644238000137,MERCADINHO TOMÁZ PARENTE LTDA - ME,,,,GÊNEROS DE ALIMENTAÇÃO - EEMTI DR. JOSÉ EUCLIDES FERREIRA GOMES JÚNIOR - SOBRAL - CREDE 6,15949.3,15949.3,15949.3,0.0,2026-09-02,2026-09-18,2027-09-18,,,2026-09-17T01:50:02,2026-09-17T01:50:25,False,1,0,False,False,1456239,,,,,22001.122490/202674,07954480000179-2-033878/2026,Secretaria do Planejamento e Gestão do Ceará,07954480000179,ESTADO DO CEARA,N,E,2,Compras,1,Contrato (termo inicial),Ceará,CE,Sobral,228373,EEM DOUTOR JOSÉ EUCLIDES FERREIRA GOMES JÚNIOR,2312908
07954480000179-1-021385/2026,,,2026,33879,2026-09-17T01:50:27,PJ,48199754000149,SOUZA AMARAL ENGENHARIA LTDA,,,,"Aquisição de Gêneros de Alimentação, em favor da EEMTI Prefeito Dário Campos Feijó. MARTINOPOLE - CREDE 4",18735.0,18735.0,18735.0,0.0,2026-09-04,2026-09-18,2027-09-13,,,2026-09-17T01:50:25,2026-09-17T01:50:27,False,1,0,False,False,1456243,,,,,22001.135913/202616,07954480000179-2-033879/2026,Secretaria do Planejamento e Gestão do Ceará,07954480000179,ESTADO DO CEARA,N,E,2,Compras,1,Contrato (termo inicial),Ceará,CE,Martinópole,228788,EEM PREFEITO DARIO CAMPOS FEIJO,2307908
00509018000113-1-002975/2025,00509018000113-1-002975/2025-000001,,2026,3741,2026-09-17T07:32:17,PJ,10486051000129,M A COMERCIO DE MATERIAL ELETRICO LTDA,,,,"AQUISICAO DE MATERIAIS DE PINTURA/IMPERMEABILIZACAO COM BASE EM COTACAO DE MERCADO, ATRAVES DA ARP Nº 27/2025, ORIUNDA DO PREGAO-E Nº 90039/2025",3575.37,3575.37,3575.37,,2026-09-15,2026-09-15,2026-12-31,,,2026-09-17T07:32:16,2026-09-17T07:32:17,False,1,0,False,False,2026NE000895,,,,,2026.0.000015563-9,00509018000113-2-003741/2026,Compras.gov.br,00509018000113,TRIBUNAL SUPERIOR ELEITORAL,J,F,2,Compras,7,Empenho,Ceará,CE,Fortaleza,070007,TRIBUNAL REGIONAL ELEITORAL DO CEARA,2304400
10462364000147-1-000065/2026,10462364000147-1-000065/2026-000003,,2026,248,2026-09-17T07:53:34,PJ,41367431000178,XSEVEN EMPREENDIMENTOS LTDA,,,,"Registro de Preços para eventual e futura contratação de locação de horas de máquinas pesadas do tipo tratores, motoniveladora e outros, com operador, para a execução de serviços atendendo as necessidades da Secretaria de infraestrutura do Município de Ipaporanga/CE.",758248.2,758248.2,758248.2,758248.2,2026-09-15,2026-09-15,2027-09-15,,,2026-09-17T07:53:32,2026-09-17T07:53:34,False,1,0,False,False,0626PE4INF,,,,,0000520260105000106,10462364000147-2-000248/2026,M2A tecnologia,10462364000147,MUNICIPIO DE IPAPORANGA,N,M,8,Serviços,1,Contrato (termo inicial),Ceará,CE,Ipaporanga,12,SECRETARIA DE INFRA ESTRUTURA,2305654
00509018000113-1-002802/2025,00509018000113-1-002802/2025-000001,,2026,3742,2026-09-17T07:59:24,PJ,11438158000164,A L PINTO COSTA ALIMENTACOES E SERVICOS LTDA,,,,"FORNECIMENTO DE 210 (DUZENTOS E DEZ) COFFEE BREAKS DO TIPO SUPERIOR, PARA CONSUMO DOS MEMBROS DA CORTE E MINISTERIO PUBLICO, NAS SESSOES QUE OCORRERAO NO MES DE SETEMBRO DE 2026, , ATRAVES DA ARP Nº 26/2025, RESULTANTE DO PREGAO ELETRONICO Nº 90036/2025 E SEUS ANEXOS - ITEM 2",3927.0,18.7,3927.0,,2026-09-15,2026-09-15,2026-12-31,,,2026-09-17T07:59:24,2026-09-17T07:59:24,False,210,0,False,False,2026NE000887,,,,,2026.0.000013782-7,00509018000113-2-003742/2026,Compras.gov.br,00509018000113,TRIBUNAL SUPERIOR ELEITORAL,J,F,8,Serviços,7,Empenho,Ceará,CE,Fortaleza,070007,TRIBUNAL REGIONAL ELEITORAL DO CEARA,2304400
07673106000103-1-000069/2026,,,2026,117,2026-09-18T07:48:51,PJ,41107229000107,MAXIMUS DISTRIBUIDORA LTDA,,,,"AQUISIÇÃO DE VESTUÁRIO EM GERAL PARA ATENDER AS NECESSIDADES DA SECRETARIA DE EDUCAÇÃO DO MUNICÍPIO DE FORQUILHA/CE, CONFORME ADESÃO A ATA DE REGISTRO DE PREÇOS Nº 08.010/2025 GERENCIADA PELA SECRETARIA DE EDUCAÇÃO DA PREFEITURA MUNICIPAL DE ARACATI/CE",30685.0,30685.0,30685.0,30685.0,2026-06-16,2026-06-16,2026-12-31,,,2026-09-18T07:48:51,2026-09-18T07:48:51,False,1,0,False,False,2026.04.24.001,,,,,2026.04.24.001,07673106000103-2-000117/2026,ASSESI BRASIL,07673106000103,MUNICIPIO DE FORQUILHA,N,M,2,Compras,1,Contrato (termo inicial),Ceará,CE,Forquilha,1242,Forquilha,2304350
15126437000143-1-003167/2024,15126437000143-1-003167/2024-000017,,2026,753,2026-09-18T08:54:54,PJ,49351786001152,BAXTER HOSPITALAR LTDA,,,,"SOLICITANTE UNIDADE DE LOGÍSTICA, MATERIAL FARMACOLÓGICO, PROCESSO SEI N° 23533.031497/2026-32, DOCUMENTO SEI (64774800), GRUPO (MATERIAIS DE CONSUMO), SUBGRUPO (MEDICAMENTOS).",11445.6,11445.6,11445.6,,2025-11-27,2025-11-27,2026-11-27,,,2026-09-18T08:09:39,2026-09-18T08:54:54,False,1,2,False,True,2026NE003390,15500705910382024 - UASG Minuta: 155020,,,,23477.020615/2024-37,15126437000143-2-000753/2026,Contratos.gov.br,15126437000143,EMPRESA BRASILEIRA DE SERVIÇOS HOSPITALARES,E,F,2,Compras,7,Empenho,Ceará,CE,Fortaleza,155020,COMPLEXO HOSPITALAR DO CEARÁ,2304400
23718356000160-1-000070/2026,,,2026,52,2026-09-18T08:19:13,PJ,07149579000106,J.ELIAS DA SILVA COMBUSTIVEIS,,,,AQUISIÇÃO COMPLEMENTAR DE COMBUSTIVEIS PARA ATENDER AS DEMANDAS DA SECRETARIA DE EDUCAÇÃO DO MUNICIPIO DE ARARENDA-CE.,1223262.0,1223262.0,1223262.0,1223262.0,2026-09-17,2026-09-17,2027-09-17,,,2026-09-18T08:19:10,2026-09-18T08:19:13,False,1,0,False,False,202609170001,,,,,0000420260813000100,23718356000160-2-000052/2026,M2A tecnologia,23718356000160,MUNICIPIO DE ARARENDA,N,M,2,Compras,1,Contrato (termo inicial),Ceará,CE,Ararendá,202508,SECRETARIA DE EDUCACAO,2301257
06928790000156-1-000150/2025,06928790000156-1-000150/2025-000001,,2026,279,2026-09-18T08:41:52,PJ,34361175000146,M. A. DA SILVA DO VALE,,,,"EMPENHO REF. CONFECÇÃO E FORNECIMENTO DE 02 (DOIS) BANNERS PERSONALIZADOS, 4X0 CORES, EM LONA, COM ACABAMENTO EM TUBO PLÁSTICOS/PONTEIRAS/ILHÓS, DESTINADO À APRESENTAÇÃO DO CASE ""JORNADA DA SAÚDE MENTAL NO MPCE, NO ENCONTRO NACIONAL DEDICADO À SAÚDE MENTAL, FELICIDADE NO TRABALHO E RISCOS PSICOSSOCIAIS NO SERVIÇO PÚBLICO (HAPPYGOV), CONF. ARP 001/2026, PE 048/2025-ITEM 01 E ORDEM DE SERVIÇO 087/2026/SECOM.",74.0,74.0,74.0,,2026-09-16,2026-09-16,2026-12-31,,,2026-09-18T08:41:51,2026-09-18T08:41:52,False,1,0,False,False,2026NE002310,,,,,09.2026.00030419-6,06928790000156-2-000279/2026,Contratos.gov.br,06928790000156,MINISTERIO PUBLICO DO ESTADO DO CEARA,E,E,2,Compras,7,Empenho,Ceará,CE,Fortaleza,926484,PROCURADORIA GERAL DE JUSTIÇA NO CEARA,2304400
00509018000113-1-001506/2026,,,2026,3779,2026-09-20T17:55:49,PJ,35149441000134,OTTO SERVICOS ELETRICOS LTDA,,,,"ONTRATAÇÃO DE SERVIÇO CONTINUADO DE MANUTENÇÃO PREVENTIVA E SUPORTE CORRETIVO ESPECIALIZADO EM 02 (DUAS) UPS PHD TR MD3350G4 – 100 KVA INSTALADAS NO DATA CENTER, INCLUINDO COBERTURA
DE MÃO DE OBRA TÉCNICA PARA ATENDIMENTOS CORRETIVOS E EMERGENCIAIS E EVENTUAL FORNECIMENTO DE PEÇAS PARA MANUTENÇÃO CORRETIVA",100000.0,100000.0,100000.0,,2026-09-15,2026-09-23,2027-09-23,,,2026-09-20T17:55:48,2026-09-20T17:55:49,False,1,0,False,False,00051,,,,,2026.0.000008010-8,00509018000113-2-003779/2026,Contratos.gov.br,00509018000113,TRIBUNAL SUPERIOR ELEITORAL,J,F,8,Serviços,1,Contrato (termo inicial),Ceará,CE,Fortaleza,070007,TRIBUNAL REGIONAL ELEITORAL DO CEARA,2304400
10491017000142-1-000029/2026,,,2026,27,2026-09-21T08:05:05,PJ,67854959000165,67.854.959 GRACE ANNE ALVES DE LIMA,,,,A aquisição de fardamento para motorista e vigilante do Cremec ,737.0,737.0,737.0,,2026-09-18,2026-09-18,2026-10-05,,,2026-09-21T08:04:54,2026-09-21T08:05:05,False,1,0,False,False,OC-015/2026,,,,,26.6.000002105-1,10491017000142-2-000027/2026,Implanta Informatica LTDA,10491017000142,CONSELHO REGIONAL DE MEDICINA DO ESTADO DO CEARA,E,F,2,Compras,7,Empenho,Ceará,CE,Fortaleza,389169,CONSELHO REGIONAL DE MEDICINA ESTADO DO CEARA,2304400
23555196000186-1-000139/2026,23555196000186-1-000139/2026-000001,,2026,703,2026-09-21T08:39:57,PJ,15340288000110,ATOS EDICOES LTDA,,,,"AQUISIÇÕES DE KITS SENSORIAIS, DESTINADOS AO ATENDIMENTO DAS DEMANDAS DA REDE MUNICIPAL DE ENSINO, DE RESPONSABILIDADE DA SECRETARIA DE EDUCAÇÃO DE HORIZONTE/CE",317400.0,317400.0,317400.0,0.0,2026-09-17,2026-09-17,2026-12-31,,,2026-09-21T08:15:42,2026-09-21T08:39:57,False,1,2,False,False,2026.09.17.2,AQUISIÇÃO DO ITEM 03,,,,PE Nº2026.05.29.1,23555196000186-2-000703/2026,Compras.gov.br,23555196000186,MUNICIPIO DE HORIZONTE,N,M,2,Compras,1,Contrato (termo inicial),Ceará,CE,Horizonte,981253,PREFEITURA MUNICIPAL DE HORIZONTE - CE,2305233
06928790000156-1-000002/2024,06928790000156-1-000002/2024-000003,,2026,283,2026-09-21T08:25:15,PJ,07875146000120,SERRA MOBILE INDUSTRIA E COMERCIO LTDA,,,,"EMPENHO REF. AQUISIÇÃO DE 04 (QUATRO) CADEIRAS INTERLOCUTOR, 06 (SEIS) CADEIRAS DIRETOR E 07 (SETE) CADEIRAS DIGITADOR, COM VISTAS AO ATENDIMENTO DE DEMANDAS EXISTENTES DO MPCE DE INAUGURAÇÕES DE NOVOS ESPAÇOS E PEDIDOS NO CIGAM, CONF. ARP 063/2025, PREGÃO ELETRÔNICO 018/2024-GRUPO 01 (ITENS 04, 06 E 07) E ORDEM DE COMPRA 081/2026/SEAD.",148836.0,148836.0,148836.0,,2026-09-18,2026-09-18,2026-12-31,,,2026-09-21T08:25:14,2026-09-21T08:25:15,False,1,0,False,False,2026NE002337,,,,,09.2026.00030782-7,06928790000156-2-000283/2026,Contratos.gov.br,06928790000156,MINISTERIO PUBLICO DO ESTADO DO CEARA,E,E,2,Compras,7,Empenho,Ceará,CE,Fortaleza,926484,PROCURADORIA GERAL DE JUSTIÇA NO CEARA,2304400
07954480000179-1-014631/2026,,,2026,34755,2026-09-22T01:01:12,PJ,41015088000100,BRUNO ALBERTO DE SOUSA MONSORES LTDA,,,,"CONTRATAÇÃO DE SERVIÇOS DE ENGENHARIA DE MANUTENÇÃO E CONSERVAÇÃO DE MÁQUINAS E EQUIPAMENTOS (CENTRAIS DE AR-CONDICIONADO) COM FORNECIMENTO DE PEÇAS E MÃO DE OBRA, destinado atender as necessidades da EEEP Jeová Costa Lima. RUSSAS - CREDE 10",28230.0,28230.0,28230.0,0.0,2026-09-10,2026-09-23,2027-09-18,,,2026-09-22T01:01:10,2026-09-22T01:01:12,False,1,0,False,False,1456748,,,,,22001.092911/202625,07954480000179-2-034755/2026,Secretaria do Planejamento e Gestão do Ceará,07954480000179,ESTADO DO CEARA,N,E,8,Serviços,1,Contrato (termo inicial),Ceará,CE,Russas,228451,EEEP PROFESSOR WALQUER CAVALCANTE MAIA,2311801
07954480000179-1-020997/2026,,,2026,34756,2026-09-22T01:01:15,PJ,55790072000252,VANTIVE HEALTH BRASIL LTDA,,,,"AQUISIÇÃO MATERIAL DE DIÁLISE PERITONEAL, PARA ATENDER AS NECESSIDADES DO HIAS.",4136243.0,344686.9166,4136243.0,0.0,2026-09-16,2026-09-23,2027-09-23,,,2026-09-22T01:01:13,2026-09-22T01:01:15,False,12,0,False,False,1457493,,,,,24001.052489/202609,07954480000179-2-034756/2026,Secretaria do Planejamento e Gestão do Ceará,07954480000179,ESTADO DO CEARA,N,E,2,Compras,1,Contrato (termo inicial),Ceará,CE,Fortaleza,241311,HOSPITAL INFANTIL DR. ALBERT SABIN,2304400
07954480000179-1-017418/2026,,,2026,34757,2026-09-22T01:01:46,PJ,48293154000145,48.293.154 FRANCISCO DANIEL DE ARAUJO,,,,MANUTENÇÃO E CONSERVAÇÃO DE MÁQUINAS E EQUIPAMENTOS - 2026.2 - EEMTI PROFESSOR CLODOALDO PINTO - CREDE 1,895.0,895.0,895.0,0.0,2026-09-11,2026-09-23,2027-09-23,,,2026-09-22T01:01:43,2026-09-22T01:01:46,False,1,0,False,False,1456720,,,,,22001.108202/202679,07954480000179-2-034757/2026,Secretaria do Planejamento e Gestão do Ceará,07954480000179,ESTADO DO CEARA,N,E,8,Serviços,1,Contrato (termo inicial),Ceará,CE,Maracanaú,228187,EEM PROFESSOR CLODOALDO PINTO,2307650
07954480000179-1-020877/2026,,,2026,34758,2026-09-22T01:01:49,PJ,61425266000170,61.425.266 ISMAEL DA COSTA SOARES,,,,Aquisição de Gêneros de Alimentação para atender ao PNAE-Programa Nacional de Alimentação Escolar na EEMTI Barão de Aracati. ARACATI - CREDE 10 -,4860.0,4860.0,4860.0,0.0,2026-09-08,2026-09-08,2027-09-02,,,2026-09-22T01:01:47,2026-09-22T01:01:49,False,1,0,False,False,1456613,,,,,22001.145014/202621,07954480000179-2-034758/2026,Secretaria do Planejamento e Gestão do Ceará,07954480000179,ESTADO DO CEARA,N,E,2,Compras,1,Contrato (termo inicial),Ceará,CE,Aracati,228430,EEM BARÃO DE ARACATI,2301109
07954480000179-1-022318/2026,,,2026,34759,2026-09-22T01:01:53,PJ,63218423000100,ETN LOCADORA E CONSTRUTORA LTDA,,,,AQUISIÇÃO - SERVIÇOS DE TERCEIROS - MANUTENÇÃO E CONSERVAÇÃO DE BENS IMÓVEIS - EEM TANCREDO NUNES DE MENEZES - TIANGUA - CREDE 5,7000.0,7000.0,7000.0,0.0,2026-09-11,2026-09-11,2027-09-10,,,2026-09-22T01:01:51,2026-09-22T01:01:53,False,1,0,False,False,1457038,,,,,22001.141115/202623,07954480000179-2-034759/2026,Secretaria do Planejamento e Gestão do Ceará,07954480000179,ESTADO DO CEARA,N,E,8,Serviços,1,Contrato (termo inicial),Ceará,CE,Tianguá,228310,EEM TANCREDO NUNES DE MENEZES,2313401
07954480000179-1-025516/2025,07954480000179-1-025516/2025-000001,,2026,34760,2026-09-22T01:02:04,PJ,29725927000170,BMP DE SOUSA COMERCIAL LTDA ,,,,ARP 25592 - 2026 - BMP DE SOUSA COMERCIAL LTDA (PORTARIA 05/2026) - EEEP CLEMENTE OLINTHO TÁVORA ARRUDA - BATURITE - CREDE 8,75966.65,75966.65,75966.65,0.0,2026-08-28,2026-08-28,2027-08-28,,,2026-09-22T01:02:04,2026-09-22T01:02:04,False,1,0,False,False,1455834,,,,,22001.136943/202640,07954480000179-2-034760/2026,Secretaria do Planejamento e Gestão do Ceará,07954480000179,ESTADO DO CEARA,N,E,2,Compras,1,Contrato (termo inicial),Ceará,CE,Baturité,228789,ESCOLA ESTADUAL DE EDUCACAO PROFISSIONAL DE BATURITE,2302107
07954480000179-1-017036/2026,,,2026,34761,2026-09-22T01:02:08,PJ,28419096000146,FRANCISCO SOARES LIMA 37998331372,,,,"Aquisição de SERVIÇOS DE TERCEIROS - LIMPEZA E CONSERVAÇÃO: EXECUÇÃO SERVIÇO DE DEDETIZAÇÃO E DESCUPINIZAÇÃO, SERVIÇO DE LIMPEZA, ASSEIO E CONSERVAÇÃO ¿ LIMPEZA RESERVATÓRIO DE ÁGUA, SERVIÇO DE CAPINA, destinado a atender as necessidades da Escola de Ensino Médio em Tempo Integral Prudêncio de Pinho - PORANGA - CREDE 13",2800.0,2800.0,2800.0,0.0,2026-09-09,2026-09-23,2027-09-23,,,2026-09-22T01:02:06,2026-09-22T01:02:08,False,1,0,False,False,1456634,,,,,22001.071964/202611,07954480000179-2-034761/2026,Secretaria do Planejamento e Gestão do Ceará,07954480000179,ESTADO DO CEARA,N,E,8,Serviços,1,Contrato (termo inicial),Ceará,CE,Poranga,228504,EEM PRUDÊNCIO DE PINHO,2311009
07954480000179-1-022422/2026,,,2026,34762,2026-09-22T01:02:11,PJ,38404532000167,RODRIGO LUIS LOPES REIS,,,,Aquisição de Material de Consumo ¿ Gêneros de Alimentação - Merenda Escolar - EEMTI MARIA EMÍLIA RABELO - MORADA NOVA - CREDE 10 -,10997.0,10997.0,10997.0,0.0,2026-09-09,2026-09-23,2027-09-23,,,2026-09-22T01:02:09,2026-09-22T01:02:11,False,1,0,False,False,1456689,,,,,22001.141598/202666,07954480000179-2-034762/2026,Secretaria do Planejamento e Gestão do Ceará,07954480000179,ESTADO DO CEARA,N,E,2,Compras,1,Contrato (termo inicial),Ceará,CE,Morada Nova,228655,COLÉGIO ESTADUAL MARIA EMÍLIA RABELO,2308708
07954480000179-1-015965/2026,,,2026,34763,2026-09-22T01:02:31,PJ,64752266000173,SOMA CONSTRUCOES E EMPREENDIMENTOS LTDA,,,,OUTROS SERVIÇOS DE TERCEIROS - PESSOA JURÍDICA MANUTENÇÃO E CONSERVAÇÃO DE BENS IMÓVEIS EM FAVOR DA ESCOLA INDÍGENA RAÍZES DE CRATEÚS  - CREDE 13,7300.0,7300.0,7300.0,0.0,2026-06-23,2026-09-23,2027-04-11,,,2026-09-22T01:02:28,2026-09-22T01:02:31,False,1,0,False,False,1444509,,,,,22001.086669/202651,07954480000179-2-034763/2026,Secretaria do Planejamento e Gestão do Ceará,07954480000179,ESTADO DO CEARA,N,E,8,Serviços,1,Contrato (termo inicial),Ceará,CE,Crateús,228665,ESCOLA INDÍGENA RAÍZES DE CRATEÚS,2304103
07954480000179-1-013231/2026,,,2026,34764,2026-09-22T01:02:35,PJ,21595867000107,LS PALMAS ENGENHARIA LTDA,,,,"Contratação de Serviços de fornecimento, instalação e infraestrutura de carregadores de veículos elétricos/híbridos Wallbox na sede do Departamento Estadual de Trânsito do Ceará - DETRAN/CE.",89999.9,89999.9,89999.9,0.0,2026-08-11,2026-09-23,2027-09-23,,,2026-09-22T01:02:33,2026-09-22T01:02:35,False,1,0,False,False,1450605,,,,,08012.159401/202512,07954480000179-2-034764/2026,Secretaria do Planejamento e Gestão do Ceará,07954480000179,ESTADO DO CEARA,N,E,9,Serviços de Engenharia,1,Contrato (termo inicial),Ceará,CE,Fortaleza,080301,DEPARTAMENTO ESTADUAL DE TRANSITO,2304400
07954480000179-1-022021/2026,,,2026,34765,2026-09-22T01:02:37,PJ,61283034000125,61.283.034 LTDA,,,,MANUTENÇÃO E CONSERVAÇÃO DE BENS IMÓVEIS - EEMTI SALES CAMPOS - (SEFOR 1),8970.0,8970.0,8970.0,0.0,2026-09-11,2026-09-23,2027-01-21,,,2026-09-22T01:02:36,2026-09-22T01:02:37,False,1,0,False,False,1456732,,,,,22001.138511/202673,07954480000179-2-034765/2026,Secretaria do Planejamento e Gestão do Ceará,07954480000179,ESTADO DO CEARA,N,E,8,Serviços,1,Contrato (termo inicial),Ceará,CE,Fortaleza,228023,EEFM SALES CAMPOS,2304400
07954480000179-1-004206/2024,07954480000179-1-004206/2024-000001,,2026,34766,2026-09-22T01:02:55,PJ,15099833000129,L F S COMERCIO E IMPORTACAO DE ALIMENTOS LTDA,,,,AQUISIÇÕES DE  GÊNEROS DE ALIMENTAÇÕES EMPROL DOS ALUNOS DA JOSEFA BRAGA BARROSO - (CREDE 2 - ITAPIPOCA),57717.9,57717.9,57717.9,0.0,2026-09-10,2026-09-23,2027-09-23,,,2026-09-22T01:02:54,2026-09-22T01:02:55,False,1,0,False,False,1456966,,,,,22001.119739/202664,07954480000179-2-034766/2026,Secretaria do Planejamento e Gestão do Ceará,07954480000179,ESTADO DO CEARA,N,E,2,Compras,1,Contrato (termo inicial),Ceará,CE,Miraíma,228243,EEFM JOSEFA BRAGA BARROSO,2308377
07954480000179-1-025516/2025,07954480000179-1-025516/2025-000001,,2026,34767,2026-09-22T01:03:50,PJ,29725927000170,BMP DE SOUSA COMERCIAL LTDA ,,,,AQUISIÇÃO DE GÊNEROS ALIMENTÍCIOS - EEMTI ESTADO DO AMAZONAS - (SEFOR 3),33150.6,33150.6,33150.6,0.0,2026-09-09,2026-09-23,2027-09-23,,,2026-09-22T01:03:50,2026-09-22T01:03:50,False,1,0,False,False,1456632,,,,,22001.140755/202616,07954480000179-2-034767/2026,Secretaria do Planejamento e Gestão do Ceará,07954480000179,ESTADO DO CEARA,N,E,2,Compras,1,Contrato (termo inicial),Ceará,CE,Fortaleza,228109,EEFM ESTADO DO AMAZONAS,2304400
07954480000179-1-023020/2026,,,2026,34768,2026-09-22T01:03:54,PJ,53029926000176,CSV COMERCIO E SERVICOS LTDA,,,,AQUISIÇÃO DE SERVIÇOS DE TERCEIROS - MANUTENÇÃO E CONSERVAÇÃO DE BENS IMÓVEIS EM PROL DA EEEP LUIZ GONZAGA FONSECA MOTA - AMONTADA - CREDE 2,1540.0,1540.0,1540.0,0.0,2026-09-11,2026-09-23,2027-09-23,,,2026-09-22T01:03:51,2026-09-22T01:03:54,False,1,0,False,False,1456637,,,,,22001.144367/202612,07954480000179-2-034768/2026,Secretaria do Planejamento e Gestão do Ceará,07954480000179,ESTADO DO CEARA,N,E,2,Compras,1,Contrato (termo inicial),Ceará,CE,Amontada,228233,EEEP LUIZ GONZAGA FONSECA MOTA,2300754
07954480000179-1-018635/2026,,,2026,34769,2026-09-22T01:03:57,PJ,38404532000167,RODRIGO LUIS LOPES REIS,,,,REFERENTE À COTAÇÃO ELETRÔNICA 24/2026 PARA AQUISIÇÃO DE GÊNEROS DE ALIMENTAÇÃO (PROTEÍNA) EM FAVOR DA UNIDADE ESCOLAR. EEFM CONSTÂNÇA TÁVORA - (SEFOR 2),3995.0,3995.0,3995.0,0.0,2026-09-09,2026-09-23,2027-09-23,,,2026-09-22T01:03:55,2026-09-22T01:03:57,False,1,0,False,False,1456648,,,,,22001.118444/202671,07954480000179-2-034769/2026,Secretaria do Planejamento e Gestão do Ceará,07954480000179,ESTADO DO CEARA,N,E,2,Compras,1,Contrato (termo inicial),Ceará,CE,Fortaleza,228081,EEFM CONSTÂNCIA TÁVORA,2304400
07954480000179-1-011170/2025,07954480000179-1-011170/2025-000001,,2026,34770,2026-09-22T01:04:02,PJ,53553859000194,J R MACHADO IMP. E EXP LTDA,,,,Aquisição de 152 (cento e cinquenta e dois) centrais de ar condicionado através da Ata de Registro de Preços Nº 2025/02803 oriunda do Pregão Eletrônico 20250014 - SEPLAG/CE onde o DETRAN é órgão participante.,402765.25,201382.625,402765.25,0.0,2026-08-20,2026-08-20,2027-08-20,,,2026-09-22T01:04:01,2026-09-22T01:04:02,False,2,0,False,False,1452769,,,,,08012.862689/202689,07954480000179-2-034770/2026,Secretaria do Planejamento e Gestão do Ceará,07954480000179,ESTADO DO CEARA,N,E,2,Compras,1,Contrato (termo inicial),Ceará,CE,Fortaleza,080301,DEPARTAMENTO ESTADUAL DE TRANSITO,2304400
07954480000179-1-021869/2026,,,2026,34771,2026-09-22T01:04:05,PJ,30894221000111,LAIRTON SALES DA SILVA 01804704342,,,,AQUISIÇÃO - MATERIAL DE CONSUMO - GÊNEROS DE ALIMENTAÇÃO - EEMTI PROFESSORA MARIA AFONSINA DINIZ MACEDO - VARZEA ALEGRE - CREDE 17,43640.0,43640.0,43640.0,0.0,2026-09-10,2026-09-23,2027-09-23,,,2026-09-22T01:04:03,2026-09-22T01:04:05,False,1,0,False,False,1457109,,,,,22001.139192/202613,07954480000179-2-034771/2026,Secretaria do Planejamento e Gestão do Ceará,07954480000179,ESTADO DO CEARA,N,E,2,Compras,1,Contrato (termo inicial),Ceará,CE,Várzea Alegre,228571,EEM PROFESSORA MARIA AFONSINA DINIZ MACÊDO,2314003
07954480000179-1-021311/2026,,,2026,34772,2026-09-22T01:04:08,PJ,57844287000153,M & F PRODUTOS SERVICOS E LOCACOES LTDA,,,,AQUISIÇÃO DE GÊNEROS ALIMENTÍCIOS - ESCOLA INDÍGENA ANAMA TAPEBA - CAUCAIA - CREDE 1 -,6600.0,6600.0,6600.0,0.0,2026-09-10,2026-09-23,2027-09-23,,,2026-09-22T01:04:06,2026-09-22T01:04:08,False,1,0,False,False,1456641,,,,,22001.117303/202631,07954480000179-2-034772/2026,Secretaria do Planejamento e Gestão do Ceará,07954480000179,ESTADO DO CEARA,N,E,2,Compras,1,Contrato (termo inicial),Ceará,CE,Caucaia,228692,ESCOLA INDÍGENA ANAMA TAPEBA,2303709
07954480000179-1-021175/2026,,,2026,34773,2026-09-22T01:04:10,PJ,56025426000154,YVER MANUTENCOES E EMPREENDIMENTOS LTDA,,,,GENEROS DE ALIMENTAÇÃO IORGUTE - EEMTI FRANCISCO MIZAEL CAVALCANTE - TAUA - CREDE 15 -,4680.5,4680.5,4680.5,0.0,2026-09-09,2026-09-23,2027-09-23,,,2026-09-22T01:04:09,2026-09-22T01:04:10,False,1,0,False,False,1456683,,,,,22001.136597/202608,07954480000179-2-034773/2026,Secretaria do Planejamento e Gestão do Ceará,07954480000179,ESTADO DO CEARA,N,E,2,Compras,1,Contrato (termo inicial),Ceará,CE,Tauá,229235,EEMTI FRANCISCO MIZAEL CAVALCANTE,2313302
07954480000179-1-011432/2025,07954480000179-1-011432/2025-000001,,2026,34774,2026-09-22T01:04:12,PJ,19022695000130,WILLIANNA PAIVA MARQUES - EPP,,,,"Ata de Registro de Preço nº 2025/07525, Pregão 0631/2025 referente ao material CONJUNTO DE ELETRODOS PARA MONITORIZAÇÃO INTRA OPERATÓRIO DO NERVO RECORRENTE E VAGO, com a empresa WILLIANNA PAIVA MARQUES ¿ EPP, inscrita no CNPJ nº 19.022695.000-30, representada pela Sra. Willianna Paiva Marques, RG 96002284507, CPF 878.641.933-15 terá sua vigência até o dia 17/12/2026.",41621.62,3468.4683,41621.62,0.0,2026-09-16,2026-09-23,2027-09-23,,,2026-09-22T01:04:11,2026-09-22T01:04:12,False,12,0,False,False,1457781,,,,,24001.059621/202603,07954480000179-2-034774/2026,Secretaria do Planejamento e Gestão do Ceará,07954480000179,ESTADO DO CEARA,N,E,2,Compras,1,Contrato (termo inicial),Ceará,CE,Fortaleza,241311,HOSPITAL INFANTIL DR. ALBERT SABIN,2304400
07954480000179-1-022603/2026,,,2026,34775,2026-09-22T01:04:32,PJ,32762666000173,32.762.666 MARIA THAYNARA ALVES RODRIGUES,,,,AQUISIÇÃO - SERVIÇOS DE TERCEIROS - FESTIVIDADES E HOMENAGENS - COORDENADORIA REGIONAL DE DESENVOLVIMENTO DA EDUCAÇÃO (CREDE 8 - BATURITÉ),8438.0,8438.0,8438.0,0.0,2026-09-10,2026-09-23,2027-09-23,,,2026-09-22T01:04:30,2026-09-22T01:04:32,False,1,0,False,False,1456717,,,,,22001.143172/202647,07954480000179-2-034775/2026,Secretaria do Planejamento e Gestão do Ceará,07954480000179,ESTADO DO CEARA,N,E,8,Serviços,1,Contrato (termo inicial),Ceará,CE,Baturité,227008,COORDENADORIA REGIONAL DE DESENVOLVIMENTO DA EDUCACAO - CREDE 08 - BATURITE,2302107
07954480000179-1-014427/2026,,,2026,34776,2026-09-22T01:04:36,PJ,47802683000164,CVC REFRIGERACAO E CLIMATIZACAO LTDA,,,,"AQUISIÇÃO DE SERVIÇOS DE TERCEIROS - PESSOA JURÍDICA (MANUTENÇÃO E CONSERVAÇÃO DE MAQUINAS E EQUIPAMENTOS), EM FAVOR DA EEMTI TOMAZ POMPEU DE SOUSA BRASIL - ACARAU - CREDE 3 -",15184.0,15184.0,15184.0,0.0,2026-09-11,2026-09-11,2027-09-10,,,2026-09-22T01:04:33,2026-09-22T01:04:36,False,1,0,False,False,1456622,,,,,22001.086933/202656,07954480000179-2-034776/2026,Secretaria do Planejamento e Gestão do Ceará,07954480000179,ESTADO DO CEARA,N,E,8,Serviços,1,Contrato (termo inicial),Ceará,CE,Acaraú,228275,EEM TOMAZ POMPEU DE SOUSA BRASIL,2300200
07954480000179-1-024535/2024,07954480000179-1-024535/2024-000001,,2026,34777,2026-09-22T01:04:38,PJ,04292445000143,CR OXIGÊNIO GASES E EQUIPAMENTOS LTDA,,,,"Trata-se de solicitação para formalizar contrato de saldo da ARP nº 2026/10705 para a aquisição de gases medicinais com equipamento em comodato (cilindro e compressor) pelo período de 1 (um) ano, contado a partir da data da sua publicação no DOE do Estado com a empresa CR OXIGÊNIO GASES E EQUIPAMENTOS LTDA, inscrita no CNPJ: 04.292.445/0002-24, Nº do Pregão Eletrônico: 20250131, tendo como GESTOR(A) DO CONTRATO: Fernanda Vasconcelos Sousa Lima e FISCAL DO CONTRATO: Marlene Chagas Pascoal.

COM O VALOR TOTAL: R$ 34.720,00 (trinta e quatro mil, setecentos e vinte reais).

COM AS SEGUINTES DOTAÇÕES ORÇAMENTÁRIAS:

24200364.10.302.171.20572.03.33903000.2.600.9200000.1.3.01 - 461379 e
24200364.10.302.171.20572.03.33903000.1.600.9200000.1.3.01 - 25687;",34720.0,34720.0,34720.0,0.0,2026-09-11,2026-09-23,2027-09-23,,,2026-09-22T01:04:38,2026-09-22T01:04:38,False,1,0,False,False,1456663,,,,,24001.071701/202629,07954480000179-2-034777/2026,Secretaria do Planejamento e Gestão do Ceará,07954480000179,ESTADO DO CEARA,N,E,2,Compras,1,Contrato (termo inicial),Ceará,CE,Fortaleza,241521,INSTITUTO DE PREVENCAO DO CANCER,2304400
07954480000179-1-021997/2026,,,2026,34778,2026-09-22T01:04:43,PJ,31080614000154,H2A COMERCIO E SERVICOS LTDA,,,,REFERENTE À COTAÇÃO ELETRÔNICA 30/2026 PARA AQUISIÇÃO DE SERVIÇOS GRÁFICOS EM FAVOR DA UNIDADE ESCOLAR - EEFM CONSTÂNÇA TÁVORA -  (SEFOR 2),1988.0,1988.0,1988.0,0.0,2026-09-15,2026-09-23,2027-09-23,,,2026-09-22T01:04:39,2026-09-22T01:04:43,False,1,0,False,False,1457106,,,,,22001.134821/202619,07954480000179-2-034778/2026,Secretaria do Planejamento e Gestão do Ceará,07954480000179,ESTADO DO CEARA,N,E,8,Serviços,1,Contrato (termo inicial),Ceará,CE,Fortaleza,228081,EEFM CONSTÂNCIA TÁVORA,2304400
07954480000179-1-025332/2025,,,2026,34779,2026-09-22T01:04:44,PJ,01193818000130,EQUIPOS MEDICOS COMERCIO E REPRESENTACAO LTDA,,,,"PREGÃO ELETRÔNICO PARA  AQUISIÇÃO DE MATERIAL MÉDICO  HOSPITALAR ¿INSTRUMENTAL OFTÁLMICO ¿ AFASTADOR - DESCOLADOR - PINÇA - PONTA DE ASPIRAÇÃO - TESOURA - CUBA - MARTELO - ESPÁTULA - ELETRODO AGULHA ¿ POR UM PRAZO DE 12 (DOZE) MESES, PARA ATENDER ÀS NECESSIDADES DO HOSPITAL GERAL DE FORTALEZA (HGF), VINCULADO À SECRETARIA DA SAÚDE DO ESTADO DO CEARÁ (SESA)",2547.38,212.2816,2547.38,0.0,2026-09-08,2026-09-23,2027-09-23,,,2026-09-22T01:04:44,2026-09-22T01:04:44,False,12,0,False,False,1457338,,,,,24001.043790/202371,07954480000179-2-034779/2026,Secretaria do Planejamento e Gestão do Ceará,07954480000179,ESTADO DO CEARA,N,E,2,Compras,1,Contrato (termo inicial),Ceará,CE,Fortaleza,241281,HOSPITAL GERAL DE FORTALEZA,2304400
07954480000179-1-021399/2026,,,2026,34780,2026-09-22T01:05:12,PJ,07640625000167,ZR CONSTRUÇÃO LTDA - ME,,,,COTAÇÃO ELETRÔNICA PARA AQUISIÇÃO DE SERVIÇO DE MANUTENÇÃO DE IMÓVEIS EM FAVOR DA EEMTI NOSSA SENHORA DA ASSUNÇÃO. ITAPIPOCA - CREDE 2,8100.0,8100.0,8100.0,0.0,2026-09-09,2026-09-23,2027-09-23,,,2026-09-22T01:05:10,2026-09-22T01:05:12,False,1,0,False,False,1456624,,,,,22001.134729/202659,07954480000179-2-034780/2026,Secretaria do Planejamento e Gestão do Ceará,07954480000179,ESTADO DO CEARA,N,E,8,Serviços,1,Contrato (termo inicial),Ceará,CE,Itapipoca,228242,EEM NOSSA SENHORA DA ASSUNÇÃO,2306405
07954480000179-1-026144/2025,,,2026,34781,2026-09-22T01:05:14,PJ,52117134000190,FELIPE MEDEIROS DA SILVA,,,,Aquisição de Equipamento - Aquisição de Switch 24 Portas,34640.31,34640.31,34640.31,0.0,2026-09-01,2026-09-01,2027-09-01,,,2026-09-22T01:05:14,2026-09-22T01:05:14,False,1,0,False,False,1457798,,,,,10011.006282/202621,07954480000179-2-034781/2026,Secretaria do Planejamento e Gestão do Ceará,07954480000179,ESTADO DO CEARA,N,E,2,Compras,1,Contrato (termo inicial),Ceará,CE,Fortaleza,100614,FSPDS - PERICIA FORENSE,2304400
07954480000179-1-011121/2026,,,2026,34782,2026-09-22T01:05:54,PJ,35411699000167,CONSTRUTORA AC LTDA,,,,SERVIÇO DE MANUTENÇÃO DE CAIXA D'ÁGUA E CISTERNA NA EEEP ADRIANO NOBRE - CREDE 2,54846.06,54846.06,54846.06,0.0,2026-08-07,2026-09-23,2027-09-23,,,2026-09-22T01:05:52,2026-09-22T01:05:54,False,1,0,False,False,1451228,,,,,22001.068327/202659,07954480000179-2-034782/2026,Secretaria do Planejamento e Gestão do Ceará,07954480000179,ESTADO DO CEARA,N,E,7,Obras,1,Contrato (termo inicial),Ceará,CE,Fortaleza,228236,EEEP ADRIANO NOBRE,2304400
07954480000179-1-022991/2026,,,2026,34783,2026-09-22T01:05:57,PJ,44663450000130,IDEAL SERVICO E COMERCIO LTDA,,,,"Serviços Gráficos - confecção de outdoor, entre outros. EEMTI PROFESSORA MARIETA SANTOS - BELA CRUZ - CREDE 3",1160.0,1160.0,1160.0,0.0,2026-09-11,2026-09-11,2027-03-09,,,2026-09-22T01:05:55,2026-09-22T01:05:57,False,1,0,False,False,1457102,,,,,22001.143591/202689,07954480000179-2-034783/2026,Secretaria do Planejamento e Gestão do Ceará,07954480000179,ESTADO DO CEARA,N,E,8,Serviços,1,Contrato (termo inicial),Ceará,CE,Bela Cruz,228272,EEFM PROFESSORA MARIETA SANTOS,2302305
07954480000179-1-003363/2023,07954480000179-1-003363/2023-000001,,2026,34784,2026-09-22T01:06:03,PJ,10922543000110,KG CONSTRUÇÕES LTDA - EPP,,,,"O objeto do presente instrumento referente ao contrato 689/2026 é a prestação dos serviços comuns de Engenharia para
Manutenção Preventiva e Corretiva das instalações Físicas Prediais e Equipamentos
Públicos, na EEMTI JOÃO PAULO II, com fornecimento de mão de obra, materiais e peças de
reposição, por percentual de desconto sobre as tabelas de serviços da SEINFRA 28 e 28.1 para
atender as necessidades dos Órgãos e entidades da Administração Pública Estadual do Ceará
localizadas na Zona Oeste (item 02) da Região Metropolitana de Fortaleza nos municípios e bairros listados no Anexo 1, nas condições estabelecidas neste contrato e no Termo de Referência
do edital e na proposta do CONTRATADO.",504175.41,504175.41,504175.41,0.0,2026-09-14,2026-09-23,2027-09-23,,,2026-09-22T01:06:03,2026-09-22T01:06:03,False,1,0,False,False,1457359,,,,,22001.142066/202646,07954480000179-2-034784/2026,Secretaria do Planejamento e Gestão do Ceará,07954480000179,ESTADO DO CEARA,N,E,8,Serviços,1,Contrato (termo inicial),Ceará,CE,Fortaleza,220001,SECRETARIA DA EDUCACAO,2304400
07954480000179-1-014956/2026,,,2026,34785,2026-09-22T01:06:08,PJ,41015088000100,BRUNO ALBERTO DE SOUSA MONSORES LTDA,,,,SERVIÇOS DE TERCEIROS - MANUTENÇÃO E CONSERVAÇÃO DE MÁQUINAS E EQUIPAMENTO - EEMTI GOVERNADOR VIRGÍLIO TÁVORA -  (SEFOR 2),6727.5,6727.5,6727.5,0.0,2026-09-14,2026-09-23,2027-09-23,,,2026-09-22T01:06:04,2026-09-22T01:06:08,False,1,0,False,False,1456982,,,,,22001.078775/202661,07954480000179-2-034785/2026,Secretaria do Planejamento e Gestão do Ceará,07954480000179,ESTADO DO CEARA,N,E,8,Serviços,1,Contrato (termo inicial),Ceará,CE,Fortaleza,228084,EEFM GOVERNADOR VIRGÍLIO TÁVORA,2304400
07954480000179-1-018047/2026,,,2026,34786,2026-09-22T01:06:11,PJ,32735400000131,EVANDRO SOUZA MENDES 02479856356,,,,"DISPENSA DE LICITAÇÃO PARA AQUISIÇÃO DE MATERIAL DE COPA E COZINHA (MAMADEIRA TIPO CHUQUINHA, CAPACIDADE DE 50 ML, EM POLIPROPILENO TRANSPARENTE), PELO PERÍODO DE 12 (DOZE) MESES, PARA SUPRIR AS NECESSIDADES OPERACIONAIS DO HOSPITAL GERAL DE FORTALEZA - HGF, UNIDADE VINCULADA À SECRETARIA DA SAÚDE DO ESTADO DO CEARÁ (SESA).",18912.0,1576.0,18912.0,0.0,2026-09-16,2026-09-23,2027-09-23,,,2026-09-22T01:06:09,2026-09-22T01:06:11,False,12,0,False,False,1457809,,,,,24001.032604/202611,07954480000179-2-034786/2026,Secretaria do Planejamento e Gestão do Ceará,07954480000179,ESTADO DO CEARA,N,E,2,Compras,1,Contrato (termo inicial),Ceará,CE,Fortaleza,241281,HOSPITAL GERAL DE FORTALEZA,2304400
07954480000179-1-015035/2026,,,2026,34787,2026-09-22T01:06:31,PJ,28419096000146,FRANCISCO SOARES LIMA 37998331372,,,,SERVIÇOS DE TERCEIROS - LIMPEZA E CONSERVAÇÃO - EEEP JOAQUIM MOREIRA DE SOUSA - SEFOR 3,597.0,597.0,597.0,0.0,2026-09-15,2026-09-23,2027-09-23,,,2026-09-22T01:06:27,2026-09-22T01:06:31,False,1,0,False,False,1457124,,,,,22001.078340/202616,07954480000179-2-034787/2026,Secretaria do Planejamento e Gestão do Ceará,07954480000179,ESTADO DO CEARA,N,E,8,Serviços,1,Contrato (termo inicial),Ceará,CE,Fortaleza,228125,EEEP JOAQUIM MOREIRA DE SOUSA,2304400
07954480000179-1-021982/2026,,,2026,34788,2026-09-22T01:06:35,PJ,65602602000164,AVJ SERVICOS E BUFFET LTDA,,,,FESTIVIDADES (EEMTI SITIO SAO JOSE) - EEEP PROFESSORA FERNANDA MARIA GOMES DE AMORIM -  (SEFOR 2),1680.0,1680.0,1680.0,0.0,2026-09-14,2026-09-23,2027-09-23,,,2026-09-22T01:06:32,2026-09-22T01:06:35,False,1,0,False,False,1456979,,,,,22001.139223/202636,07954480000179-2-034788/2026,Secretaria do Planejamento e Gestão do Ceará,07954480000179,ESTADO DO CEARA,N,E,8,Serviços,1,Contrato (termo inicial),Ceará,CE,Fortaleza,229320,EEMTI PROFESSORA FERNANDA MARIA GOMES DE AMORIM,2304400
07954480000179-1-021935/2026,,,2026,34789,2026-09-22T01:06:39,PJ,72074180000167,FRANCISCA SOUSA NETA - ME,,,,"O objeto do presente instrumento é a aquisição de Suprimento para impressão e Material gráfico, nas
condições estabelecidas neste contrato e no Termo de Referência do edital e na proposta do
CONTRATADO. EMPRESA FRANCISCA SOUSA
NETA - ME.",36900.0,36900.0,36900.0,0.0,2026-09-16,2026-09-23,2027-09-23,,,2026-09-22T01:06:36,2026-09-22T01:06:39,False,1,0,False,False,1456986,,,,,22001.119922/202660,07954480000179-2-034789/2026,Secretaria do Planejamento e Gestão do Ceará,07954480000179,ESTADO DO CEARA,N,E,2,Compras,1,Contrato (termo inicial),Ceará,CE,Fortaleza,220001,SECRETARIA DA EDUCACAO,2304400
07954480000179-1-021017/2026,,,2026,34790,2026-09-22T01:06:42,PJ,41322314000198,F & L COMERCIO & SERVICOS LTDA,,,,COTAÇÃO ELETRÔNICA 13/2026 - ALIMENTAÇÃO - EEM JOSEFA BRAGA BARROSO - MIRAIMA - CREDE 2 -,11411.4,11411.4,11411.4,0.0,2026-09-08,2026-09-23,2027-09-23,,,2026-09-22T01:06:40,2026-09-22T01:06:42,False,1,0,False,False,1456968,,,,,22001.123951/202626,07954480000179-2-034790/2026,Secretaria do Planejamento e Gestão do Ceará,07954480000179,ESTADO DO CEARA,N,E,2,Compras,1,Contrato (termo inicial),Ceará,CE,Miraíma,228243,EEFM JOSEFA BRAGA BARROSO,2308377
07954480000179-1-018826/2026,,,2026,34791,2026-09-22T01:06:57,PJ,01090080000186,SISAR DE SOBRAL,,,,"Serviços de fornecimento de água tratada e eventual coleta de
esgoto -  SISAR Sobral, destinados ao atendimento das necessidades operacionais do Posto do
Batalhão de Polícia Rodoviária Estadual ¿ BPRE, localizado na CE 321, KM 13.",3600.0,300.0,3600.0,0.0,2026-08-28,2026-08-28,2027-08-28,,,2026-09-22T01:06:56,2026-09-22T01:06:57,False,12,0,False,False,1454306,,,,,08012.833655/202687,07954480000179-2-034791/2026,Secretaria do Planejamento e Gestão do Ceará,07954480000179,ESTADO DO CEARA,N,E,8,Serviços,1,Contrato (termo inicial),Ceará,CE,Fortaleza,080301,DEPARTAMENTO ESTADUAL DE TRANSITO,2304400
07954480000179-1-002824/2025,,,2026,34792,2026-09-22T01:07:00,PJ,19201732000178,D & G COMERCIO E SERVICOS LTDA ,,,,"O objeto do presente instrumento é a prestação dos serviços de alimentação para o
fornecimento de refeições destinadas aos alunos das Escolas Estaduais de Ensino Médio em
Tempo Integral e das Escolas Estaduais de Educação Profissional de abrangência das
Coordenadorias Regionais de Desenvolvimento da Educação ¿ CREDEs 14, 15, 16 e 17, e alunos
que estejam em intercâmbio nas ações pedagógicas, GRUPO 14 ¿ EEMTI MARIA DAS DORES
CIDRÃO ALEXANDRINO ¿ TAUÁ, nas condições estabelecidas neste contrato e no Termo de
Referência do edital e na proposta do CONTRATADO. EMPRESA D & G COMERCIO E SERVIÇOS LTDA.",982154.4,982154.4,982154.4,0.0,2026-07-29,2026-07-29,2027-07-29,,,2026-09-22T01:07:00,2026-09-22T01:07:00,False,1,0,False,False,1453192,,,,,22001.095385/202655,07954480000179-2-034792/2026,Secretaria do Planejamento e Gestão do Ceará,07954480000179,ESTADO DO CEARA,N,E,8,Serviços,1,Contrato (termo inicial),Ceará,CE,Fortaleza,220001,SECRETARIA DA EDUCACAO,2304400
07954480000179-1-022732/2026,,,2026,34793,2026-09-22T01:07:03,PJ,51158968000181,"CAPISTRANO DEDETIZADORA, COMERCIO E SERVICOS LTDA",,,,Limpeza e Conservação (2) - EEMTI WALDEMAR FALCÃO -  (SEFOR 1),2600.0,2600.0,2600.0,0.0,2026-09-09,2026-09-23,2027-05-21,,,2026-09-22T01:07:02,2026-09-22T01:07:03,False,1,0,False,False,1456636,,,,,22001.143299/202666,07954480000179-2-034793/2026,Secretaria do Planejamento e Gestão do Ceará,07954480000179,ESTADO DO CEARA,N,E,8,Serviços,1,Contrato (termo inicial),Ceará,CE,Fortaleza,228024,EEFM WALDEMAR FALCÃO,2304400
07954480000179-1-025520/2025,,,2026,34794,2026-09-22T01:07:04,PJ,40550407000107,GE ENGENHARIA LTDA,,,,"PREGÃO ELETRÔNICO PARA CONTRATAÇÃO DE EMPRESA ESPECIALIZADA EM PRESTAÇÃO DE SERVIÇOS DE MANUTENÇÃO PREVENTIVA, CORRETIVA E OPERACIONAL COM 02 (DOIS) OPERADORES 24 (VINTE E QUATRO)HORAS, DOS 06 (SEIS) GRUPOS GERADORES COM MOTORES CUMINS E SUBESTAÇÃO ABRIGADA, INCLUINDO PEÇAS DE REPOSIÇÃO ORIGINAIS OU COMPATÍVEIS, QUANDO NECESSÁRIO, EXCETO: REBOBINAGEM DOS TRANSFORMADORES, REBOBINAMENTO DOS GERADORES E ÓLEO DIESEL, COM PRAZO DE 12 (DOZE) MESES, INSTALADOS NO HOSPITAL GERAL DE FORTALEZA/HGF/SESA",432000.0,36000.0,432000.0,0.0,2026-09-11,2026-09-23,2027-09-23,,,2026-09-22T01:07:04,2026-09-22T01:07:04,False,12,0,False,False,1457541,,,,,24001.013294/202554,07954480000179-2-034794/2026,Secretaria do Planejamento e Gestão do Ceará,07954480000179,ESTADO DO CEARA,N,E,8,Serviços,1,Contrato (termo inicial),Ceará,CE,Fortaleza,241281,HOSPITAL GERAL DE FORTALEZA,2304400
07954480000179-1-019543/2026,,,2026,34795,2026-09-22T01:07:07,PJ,09511423000140,AGF MEDICAL LTDA,,,,"DISPENSA DE LICITAÇÃO PARA AQUISIÇÃO DE MATERIAL MÉDICO HOSPITALAR (CIRURGIA DE ORTOPEDIA) COM UTILIZAÇÃO  DE CUNHA ACETABULAR, PELO PERÍODO DE 12 (DOZE) MESES, PARA ATENDER ÀS NECESSIDADES DO HOSPITAL GERAL DE FORTALEZA (HGF), VINCULADO À SECRETARIA DA SAÚDE DO ESTADO DO CEARÁ (SESA).",3220586.4,268382.2,3220586.4,0.0,2026-09-15,2026-09-15,2027-09-15,,,2026-09-22T01:07:06,2026-09-22T01:07:07,False,12,0,False,False,1457796,,,,,24001.026012/202660,07954480000179-2-034795/2026,Secretaria do Planejamento e Gestão do Ceará,07954480000179,ESTADO DO CEARA,N,E,2,Compras,1,Contrato (termo inicial),Ceará,CE,Fortaleza,241281,HOSPITAL GERAL DE FORTALEZA,2304400
07954480000179-1-025516/2025,07954480000179-1-025516/2025-000001,,2026,34796,2026-09-22T01:07:12,PJ,29725927000170,BMP DE SOUSA COMERCIAL LTDA ,,,,GÊNEROS DE ALIMENTAÇÃO - EEMTI JOÃO NOGUEIRA JUCÁ -  (SEFOR 2),14307.16,14307.16,14307.16,0.0,2026-09-14,2026-09-23,2027-09-23,,,2026-09-22T01:07:11,2026-09-22T01:07:12,False,1,0,False,False,1457761,,,,,22001.146451/202662,07954480000179-2-034796/2026,Secretaria do Planejamento e Gestão do Ceará,07954480000179,ESTADO DO CEARA,N,E,2,Compras,1,Contrato (termo inicial),Ceará,CE,Fortaleza,228089,EEFM JOÃO NOGUEIRA JUCÁ,2304400
07954480000179-1-016176/2025,,,2026,34797,2026-09-22T01:07:44,PJ,27234752000173,CC CONSTRUCOES E SERVICOS LTDA,,,,REFORMA DA COBERTA DO PAVIMENTO INFERIOR - EEMTI PRESIDENTE HUMBERTO DE ALENCAR CASTELO BRANCO - SEFOR 3,88500.0,88500.0,88500.0,0.0,2026-08-11,2026-08-11,2027-08-10,,,2026-09-22T01:07:43,2026-09-22T01:07:44,False,1,0,False,False,1451352,,,,,22001.098577/202532,07954480000179-2-034797/2026,Secretaria do Planejamento e Gestão do Ceará,07954480000179,ESTADO DO CEARA,N,E,7,Obras,1,Contrato (termo inicial),Ceará,CE,Fortaleza,228119,COLÉGIO ESTADUAL PRESIDENTE HUMBERTO DE ALENCAR CASTELO BRANCO,2304400
07954480000179-1-025516/2025,07954480000179-1-025516/2025-000001,,2026,34798,2026-09-22T01:08:19,PJ,29725927000170,BMP DE SOUSA COMERCIAL LTDA ,,,,GÊNEROS ALIMENTÍCIOS - EEMTI JOÃO NOGUEIRA JUCÁ -  (SEFOR 2),34603.75,34603.75,34603.75,0.0,2026-09-15,2026-09-23,2027-09-23,,,2026-09-22T01:08:18,2026-09-22T01:08:19,False,1,0,False,False,1455944,,,,,22001.142391/202617,07954480000179-2-034798/2026,Secretaria do Planejamento e Gestão do Ceará,07954480000179,ESTADO DO CEARA,N,E,2,Compras,1,Contrato (termo inicial),Ceará,CE,Fortaleza,228089,EEFM JOÃO NOGUEIRA JUCÁ,2304400
07954480000179-1-020897/2026,,,2026,34799,2026-09-22T01:08:21,PJ,51116437000126,VENDAS FORTE BRASIL COMERCIO LTDA,,,,"Contratação, por meio da modalidade de Cotação Eletrônica, de empresa especializada na reforma de 49 (quarenta e nove) espadins constantes do acervo do Corpo de Bombeiros Militar do Ceará (CBMCE).",62913.55,62913.55,62913.55,0.0,2026-09-11,2026-09-17,2027-09-17,,,2026-09-22T01:08:20,2026-09-22T01:08:21,False,1,0,False,False,1456393,,,,,10021.007005/202616,07954480000179-2-034799/2026,Secretaria do Planejamento e Gestão do Ceará,07954480000179,ESTADO DO CEARA,N,E,8,Serviços,1,Contrato (termo inicial),Ceará,CE,Fortaleza,101041,CORPO DE BOMBEIROS MILITAR DO ESTADO DO CEARA,2304400
07954480000179-1-022869/2026,,,2026,34800,2026-09-22T01:08:25,PJ,59308009000107,ACM COMERCIAL E SERVICOS LTDA,,,,0032/2026 - AQUISIÇÃO DE GENEROS DE ALIMENTAÇÃO EM FAVOR DA EEEP FRANCISCO PAIVA TAVARES - CARIDADE - CREDE 7 -,5000.0,5000.0,5000.0,0.0,2026-09-14,2026-09-23,2027-09-23,,,2026-09-22T01:08:23,2026-09-22T01:08:25,False,1,0,False,False,1457103,,,,,22001.146937/202609,07954480000179-2-034800/2026,Secretaria do Planejamento e Gestão do Ceará,07954480000179,ESTADO DO CEARA,N,E,2,Compras,1,Contrato (termo inicial),Ceará,CE,Caridade,228765,EEEP FRANCISCO PAIVA TAVARES,2303006
07954480000179-1-026363/2025,07954480000179-1-026363/2025-000001,,2026,34801,2026-09-22T01:08:28,PJ,09170363000140,COOPERATIVA DE TRABALHO MULTIPROFISSIONAL DE SAUDE DO ESTADO DO CEARA,,,,"Contratualização da ATA de registro de preço n° 2026/25807, oriundo do pregão nº 1428/2025, cujo objeto é o  Serviços Auxiliar de Saúde Bucal - Horas - Semana Diurno. Para atender as necessidades da Saúde Prisional da Superintendência da Região de Fortaleza - SRFOR/SESA para o período de 12 meses.",51264.0,4272.0,51264.0,0.0,2026-09-14,2026-09-14,2027-09-14,,,2026-09-22T01:08:28,2026-09-22T01:08:28,False,12,0,False,False,1457877,,,,,24001.067954/202606,07954480000179-2-034801/2026,Secretaria do Planejamento e Gestão do Ceará,07954480000179,ESTADO DO CEARA,N,E,10,Serviços de Saúde,1,Contrato (termo inicial),Ceará,CE,Fortaleza,980009,Saúde Prisional - Superintendência da Região de Fortaleza,2304400
07954480000179-1-011170/2025,07954480000179-1-011170/2025-000001,,2026,34802,2026-09-22T01:08:40,PJ,43022229000130,COMERCIAL LIMA DE EQUIPAMENTOS SUPRIMENTOS E SERVISSE LTDA,,,,Aquisição de 51 (cinquenta e um) centrais de ar condicionado através da Ata de Registro de Preços Nº 2025/02803 oriunda do Pregão Eletrônico 20250014 - SEPLAG/CE onde o DETRAN é órgão participante.,693600.0,231200.0,693600.0,0.0,2026-08-20,2026-08-20,2027-08-20,,,2026-09-22T01:08:39,2026-09-22T01:08:40,False,3,0,False,False,1452759,,,,,08012.862689/202689,07954480000179-2-034802/2026,Secretaria do Planejamento e Gestão do Ceará,07954480000179,ESTADO DO CEARA,N,E,2,Compras,1,Contrato (termo inicial),Ceará,CE,Fortaleza,080301,DEPARTAMENTO ESTADUAL DE TRANSITO,2304400
07954480000179-1-015048/2026,,,2026,34803,2026-09-22T01:08:43,PJ,41322314000198,F & L COMERCIO & SERVICOS LTDA,,,,Cotação Eletrônica 09/2026 -Aquisição de Material de Consumo - Gêneros de Alimentação em favor da EEMTI São Sebastião. APUIARES - CREDE 2 -,8983.5,8983.5,8983.5,0.0,2026-09-08,2026-09-08,2027-09-07,,,2026-09-22T01:08:42,2026-09-22T01:08:43,False,1,0,False,False,1456729,,,,,22001.103323/202624,07954480000179-2-034803/2026,Secretaria do Planejamento e Gestão do Ceará,07954480000179,ESTADO DO CEARA,N,E,2,Compras,1,Contrato (termo inicial),Ceará,CE,Apuiarés,228258,EEM SÃO SEBASTIÃO,2300903
07954480000179-1-022340/2026,,,2026,34804,2026-09-22T01:08:47,PJ,36244654000108,C M COMERCIAL E SERVICOS LTDA,,,,Aquisição de Gêneros de Alimentação - PROFESSORA RAQUEL CASTRO E SILVA DE MIRANDA - CEJA - CAUCAIA - CREDE 1 -,2930.0,2930.0,2930.0,0.0,2026-09-10,2026-09-23,2027-09-23,,,2026-09-22T01:08:44,2026-09-22T01:08:47,False,1,0,False,False,1456628,,,,,22001.141631/202658,07954480000179-2-034804/2026,Secretaria do Planejamento e Gestão do Ceará,07954480000179,ESTADO DO CEARA,N,E,2,Compras,1,Contrato (termo inicial),Ceará,CE,Caucaia,228786,CEJA DE CAUCAIA CENTRO DE OPORT E APREND P JOV E ADULT,2303709
07954480000179-1-022328/2026,,,2026,34805,2026-09-22T01:08:50,PJ,14992239000108,JEFFERSON DELLANO RABELO PAIVA 95998357353,,,,Serviços Gráficos - EEFM MÁRIO HUGO CIDRACK DO VALE -  (SEFOR 1),3330.0,3330.0,3330.0,0.0,2026-09-11,2026-09-23,2027-03-22,,,2026-09-22T01:08:49,2026-09-22T01:08:50,False,1,0,False,False,1456631,,,,,22001.110400/202601,07954480000179-2-034805/2026,Secretaria do Planejamento e Gestão do Ceará,07954480000179,ESTADO DO CEARA,N,E,8,Serviços,1,Contrato (termo inicial),Ceará,CE,Fortaleza,228048,EEFM MÁRIO HUGO CIDRACK DO VALE,2304400
07954480000179-1-021914/2026,,,2026,34806,2026-09-22T01:08:53,PJ,61910484000109,61.910.484 JOAO PAULO DE PAULA NASCIMENTO,,,,AQUISIÇÃO DE MATERIAL DE CONSUMO/ MATERIAL DE PROCESSAMENTO DE DADOS- EEMTI ANTÔNIO VIDAL MALVEIRA- TABULEIRO DO NORTE - CREDE 10,197.98,197.98,197.98,0.0,2026-09-10,2026-09-10,2027-07-06,,,2026-09-22T01:08:51,2026-09-22T01:08:53,False,1,0,False,False,1456633,,,,,22001.139424/202633,07954480000179-2-034806/2026,Secretaria do Planejamento e Gestão do Ceará,07954480000179,ESTADO DO CEARA,N,E,2,Compras,1,Contrato (termo inicial),Ceará,CE,Tabuleiro do Norte,228447,EEFM ANTÔNIO VIDAL MALVEIRA,2313104
07954480000179-1-022227/2026,,,2026,34807,2026-09-22T01:08:55,PJ,53029926000176,CSV COMERCIO E SERVICOS LTDA,,,,"Serviços de Abastecimento de Água, Caminhão Pipa, Pessoa Jurídica. EEEP PRESIDENTE MÉDICI - CAMPOS SALES - CREDE 18",1455.0,1455.0,1455.0,0.0,2026-09-09,2026-09-23,2027-09-23,,,2026-09-22T01:08:53,2026-09-22T01:08:55,False,1,0,False,False,1457004,,,,,22001.141040/202681,07954480000179-2-034807/2026,Secretaria do Planejamento e Gestão do Ceará,07954480000179,ESTADO DO CEARA,N,E,8,Serviços,1,Contrato (termo inicial),Ceará,CE,Campos Sales,228589,EEEP PRESIDENTE MÉDICI,2302701
07954480000179-1-018063/2026,,,2026,34808,2026-09-22T01:09:33,PJ,49388350000166,PR CONSTRUCOES LTDA,,,,"REFORMA ELÉTRICA PARA INSTALAÇÃO DOS PONTOS ELÉTRICO EXCLUSIVOS, ILUMINAÇÃO EXTERNA E QUADRA DA EEMTI JOÃO DE ARAÚJO CARNEIRO - CREDE 12",29999.9,29999.9,29999.9,0.0,2026-08-07,2026-08-07,2027-08-06,,,2026-09-22T01:09:31,2026-09-22T01:09:33,False,1,0,False,False,1451227,,,,,22001.104412/202698,07954480000179-2-034808/2026,Secretaria do Planejamento e Gestão do Ceará,07954480000179,ESTADO DO CEARA,N,E,7,Obras,1,Contrato (termo inicial),Ceará,CE,Quixeramobim,228800,ESCOLA DE ENSINO MEDIO JOAO DE ARAUJO CARNEIRO,2311405
07954480000179-1-020936/2026,,,2026,34809,2026-09-22T01:09:46,PJ,11224603000193,MV COMERCIO VAREJISTA DE GLP LTDA,,,,GÁS ENGARRAFADO - EEEP MICHELSON NOBRE DA SILVA -  (SEFOR 3),5920.0,5920.0,5920.0,0.0,2026-09-15,2026-09-23,2027-09-23,,,2026-09-22T01:09:43,2026-09-22T01:09:46,False,1,0,False,False,1457114,,,,,22001.135710/202620,07954480000179-2-034809/2026,Secretaria do Planejamento e Gestão do Ceará,07954480000179,ESTADO DO CEARA,N,E,2,Compras,1,Contrato (termo inicial),Ceará,CE,Fortaleza,228160,EEFM MICHELSON NOBRE DA SILVA,2304400
07954480000179-1-015577/2026,,,2026,34810,2026-09-22T01:10:02,PJ,61516873000146,GMED EMPREENDIMENTOS & SAUDE LTDA,,,,"Aquisição de dispositivos de identificação para animais apreendidos, tais como brincos numerados, chips ou outro meio tecnicamente mais adequado.",64150.0,5345.8333,64150.0,0.0,2026-08-12,2026-08-12,2027-08-12,,,2026-09-22T01:10:00,2026-09-22T01:10:02,False,12,0,False,False,1451046,,,,,08012.111611/202601,07954480000179-2-034810/2026,Secretaria do Planejamento e Gestão do Ceará,07954480000179,ESTADO DO CEARA,N,E,8,Serviços,1,Contrato (termo inicial),Ceará,CE,Fortaleza,080301,DEPARTAMENTO ESTADUAL DE TRANSITO,2304400
07954480000179-1-020877/2026,,,2026,34811,2026-09-22T01:10:05,PJ,38404532000167,RODRIGO LUIS LOPES REIS,,,,Aquisição de Material de Consumo ¿ Gêneros de Alimentação para atender ao PNAE-Programa Nacional de Alimentação Escolar na EEMTI Barão de Aracati. ARACATI - CREDE 10 -,14872.29,14872.29,14872.29,0.0,2026-09-08,2026-09-08,2027-09-02,,,2026-09-22T01:10:04,2026-09-22T01:10:05,False,1,0,False,False,1456612,,,,,22001.114459/202660,07954480000179-2-034811/2026,Secretaria do Planejamento e Gestão do Ceará,07954480000179,ESTADO DO CEARA,N,E,2,Compras,1,Contrato (termo inicial),Ceará,CE,Aracati,228430,EEM BARÃO DE ARACATI,2301109
07954480000179-1-022422/2026,,,2026,34812,2026-09-22T01:10:08,PJ,65991005000179,65.991.005 TAUANY ASSUNCAO DOS ANJOS,,,,Aquisição de Material de Consumo ¿ Gêneros de Alimentação - Merenda Escolar - EEMTI MARIA EMÍLIA RABELO - MORADA NOVA - CREDE 10 -,2240.0,2240.0,2240.0,0.0,2026-09-10,2026-09-23,2027-09-23,,,2026-09-22T01:10:06,2026-09-22T01:10:08,False,1,0,False,False,1456688,,,,,22001.146527/202650,07954480000179-2-034812/2026,Secretaria do Planejamento e Gestão do Ceará,07954480000179,ESTADO DO CEARA,N,E,2,Compras,1,Contrato (termo inicial),Ceará,CE,Morada Nova,228655,COLÉGIO ESTADUAL MARIA EMÍLIA RABELO,2308708
07954480000179-1-021387/2026,,,2026,34813,2026-09-22T01:10:32,PJ,49044435000127,COMERCIAL M G R DE FREITAS LTDA,,,,AQUISIÇÃO DE ALIMENTAÇÃO ESCOLAR REFERENTE AO SEGUNDO SEMESTRE DO ANO LETIVO EM FAVOR DA ESCOLA INDÍGENA RAÍZES DE CRATEÚS - CRATEUS - CREDE 13,3510.5,3510.5,3510.5,0.0,2026-09-11,2026-09-23,2027-09-23,,,2026-09-22T01:10:30,2026-09-22T01:10:32,False,1,0,False,False,1455204,,,,,22001.143175/202681,07954480000179-2-034813/2026,Secretaria do Planejamento e Gestão do Ceará,07954480000179,ESTADO DO CEARA,N,E,2,Compras,1,Contrato (termo inicial),Ceará,CE,Crateús,228665,ESCOLA INDÍGENA RAÍZES DE CRATEÚS,2304103
07954480000179-1-011023/2026,,,2026,34814,2026-09-22T01:10:37,PJ,51044835000184,DISTRIMIX SOLUÇÕES & SERVIÇOS BRASIL LTDA,,,,SERVICO DE CONFECCAO - SERVICOS DE CONFECCAO DE MATERIAIS DEACONDIMENTO E EMBALAGEM.  EEMTI ESTRELA TORQUATO - CAUCAIA - CREDE 1 -,2029.3,2029.3,2029.3,0.0,2026-09-08,2026-09-23,2027-09-23,,,2026-09-22T01:10:34,2026-09-22T01:10:37,False,1,0,False,False,1456687,,,,,22001.077974/202651,07954480000179-2-034814/2026,Secretaria do Planejamento e Gestão do Ceará,07954480000179,ESTADO DO CEARA,N,E,8,Serviços,1,Contrato (termo inicial),Ceará,CE,Caucaia,228212,CAIC PROFESSORA FRANCISCA ESTRELA TORQUATO FIRMEZA,2303709
07954480000179-1-021905/2026,,,2026,34815,2026-09-22T01:10:40,PJ,11224603000193,MV COMERCIO VAREJISTA DE GLP LTDA,,,,GÁS E OUTROS MAYTERIAIS ENGARRAFADOS. EEMTI POETA PATATIVA DO ASSARÉ - (SEFOR 3),4389.0,4389.0,4389.0,0.0,2026-09-10,2026-09-23,2027-09-23,,,2026-09-22T01:10:38,2026-09-22T01:10:40,False,1,0,False,False,1456650,,,,,22001.137090/202663,07954480000179-2-034815/2026,Secretaria do Planejamento e Gestão do Ceará,07954480000179,ESTADO DO CEARA,N,E,2,Compras,1,Contrato (termo inicial),Ceará,CE,Fortaleza,228164,EEFM POETA PATATIVA DO ASSARÉ,2304400
07954480000179-1-019222/2026,,,2026,34816,2026-09-22T01:10:41,PJ,10239928000187,BBL COMERCIO VAREJISTA E ATACADISTA DE BRINDES E BIJUTERIAS EM GERAL LTDA,,,,"Aquisição de 200 (duzentos) conjuntos de medalhas comemorativas aos 100 (cem) anos da Casa Militar/Casa Civil, cada conjunto composto por medalha, barreta, broche de lapela e estojo, conforme especificações e quantitativos previstos no Termo de Referência, no edital e na proposta da CONTRATADA. 
O objeto compreende as medalhas comemorativas ""José Moreira da Rocha"" e ""Medalha do Mérito Centenário da Casa Militar"", observadas as especificações heráldicas, dimensionais, materiais, cores, gravações, acabamento, acessórios e embalagem definidos no Termo de Referência e em seu Anexo Único.",19000.0,19000.0,19000.0,0.0,2026-09-17,2026-09-17,2027-09-17,,,2026-09-22T01:10:41,2026-09-22T01:10:41,False,1,0,False,False,1457848,,,,,30001.005050/202681,07954480000179-2-034816/2026,Secretaria do Planejamento e Gestão do Ceará,07954480000179,ESTADO DO CEARA,N,E,8,Serviços,1,Contrato (termo inicial),Ceará,CE,Fortaleza,300001,CASA CIVIL,2304400
06738132000100-1-000056/2026,,,2026,62,2026-09-22T07:22:06,PJ,19163921000101,CENTRO DE SAUDE DR JOSE FABIO LTDA,,,,"Contratação de empresa especializada para a prestação de serviços odontológicos de implantodontia, compreendendo a realização de tomografia computadorizada odontológica Cone Beam, instalação de implantes dentários e confecção e instalação de próteses dentárias fixas do tipo protocolo, visando atender às necessidades da Secretaria Municipal de Saúde de Caririaçu/Ceará.",477510.0,477510.0,477510.0,477510.0,2026-09-17,2026-09-17,2027-09-17,,,2026-09-22T07:22:04,2026-09-22T07:22:06,False,1,0,False,False,202609170001,,,,,0000520260722000164,06738132000100-2-000062/2026,M2A tecnologia,06738132000100,MUNICIPIO DE CARIRIACU,N,M,8,Serviços,1,Contrato (termo inicial),Ceará,CE,Caririaçu,05,SECRETARIA DE SAUDE,2303204
00509018000113-1-002213/2026,,BRA,2026,3805,2026-09-22T08:08:08,PF,08749288342,LEONARDO LIMA E SILVA MARTINS,,,,CONTRATACAO DE SERVICO DE LOCACAO DE VEICULO COM MOTORISTA (UTILITARIO) PARA ATENDER O CARTORIO DA 67ª ZE -ARACOIABA,9085.5,363.42,9085.5,,2026-09-18,2026-09-18,2026-12-31,,,2026-09-22T08:08:08,2026-09-22T08:08:08,False,25,0,False,False,2026NE000925,,,,,2026.0.000016393-3,00509018000113-2-003805/2026,Compras.gov.br,00509018000113,TRIBUNAL SUPERIOR ELEITORAL,J,F,8,Serviços,7,Empenho,Ceará,CE,Fortaleza,070007,TRIBUNAL REGIONAL ELEITORAL DO CEARA,2304400
06928790000156-1-000070/2026,,,2026,287,2026-09-25T09:28:32,PJ,08942423000132,ORZIL CURSOS E EVENTOS LTDA,,,,"EMPENHO REF. INSCRIÇÃO NO CURSO ""FISCALIZAÇÃO E ACOMPANHAMENTO DE CONVÊNIOS"", PROGRAMADO PARA 1º E 02.10.2026, NA MODALIDADE ON-LINE, COM CARGA DE 16H/A, VISANDO A CAPACITAÇÃO DE SERVIDOR DO MINISTÉRIO PÚBLICO DE ESTADO DO CEARÁ, POR MEIO INEXIGIBILIDADE DE LICITAÇÃO, CONF. TERMO DE DEFERIMENTO DA CONTRATAÇÃO DIRETA PUB. NO DOMP 2339, DE 16.09.2026.PARTICIPANTE:- TARCÍSIO FARIAS DE MELO - ÁREA DE CONTABILIDADE.",3947000.0,3947000.0,3947000.0,,2026-09-21,2026-09-21,2026-12-31,,,2026-09-22T08:29:56,2026-09-25T09:28:32,False,1,1,False,False,2026NE002351,,,,,09.2026.00029608-0,06928790000156-2-000287/2026,Contratos.gov.br,06928790000156,MINISTERIO PUBLICO DO ESTADO DO CEARA,E,E,8,Serviços,7,Empenho,Ceará,CE,Fortaleza,926484,PROCURADORIA GERAL DE JUSTIÇA NO CEARA,2304400
07673114000141-1-000013/2026,07673114000141-1-000013/2026-000001,,2026,199,2026-09-23T07:42:10,PJ,13004656000124,RN IRRIGACAO COMERCIAL DE BOMBAS LTDA,,,,"Aquisição de bombas submersas, bem como materiais para manutenção de bombas, destinados a suprir as necessidades da Secretaria de Pesca, Aquicultura e Recursos Hídricos do Município de Varjota-CE",12571.0,12571.0,12571.0,12571.0,2026-09-16,2026-09-16,2026-12-31,,,2026-09-23T07:42:06,2026-09-23T07:42:10,False,1,0,False,False,20260396,,,,,04130001/26/SPARH,07673114000141-2-000199/2026,M2A tecnologia,07673114000141,MUNICIPIO DE VARJOTA,N,M,2,Compras,1,Contrato (termo inicial),Ceará,CE,Varjota,25,"Secretaria de Pesca, Aquicultura e Recursos Hídricos",2313955
10744098000145-1-000086/2026,,,2026,689,2026-09-23T07:56:56,PJ,65682807000105,RF SOLUCOES LTDA,,,,EMPENHO REFERENTE A AQUISIÇÃO DE MATERIAL PARA MANUTENÇÃO DE BENS MOVEIS (APARELHOS DE AR CONDICIONADOS) DO IFCE CAMPUS IGUATU- DI:02/2026(158320)-CONTATO: (86) 9 9498-4822-DADOS BANCARIOS:077/0001/52793898-0. PROCESSO SEI: 23266.001664/2026-18.,11260.57,11260.57,11260.57,,2026-06-22,2026-06-22,2026-12-31,,,2026-09-23T07:56:55,2026-09-23T08:06:13,False,1,0,False,False,2026NE000228,,,,False,23266.001664/2026-18,10744098000145-2-000689/2026,Contratos.gov.br,10744098000145,"INSTITUTO FEDERAL DE EDUCACAO, CIENCIA E TECNOLOGIA DO CEARA",E,F,2,Compras,7,Empenho,Ceará,CE,Iguatu,158320,INST.FED.DO CEARA/CAMPUS IGUATU,2305506
10462497000113-1-000098/2026,,,2026,227,2026-09-23T08:11:43,PJ,08918421000108,"FUNDACAO DE APOIO A SERVICOS TECNICOS, ENSINO E FOMENTO A PE",,,,"ELABORACAO DE ESTUDOS E SERVICOS ESPECIALIZADOS NA AREA AMBIENTAL (ESTUDOS GEOMORFOLOGICOS, GEOTECNICOS, DELIMITACAO DA AREA DE PRESERVACAO AMBIENTAL E LEVANTAMENTO PLANIALTIMETRICO) NO MUNICIPIO DE VICOSA DO CEARA",163000.0,0.0,163000.0,0.0,2026-06-03,2026-06-03,2026-12-31,111.11-011,https://cipi.economia.gov.br/111.11-011,2026-09-23T08:11:43,2026-09-23T08:11:43,False,1,0,False,False,26060301-SEMA,,,,,DL01-2026-SEMAG,10462497000113-2-000227/2026,ASP - Automação Serviços e Produtos de Informática - LTDA,10462497000113,MUNICIPIO DE VICOSA DO CEARA,N,M,8,Serviços,1,Contrato (termo inicial),Ceará,CE,Viçosa do Ceará,1766,PREFEITURA MUNICIPAL DE VIÇOSA DO CEARÁ,2314102
07535446000160-1-000072/2026,07535446000160-1-000072/2026-000001,,2026,300,2026-09-23T08:19:00,PJ,42340181000145,GTM ENGENHARIA LTDA,,,,"REGISTRO DE PREÇO PARA FUTURAS E EVENTUAIS CONTRATAÇÕES DE SERVIÇO DE PAVIMENTAÇÃO ASFÁLTICA, EM DIVERSAS RUAS DO MUNICIPIO DE RUSSAS, DE INTERESSE DA SECRETARIA DE INFRAESTRUTURA E SERVIÇOS URBANOS.",1506819.152,1506819.15,1506819.15,1506819.15,2026-09-04,2026-09-04,2026-12-04,,,2026-09-23T08:18:59,2026-09-23T08:19:00,False,1,0,False,False,20260904.001,,,,,0001220260420000304,07535446000160-2-000300/2026,M2A tecnologia,07535446000160,MUNICIPIO DE RUSSAS,N,M,9,Serviços de Engenharia,1,Contrato (termo inicial),Ceará,CE,Russas,12,SEC.DE INFRAESTRUTURA E SERV. URBANOS,2311801
07963515000136-1-000079/2026,,,2026,282,2026-09-23T08:23:28,PJ,45315776000139,FAROL MUSICAL PRODUTORA LTDA,,,,"CONTRATAÇÃO DE ATRAÇÃO MUSICAL CATÓLICA PADRE FÁBIO DE MELO, PARA APRESENTAR-SE NO EVENTO ""FESTEJA BOA VIAGEM 2026"" EM ALUSÃO AO 162° ANIVERSÁRIO DO MUNICÍPIO, JUNTO A SECRETARIA DE CULTURA, TURISMO E LAZER DO MUNICÍPIO DE BOA VIAGEM/CE, QUE SE REALIZARÁ NO DIA 20 DE NOVEMBRO DE 2026.",330000.0,330000.0,330000.0,330000.0,2026-09-22,2026-09-22,2026-12-31,,,2026-09-23T08:23:27,2026-09-23T08:23:28,False,1,0,False,False,202609210001,,,,,0001120260825000184,07963515000136-2-000282/2026,M2A tecnologia,07963515000136,MUNICIPIO DE BOA VIAGEM,N,M,8,Serviços,1,Contrato (termo inicial),Ceará,CE,Boa Viagem,11,SECRETARIA DE CULTURA TURISMO E LAZER,2302404
07535446000160-1-000026/2025,07535446000160-1-000026/2025-000001,,2026,301,2026-09-23T08:36:22,PJ,30607801000180,AGIL COMERCIO E DISTRIBUIDORA DE EQUIPAMENTOS LTDA,,,,"REGISTRO DE PREÇOS PARA FUTURAS E EVENTUAIS AQUISIÇÕES DE MATERIAIS PERMANENTES: EQUIPAMENTOS DE CLIMATIZAÇÃO, ELETRODOMÉSTICOS, MOBILIÁRIOS E EQUIPAMENTOS DIVERSOS, DESTINADOS AO ATENDIMENTO DAS DIVERSAS SECRETARIAS DA PREFEITURA MUNICIPAL DE RUSSAS.",3680.0,3680.0,3680.0,3680.0,2026-09-18,2026-09-18,2026-12-31,,,2026-09-23T08:36:19,2026-09-23T08:36:22,False,1,0,True,False,20260918.001,,,,,0000820250212000246,07535446000160-2-000301/2026,M2A tecnologia,07535446000160,MUNICIPIO DE RUSSAS,N,M,2,Compras,1,Contrato (termo inicial),Ceará,CE,Russas,02,GABINETE DO PREFEITO,2311801
07963051000168-1-000052/2025,07963051000168-1-000052/2025-000003,BRA,2026,305,2026-09-23T08:36:21,PJ,07188838000108,JOAO SOUSA GOMES PRODUCOES E EVENTOS LTDA,,,,"ENVELOPAMENTO DE GRID COM LYCRA E MADEIRA DO TIPO TAPUME REVESTINDO TODA ESTRUTURA DO GRID. CORES VARIADAS. | ELEMENTOS DECORATIVOS (100 UNIDADES) COM FORMATOS DE BOLAS E ESTRELAS DE QUATRO PONTAS CONFECCIONADOS COM VERGALHO METÁLICO. REVESTIDOS COM TECIDO TENSIONADO, ILUMINAÇÃO INTERNA COM LÂMPADA DE LED 9WTS NA COR AMARELA, SOQUETE COMUM, ALIMENTAÇÃO ELÉTRICA COM FIO PARALELO DE 2  2/1/2 E DIMENSÕES COM 60CM DE ALTURA POR 50CM DE LARGURA DE PONTA A PONTA DA ESTRELA E BOLAS COM NO MÍNIMO 80CM DE DIÂMETRO. | ILUMINAÇÃO COLORIDA DE PEQUENO PORTE - LOCAÇÃO DE SISTEMA DE ILUMINAÇÃO COLORIDA DE PEQUENO PORTE COM GRID - 24 REFLETORES PAR 64. 4 BOX TRUSS, 2 MINI BRUTTS, 4 SET LIGHT, 4 MOVINGS LIGHT, MESA COMANDO, 3 MÓDULOS POTÊNCIA, CABOS E CONECTORES. ACOMPANHADO E OPERADO POR TÉCNICO CAPACITADO E EQUIPE DE APOIO; SISTEMA DEVIDAMENTE ATERRADO | SONORIZAÇÃO DE MÉDIO PORTE - 01 MESA DE SOM DIGITAL DE 24BIT X 48KHZ DE MÍNIMO 32 CANAIS DE ENTRADA. 16 CANAIS DE SAÍDA COM SISTEMA DE GRAVAÇÃO MULTIPISTAS. 08 CAIXAS DE SUBGRAVES DUPLOS 1600W RMS (CAIXAS ORIGINAIS NÃO SERÃO ACEITAS CÓPIAS). 08 CAIXAS LINE ARRAY AUTOAMPLIFICADAS DE NO MÍNIMO 600W RMS COM AMPLIFICAÇÃO CLASSE D. (CAIXAS ORIGINAIS NÃO SERÃO ACEITAS CÓPIAS) 02 AMPLIFICADORES  CLASSE D 4500W RMS 01 NOTEBOOK E PLACA DE SOM.  02 PROCESSADORES  DIGITAIS COM 04 ENTRADAS E  08 SAÍDAS 24BIT X 96KHZ. 01 FILTROS DE AC COM 08 SAÍDAS.  01 TRANSFORMADORES ISOLADORES BALANCEADOS 04 CANAIS ENTRADA 600 OHMS E SAIDA 300 OHMS.  02 TALHAS 2T POR 10M  01 MAIN POWER DIGITAL, 63A COM CONTATOR E HORÍMETRO, SAÍDAS 220V E 110V.  01 CABO DE AC 4X16MM E 100M.  01 CABO DE ATERRAMENTO  1X16MM NA COR VERDE.  02 VARAS DE 01 POLEGADAS  PARA ATERRAMENTO. 02 CABOS SPLITER 12 VIAS E 80M.  02 TALHAS 1T 5M.  02 SIDE FILL COM 04 LINE ARRAY 600W RMS E 02 SUBGRAVES  DUPLOS  1600W RMS.  01 DRUM FILL COM 01 SUBGR | PALCO MINI PORTE - LOCAÇÃO DE PALCO EM ESTRUTURA DE ALUMÍNIO OU FERRO GALVANIZADO COBERTO. MEDINDO 05M DE FRENTE POR 04M DE FUNDO DE ÁREA COBERTA DE BOCA, ESTRUTURA PARA PA LINE EM ALUMÍNIO OU FERRO GALVANIZADO DE 02M DE LARGURA POR 05M DE ALTURA, COM ÁREAS DE BACKSTAGE NAS DUAS LATERAIS MEDIDNO 4MX4M COBERTA EM LONA NIGHT&DAY BRANCA, PISO EM ESTRUTURA METÁLICA , REVESTIDO EM COMPENSADO DE 15MM ACARPETADO, NA COR GRAFITE,  ESCADA COM FECHAMENTO COMPLETO EM TORNO DO PALCO EM PAINEL E METALOM, REVESTIDO EM MADEIRA ACOMPANHADA NA MONTAGEM E DESMONTAGEM E DURANTE TODO O EVENTO POR EQUIPE COM EQUIPAMENTO DE SEGURANÇA (EPI). | TOLDO 5M X 5M: LOCAÇÃO COM MONTAGEM E DESMONTAGEM DE TENDA EM ESTRUTURA P30. FERRO GALVANIZADO OU SIMILAR, COM ESPECIFICAÇÕES MÍNIMAS: 5,0 METROS DE LARGURA X 5,0 METROS DE COMPRIMENTO, COM ALTURA MÍNIMA DE 2,5 METROS E REGULÁVEIS, COBERTA EM LONA TIPO NIGHT AND DAY, COR BRANCA, SISTEMA DE ENERGIA ISOLADO, COM 01 PONTO DE ILUMINAÇÃO BRANCA, 02 PONTOS DE ENERGIA 220 VOLTS; PISO EM ESTRUTURA COM COMPENSADO DE 20MM, ELEVADO E NIVELADO; ESTRUTURA DEVIDAMENTE ATERRADA; ACOMPANHADA NA MONTAGEM, DESMONTAGEM E DURANTE TODO O EVENTO POR EQUIPE  COM EQUIPAMENTO DE SEGURANÇA (EPI) | ILUMINAÇÃO BRANCA DE MÉDIO PORTE - LOCAÇÃO DE SISTEMA DE ILUMINAÇÃO BRANCA DE MÉDIO PORTE COM GRID SENDO -36 REFLETORES PAR 64 S/ GELATINA. 20 SET LIGHT, MESA COMANDO, 03 MÓDULOS POTÊNCIA, CABOS E CONECTORES. ACOMPANHADO E OPERADO POR TÉCNICO CAPACITADO E EQUIPE DE APOIO; SISTEMA DEVIDAMENTE ATERRADO | SOFÁ 2 (DOIS) LUGARES. MÓDULO ESTOFADO DE 2 LUGARES, REVESTIDO EM TECIDO OU COURO SINTÉTICO, COR A ESCOLHA DO CONTRATANTE. | PRESÉPIO EM TAMANHO REAL CONFECCIONADO EM FIBRA DE VIDRO. INSTALADO EM PRAÇA PÚBLICA NO CENTRO DO MUNICÍPIO, COM NO MÍNIMO 8 FIGURAS TRADICIONAIS, ILUMINADO COM REFLETORES SUSPENSOS OU LÂMPADAS INSTALADAS EM LUMINÁRIAS. | SONORIZAÇÃO DE GRANDE PORTE  - 02 MESAS DE SOM DIGITAIS DE 24BIT X 48KHZ DE MÍNIMO 56 CANAIS DE ENTRADA. 24 CANAIS DE SAÍDA COM SISTEMA DE GRAVAÇÃO MULTIPISTAS.  16  CAIXAS DE SUBGRAVES DUPLOS 1600W RMS (CAIXAS ORIGINAIS NÃO SERÃO ACEITAS CÓPIAS).  16 CAIXAS LINE ARRAY AUTOAMPLIFICADAS DE NO MÍNIMO 600W RMS COM AMPLIFICAÇÃO CLASSE D. (CAIXAS ORIGINAIS NÃO SERÃO ACEITAS CÓPIAS)  08 AMPLIFICADORES  CLASSE D 4500W RMS  01 NOTEBOOK E PLACA DE SOM.  01 CDJ 400.  04 PROCESSADORES  DIGITAIS COM 04 ENTRADAS E  08 SAÍDAS 24BIT X 96KHZ.  02 FILTROS DE AC COM 08 SAÍDAS.  02 TRANSFORMADORES ISOLADORES BALANCEADOS 04 CANAIS ENTRADA 600 OHMS E SAIDA 300 OHMS.  04 TALHAS 2T POR 10M.  01 MAIN POWER DIGITAL, 63A COM CONTATOR E HORÍMETRO, SAÍDAS 220V E 110V.  01 CABO DE AC 4X16MM E 100M.  01 CABO DE ATERRAMENTO  1X16MM NA COR VERDE. 02 VARAS DE 01 POLEGADAS PARA ATERRAMENTO.  01 MULTICABO COM 56 VIAS E 80M.  03 CABOS SPLITER 12 VIAS E 80M.  02 TALHAS 1T 5M.  02 SIDE FILL COM 06 LINE ARRAY 600W RMS E 04  | BALÃO DECORADO N°09 . PACOTE COM 25 UNIDADES, ESTAMPAS DIVERSAS | TAPETES ESTILO PERSA. TAMANHO APROXIMADO DE 3X4 METROS. | BALÃO Nº 07-CORES DIVERSAS PACOTE COM 50 UNID. | MEMBRO DE EQUIPE DE APOIO DIURNO E/ OU NOTURNO - CONTRATAÇÃO DE EQUIPE DESARMADA. TREINADA, UNIFORMIZADA E CAPACITADA PARA EXECUÇÃO DE SERVIÇO DE APOIO AOS EVENTOS, PARA CONTROLE DE FLUXO DE PESSOAS, OBSERVAÇÃO E CONTROLE DE PÚBLI",451944.48,37662.04,451944.48,,2026-09-10,2026-09-10,2027-09-10,,,2026-09-23T08:36:20,2026-09-23T08:36:21,False,12,0,False,False,07.26.09.10.001,,,,,01.008/2025- PERP,07963051000168-2-000305/2026,Licita + Brasil,07963051000168,MUNICIPIO DE MARANGUAPE,N,M,8,Serviços,1,Contrato (termo inicial),Ceará,CE,Maranguape,13,"FUNDAÇÃO VIVA MARANGUAPE DE TURISMO, ESPORTE E CULTURA",2307700
07963051000168-1-000052/2025,07963051000168-1-000052/2025-000004,,2026,306,2026-09-23T08:39:28,PJ,51181728000106,EVOLUX 360 LTDA,,,,"PISICINA COM BOLINHAS - DESCRIÇÃO: ACOMPANHADO DE UM MONITOR. COM ESTRUTURA 100% GALVANIZADA, ALTA RESISTÊNCIA, COM REDE DE PROTEÇÃO E TENDA, 2M X 2M, CAPACIDADE DE 04 CRIANÇAS SIMULTANEAMENTE, COM IDADE MÍNIMA DE 03 ANOS E MÁXIMA DE 05 ANOS. | TOBOGÃ INFLÁVEL 4MT X 4MT – DESCRIÇÃO: ACOMPANHADO DE UM MONITOR. MEDINDO 05 METROS DE ALTURA, EM LONA VINÍLICA KP1000, MATERIAL RESISTENTE PARA ESTE PRODUTO, SOLDAS REFORÇADAS E PAREDES DE SEGURANÇA EM SUAS EXTREMIDADES, GARANTINDO SEGURANÇA AOS USUÁRIOS, COM CAPACIDADE PARA QUATRO CRIANÇAS SIMULTANEAMENTE COM IDADE MÍNIMA DE 03 ANOS E IDADE MÁXIMA DE 12 ANOS. | LOCAÇÃO DE BARRACA DE PIPOCA CONTENDO 01 (UMA) BARRACA PADRONIZADA – DESCRIÇÃO: COM 02 (DOIS) MONITORES PARA CONFECÇÃO E DISTRIBUIÇÃO DE 1000 (UM MIL) SAQUINHOS DE PIPOCAS DURANTE O EVENTO QUE SERÁ DE ATÉ 04 (QUATRO) HORAS POR DIA (LOCAÇÃO POR DIA). | CAMA ELÁSTICA 3.20MT – DESCRIÇÃO:  ACOMPANHADO DE UM MONITOR, COM ESTRUTURA 100% GALVANIZADA, MANTA ELÁSTICA DE POLIÉSTER REVESTIDA COM PVC, REDE DE PROTEÇÃO LATERAL MULTICOLORIDA DE FIOS DE POLIPROPILENO COM TRATAMENTO COM UV, 3,20 METROS DE DIÂMETRO, COM CAPACIDADE MÍNIMA PARA ATÉ 04 CRIANÇAS SIMULTANEAMENTE, IDADE MÍNIMA DE 03 ANOS E MÁXIMA DE 05 ANOS. | CAMA ELÁSTICA 4.30MT -  DESCRIÇÃO: ACOMPANHADO DE UM MONITOR, COM ESTRUTURA 100% GALVANIZADA, MANTA ELÁSTICA DE POLIÉSTER REVESTIDA COM PVC, REDE DE PROTEÇÃO LATERAL MULTICOLORIDA DE FIOS DE POLIPROPILENO COM TRATAMENTO COM UV, 4,30 METROS DE DIÂMETRO, COM CAPACIDADE MÍNIMA PARA ATÉ 04 CRIANÇAS SIMULTANEAMENTE, IDADE MÍNIMA DE 06 ANOS E MÁXIMA DE 12 ANOS. | LOCAÇÃO DE CARRINHO DE CHURROS COM 01 (UM) MONITOR – DESCRIÇÃO: COM CAPACIDADE DE PRODUÇÃO DE NO MÍNIMO 500 UNIDADES DE CHURROS. DURANTE EVENTO QUE SERÁ DE ATÉ 04 (QUATRO) HORAS POR DIA (LOCAÇÃO POR DIA). | LOCAÇÃO DE CARRINHO DE CACHORRO QUENTE COM 01 (UM) MONITOR – DESCRIÇÃO: COM CAPACIDADE DE PRODUÇÃO DE NO MÍNIMO 500 UNIDADES DE CACHORRO QUENTE. DURANTE EVENTO QUE SERÁ DE ATÉ 04 (QUATRO) HORAS POR DIA. | CASTELO PULA PULA 4M X 4M – DESCRIÇÃO: LOCAÇÃO COM MONTAGEM E DESMONTAGEM DE CASTELO PULA-PULA 4M X 4M. COM ALTURA MÍNIMA DE 3M, COM PROTEÇÃO LATERAL EM TELAS DE NYLON, COM MONITOR DURANTE TODO SERVIÇO. | TREM DA ALEGRIA – DESCRIÇÃO: COM PERSONAGENS. COM TODAS AS DESPESAS DE COMBUSTÍVEL. LOGÍSTICA E ALIMENTAÇÃO DA EQUIPE INCLUSO. (4HORAS DE PERCURSO).",155919.5,12993.2916,155919.5,,2026-09-11,2026-09-11,2027-09-11,,,2026-09-23T08:39:28,2026-09-23T08:39:28,False,12,0,False,False,07.26.09.11.001,,,,,01.008/2025- PERP,07963051000168-2-000306/2026,Licita + Brasil,07963051000168,MUNICIPIO DE MARANGUAPE,N,M,8,Serviços,1,Contrato (termo inicial),Ceará,CE,Maranguape,13,"FUNDAÇÃO VIVA MARANGUAPE DE TURISMO, ESPORTE E CULTURA",2307700
07520224000173-1-000039/2026,,,2026,89,2026-09-23T08:41:12,PJ,67946932000100,67.946.932 FRANCISCO JORDAO ALVES FERREIRA,,,,"CONTRATAÇÃO DE SERVIÇOS ESPECIALIZADOS A SEREM PRESTADOS NO CONSERTO DE PNEUS E CÂMARAS DE AR
DOS VEÍCULOS PERTENCENTES E LOCADOS DAS SECRETARIAS MUNICIPAIS DE AGRICULTURA E GABINETE DO PREFEITO DE BAIXIO-CE.",2727.75,2727.75,2727.75,2727.75,2026-08-06,2026-08-06,2027-08-06,,,2026-09-23T08:41:11,2026-09-23T08:41:12,False,1,0,False,False,202608060001,,,,,0001220260703000126,07520224000173-2-000089/2026,M2A tecnologia,07520224000173,MUNICIPIO DE BAIXIO,N,M,8,Serviços,1,Contrato (termo inicial),Ceará,CE,Baixio,11,Gabinete do Prefeito,2301802
07963051000168-1-000052/2025,07963051000168-1-000052/2025-000002,,2026,307,2026-09-23T08:41:28,PJ,19243077000110,N. A ASSESSORIA E EVENTOS,,,,"TRIO ELETRICO MÉDIO PORTE.01 CONSOLE SI EXPRESSION 32 INPUTS 02 DBX VENU 360 01 MICROFONES SEM FIO SHURE SM-87 UHF  10 MICROFONES COM FIO SM-58 01 KIT DE MICROFONES PARA BATERIA 04 DIRECT BOX 10 PEDESTAIS 04 SPOTS DE VOZ 01 SUB PARA BATERIA 01 LONA PRINCIPAL COM 6.00M X 3.00M DE LARGURA. SISTEMA ACUSTICO DA FRENTE: 04 GRAVE 15P. 08 MEDIO GRAVE, 06 TI, SISTEMA ACUSTICO DO FUNDO: 06 GRAVE 15P, 12 MEDIO GRAVE, 06 TI, SISTEMA ACUSTICO DAS LATERAIS (CADA LADO): 16 GRAVES, 12 MÉDIOS GRAVES,  06 TI, DEMAIS CONDIÇÕES: 01 GERADOR DE 60KVA A DIÁRIA EQUIVALE A 06 (SEIS) HORAS. TECNICO DE SOM, MOTORISTA E COMBUSTÍVEL POR CONTA DA CONTRATADA OBS. AS MARCAS ACIMA SÃO SOMENTE COMO REFERÊNCIA DE EQUIPAMENTOS A SEREM UTILIZADOS E POTENCIA DOS EQUIPAMENTOS | ATRAÇÃO MUSICAL. TIPO PÉ DE SERRA, RENOME LOCAL (SEDIADA NO MUNICÍPIO E/OU MUNICÍPIOS VIZINHOS); ESTILO MUSICAL E REPERTÓRIO DE FORRÓ TRADICIONAL, PARA REALIZAÇÃO DE SHOW COM DURAÇÃO MÍNIMA DE 2:00 (DUAS) HORAS CADA; INCLUINDO TODO MATERIAL, INSTRUMENTOS, EQUIPAMENTOS E ACESSÓRIOS, DESPESAS COM TAXAS, IMPOSTOS, ENCARGOS, PESSOAL, TRANSPORTE, TRASLADO, HOSPEDAGEM, ALIMENTAÇÃO E CAMARIM; TODO SERVIÇO DEVE SER PRESTADO COM EXCELENTE QUALIDADE. | ATRAÇÃO MUSICAL. TIPO DJ (DISCO JÓQUEI), RESPONSÁVEL POR TRANSMITIR MÚSICA, REPERTÓRIO VARIADO, LAPTOP, MESAS DE MIXAGENS E DEMAIS EQUIPAMENTOS, PARA REALIZAÇÃO DE SHOW COM DURAÇÃO MÍNIMA DE 2:00 (DUAS) HORAS POR DIA, CADA; SENDO APRESENTAÇÕES INTERCALADAS, ENTRE A TROCA DE ATRAÇÕES MUSICAIS, FICANDO A DISPOSIÇÃO DURANTE TODO O PERÍODO DO EVENTO DE CARNAVAL; INCLUINDO AS DESPESAS DE TODA A EQUIPE COM ALIMENTAÇÃO, HOSPEDAGEM, TRANSPORTE, TRANSLADO, CAMARIM, TAXAS, IMPOSTOS E ENCARGOS. A ATRAÇÃO MUSICAL/ARTISTA DEVERÁ SER RECONHECIDAMENTE PELA MAIORIA DO PÚBLICO, MÍDIA, MEIOS DE COMUNICAÇÃO, MERCADO DO SHOW BUSINESS E A INSTITUIÇÃO CONTRATANTE; COMO COMPATÍVEL COM NÍVEL E QUALIDADE DO EVENTO, CONTRIBUINDO PARA A CONTINUIDADE DO PADRÃO DO MESMO. |  GERADOR DE ENERGIA 80 KVA: LOCAÇÃO DE GERADOR DE ENERGIA ELÉTRICA. SILENCIADO, COM POTÊNCIA MÍNIMA DE 80 KVA, TRIFÁSICO, TENSÃO 380/220 WATTS, 60 HZ: INSTALADO SOBRE SISTEMA MÓVEL, ABASTECIDO, COM CABEAMENTOS E ACESSÓRIOS. ACOMPANHADO E OPERADO POR TÉCNICO CAPACITADO; SISTEMA DEVIDAMENTE ATERRADO, | CONTRATAÇÃO DE HUMORISTA DE RENOME LOCAL: CONTRATAÇÃO DE PESSOA. PROFISSIONAL CAPACITADO, COMEDIANTE, IMITADOR, PIADISTA, STAND UP COM RECONHECIMENTO A NÍVEL LOCAL MUNICIPAL E CIDADES VIZINHAS, COM APRESENTAÇÃO NO MÍNIMO DE 01 (UMA) HORA. INCLUINDO TODAS AS EXIGÊNCIAS DO CONTRATO DO HUMORISTA, COMO EQUIPAMENTOS, DESPESAS DE TODA A EQUIPE, TAXAS, IMPOSTOS, ENCARGOS, PESSOAL, TRANSPORTE, HOSPEDAGEM, ALIMENTAÇÃO, TRANSLADO E CAMARIM. | TRIO ELÉTRICO GRANDE PORTE CAMINHÃO CARRETA. ESPECIFICAÇÕES MÍNIMAS PARA O TRIO ELÉTRICO: DAS DIMENSOES APROXIMADAS DO VEÍCULO (TOLERÂNCIA DE MEDIDAS +/- 5%): COMPRIMENTO: 25 METROS (CAMINHÃO + CARRETA) LARGURA NA ESTRADA: 3.20 METROS; LARGURA EM EVENTO: 4,90 METROS; ALTURA NA ESTRADA: 4,70 METROS - NO EVENTO COM COBERTURA: 5,70 METROS; PALCO DE MAIS DE 50M²; DA ESTRUTURA DE CAMARIM DO TRIO: CAMARIM COM AR CONDICIONADO; MESA; FRIGOBAR; SOFÁ; 1 BANHEIRO EXCLUSIVO; 1 BANHEIRO SOCIAL; ÁREA VIP PARA CONVIDADOS.DOS EQUIPAMENTOS SONOROS: 02 CONSOLE DIGITAL DE 48 CANAIS 02 PROCESSADOR VENU 360 02 MICROFONE SEM FIO 11 MICROFONES SM58 COM FIO 16 MICROFONES SM57 COM FIO 26 PEDESTAIS 01 BATERIA ACÚSTICA 01 CUBO DE GUITARRA 1000W 01 CUBO DE BAIXO 10 SPOTS DE VOZ 01 SUBGRAVE 16 FONES DE OUVIDO 02 POWERCLICK SONORIZAÇÃO FRONTAL: 30 GRAVE 32 MEDIOS GRAVE 32 D408 TI SONORIZAÇÃO TRASEIRA: 30 GRAVE 40 MEDIOS GRAVE 32 D408 TI SONORIZAÇÃO LATERAL: 32 GRAVE 40 MEDIOS GRAVE 24 D408 TI 10 MINIBRUTE DE LED 24 | MESTRE DE CERIMÔNIAS / APRESENTADOR: CONTRATAÇÃO DO SERVIÇO DE PROFISSIONAL CAPACITADO E COM EXPERIÊNCIA NA ATIVIDADE DE MESTRE DE CERIMÔNIAS DE EVENTOS. INCLUSIVE EM CERIMÔNIA OFICIAIS, COM PRESENÇA E FORMAÇÃO DE MESA DE AUTORIDADES, EXCELÊNCIA NO TRATO COM AUTORIDADES E HABILIDADE EM LIDAR COM PESSOAS, BOA POSTURA, DESENVOLTURA, ADEQUADA PRESENÇA DE PALCO, BOA DICÇÃO, VOZ ADEQUADA À APRESENTAÇÃO DE CERIMONIAL, ARTICULAÇÃO E INTERPRETAÇÃO DE POSSÍVEIS IMPROVISOS NO CERIMONIAL | GERADOR DE ENERGIA 240KVA – LOCAÇÃO DE GRUPO GERADOR MÓVEL. COM CAPACIDADE MÍNIMA DE 240 KVA, TRIFÁSICO, TENSÃO 440/380/220/110 VAC, 60 HZ, DISJUNTOR DE PROTEÇÃO, SILENCIADO EM NÍVEL DE RUÍDO SONORO DE 32 DB, 1,5 METROS, ACOPLADO A UM CAMINHÃO POR MEIO DE GRAMPOS FIXADOS NO CHASSI PARA TRANSPORTE RÁPIDO, COM 02 JOGOS DE CABOS DE 95MM/4 LANCES/25 METROS FLEXÍVEIS (95MM X 4 X 25M), QUADRO DE BARRAMENTO DE COBRE PARA CONEXÃO INTERMEDIÁRIA COM ISOLADORES E CHAVE REVERSORA PARA DUAS FONTES DE ENERGIA ELÉTRICA DIMENSIONADA DE ACORDO COM A POTÊNCIA DE GRUPO GERADOR, INCLUINDO CUSTO DE MONTAGEM COM PONTO DE ATERRAMENTO PARA PROTEÇÃO COMPOSTO DE 01 (UMA) HASTE DE COBRE DE 3 METROS DE COMPRIMENTO, COM CORDOALHA DE COBRE NU 16 MM2, NO MÍNIMO, COM 5 METROS COM CONECTORES. ACOMPANHADO E OPERADO POR TÉCNICO CAPACITADO; SISTEMA DEVIDAMENTE ATERRADO | CARRO DE SOM DE MÉDIO PORTE CONTENDO: 2 AUTO FALANTE DE 3000 WATTS. 6 AUTO FALANTES DE 600 WA",92273.8,7689.4833,92273.8,,2026-09-09,2026-09-09,2027-09-09,,,2026-09-23T08:41:27,2026-09-23T08:41:28,False,12,0,False,False,07.26.09.09.001,,,,,01.008/2025- PERP,07963051000168-2-000307/2026,Licita + Brasil,07963051000168,MUNICIPIO DE MARANGUAPE,N,M,8,Serviços,1,Contrato (termo inicial),Ceará,CE,Maranguape,13,"FUNDAÇÃO VIVA MARANGUAPE DE TURISMO, ESPORTE E CULTURA",2307700
23555196000186-1-000160/2026,23555196000186-1-000160/2026-000006,,2026,707,2026-09-24T08:03:16,PJ,48285397000131,UNELED MATERIAL ELETRICO E SERVICOS LTDA,,,,"AQUISIÇÃO DE MATERIAL DE CONSTRUÇÃO, PINTURA, ELÉTRICOS, HIDRÁULICOS E FERRAMENTAIS, DESTINADOS À MANUTENÇÃO DAS ESTRUTURAS FÍSICAS DOS PRÉDIOS PÚBLICOS DA SECRETARIA DE ESPORTE E LAZER DO MUNICIPIO DE HORIZONTE/CE",14693.27,14693.27,14693.27,,2026-09-21,2026-09-21,2026-12-31,,,2026-09-24T08:03:15,2026-09-24T08:03:16,False,1,0,False,False,2026.09.21.1,"AQUISIÇÃO DOS LOTES 11, 17  E 25",,,,PE Nº2026.06.12.1,23555196000186-2-000707/2026,Compras.gov.br,23555196000186,MUNICIPIO DE HORIZONTE,N,M,2,Compras,1,Contrato (termo inicial),Ceará,CE,Horizonte,981253,PREFEITURA MUNICIPAL DE HORIZONTE - CE,2305233
07847379000119-1-000087/2026,,,2026,194,2026-09-24T08:09:24,PJ,60183611000144,FORRO BALANCEAR PRODUCOES MUSICAIS LTDA,,,,"CONTRATAÇÃO DE EMPRESA ESPECIALIZADA PARA PRESTAÇÃO DE SERVIÇOS ARTÍSTICOS, CONSISTENTE NA APRESENTAÇÃO MUSICAL DA ATRAÇÃO “FORRÓ BALANCEAR”, A SER REALIZADA NO DIA 27 DE SETEMBRO DE 2026, DURANTE O EVENTO “FESTEJA ACOPIARA 2026”, NO ARCO DA SANTA, NO MUNICÍPIO DE ACOPIARA/CE, COMPREENDENDO A REALIZAÇÃO DO SHOW ARTÍSTICO E DEMAIS SERVIÇOS INERENTES À APRESENTAÇÃO, CONFORME CONDIÇÕES, ESPECIFICAÇÕES E EXIGÊNCIAS ESTABELECIDAS NO PROCESSO DE CONTRATAÇÃO",140000.0,140000.0,140000.0,140000.0,2026-09-18,2026-09-18,2027-09-18,,,2026-09-24T08:09:22,2026-09-24T08:09:24,False,1,0,False,False,202609180001,,,,,0001120260917000144,07847379000119-2-000194/2026,M2A tecnologia,07847379000119,MUNICIPIO DE ACOPIARA,N,M,8,Serviços,1,Contrato (termo inicial),Ceará,CE,Acopiara,17,"FUNDO MUN. DE CULTURA, ESPORTE E JUVENTUDE",2300309
07847379000119-1-000088/2026,,,2026,195,2026-09-24T08:15:14,PJ,28924922000104,DUETO PRODUCOES E EVENTOS LTDA,,,,"CONTRATAÇÃO DE EMPRESA ESPECIALIZADA PARA PRESTAÇÃO DE SERVIÇOS ARTÍSTICOS, CONSISTENTE NA APRESENTAÇÃO MUSICAL DA ATRAÇÃO “BANDA LIBANOS”, A SER REALIZADA NO DIA 27 DE SETEMBRO DE 2026, DURANTE O EVENTO “FESTEJA ACOPIARA 2026”, NO ARCO DA SANTA, NO MUNICÍPIO DE ACOPIARA/CE, COMPREENDENDO A REALIZAÇÃO DO SHOW ARTÍSTICO E DEMAIS SERVIÇOS INERENTES À APRESENTAÇÃO, CONFORME CONDIÇÕES, ESPECIFICAÇÕES E EXIGÊNCIAS ESTABELECIDAS NO PROCESSO DE CONTRATAÇÃO",150000.0,150000.0,150000.0,150000.0,2026-09-18,2026-09-18,2027-09-18,,,2026-09-24T08:15:09,2026-09-24T08:15:14,False,1,0,False,False,202609180002,,,,,0001120260917000344,07847379000119-2-000195/2026,M2A tecnologia,07847379000119,MUNICIPIO DE ACOPIARA,N,M,8,Serviços,1,Contrato (termo inicial),Ceará,CE,Acopiara,17,"FUNDO MUN. DE CULTURA, ESPORTE E JUVENTUDE",2300309
23555196000186-1-000160/2026,23555196000186-1-000160/2026-000002,,2026,708,2026-09-24T08:22:25,PJ,14248351000120,CNIP - COMERCIO NACIONAL DE ILUMINACAO PUBLICA LTDA,,,,"AQUISIÇÃO DE MATERIAL DE CONSTRUÇÃO, PINTURA, ELÉTRICOS, HIDRÁULICOS E FERRAMENTAIS, DESTINADOS À MANUTENÇÃO DAS ESTRUTURAS FÍSICAS DOS PRÉDIOS PÚBLICOS DA SECRETARIA DE ESPORTE E LAZER DO MUNICIPIO DE HORIZONTE/CE",27818.25,27818.25,27818.25,,2026-09-21,2026-09-21,2026-12-31,,,2026-09-24T08:22:25,2026-09-24T08:22:25,False,1,0,False,False,2026.09.21.2,"AQUISIÇÃO DOS LOTES 19, 35, 47",,,,PE Nº2026.09.21.2,23555196000186-2-000708/2026,Compras.gov.br,23555196000186,MUNICIPIO DE HORIZONTE,N,M,2,Compras,1,Contrato (termo inicial),Ceará,CE,Horizonte,981253,PREFEITURA MUNICIPAL DE HORIZONTE - CE,2305233
07954480000179-1-021934/2026,,,2026,35836,2026-09-25T00:02:48,PJ,33281513000177,FRANCISCO MATEUS DA ROCHA DO NASCIMENTO 27634641812,,,,Aquisição de material de processamento de dados. EEMTI FRANCISCO VIEIRA CAVALCANTE - PEDRA BRANCA - CREDE 14 -,2071.9,2071.9,2071.9,0.0,2026-09-17,2026-09-17,2026-12-31,,,2026-09-25T00:01:13,2026-09-25T00:02:48,False,1,0,False,False,1456022,,,,False,22001.139619/202683,07954480000179-2-035836/2026,Secretaria do Planejamento e Gestão do Ceará,07954480000179,ESTADO DO CEARA,N,E,2,Compras,7,Empenho,Ceará,CE,Pedra Branca,228524,EEM FRANCISCO VIEIRA CAVALCANTE,2310506
07954480000179-1-026352/2025,07954480000179-1-026352/2025-000001,,2026,35837,2026-09-25T00:02:59,PJ,08077211000134,T S COMERCIAL DE MEDICAMENTOS E REPRESENTACAO LTDA,,,,"Aquisição do item ( NORTRIPTILINA, CLORIDRATO 25MG), objetivando o atendimento das demandas da Saúde Prisional do Estado do Ceará.",210.75,210.75,210.75,0.0,2026-09-16,2026-09-16,2026-12-31,,,2026-09-25T00:02:59,2026-09-25T00:02:59,False,1,0,False,False,1456030,,,,False,24001.078005/202643,07954480000179-2-035837/2026,Secretaria do Planejamento e Gestão do Ceará,07954480000179,ESTADO DO CEARA,N,E,2,Compras,7,Empenho,Ceará,CE,Fortaleza,980009,Saúde Prisional - Superintendência da Região de Fortaleza,2304400
07954480000179-1-022769/2026,,,2026,35838,2026-09-25T00:04:37,PJ,33281513000177,FRANCISCO MATEUS DA ROCHA DO NASCIMENTO 27634641812,,,,AQUISIÇÃO - MATERIAL DE CONSUMO - FINAL MATERIAL DE COPA E COZINHA - EEFM PAULO ELPÍDIO -  (SEFOR 3),123.38,123.38,123.38,0.0,2026-09-15,2026-09-15,2026-12-31,,,2026-09-25T00:03:34,2026-09-25T00:04:37,False,1,0,False,False,1456095,,,,False,22001.143808/202651,07954480000179-2-035838/2026,Secretaria do Planejamento e Gestão do Ceará,07954480000179,ESTADO DO CEARA,N,E,2,Compras,7,Empenho,Ceará,CE,Fortaleza,228165,EEFM PAULO ELPÍDIO,2304400
07954480000179-1-026350/2025,07954480000179-1-026350/2025-000001,,2026,35839,2026-09-25T00:05:42,PJ,08077211000134,T S COMERCIAL DE MEDICAMENTOS E REPRESENTACAO LTDA,,,,"AQUISIÇÃO DE MATERIAL FARMACOLÓGICO,(TRAMADOL CLORIDRATO, 50MG/ML) ; PARA O HOSPITAL GERAL DE FORTALEZA ¿ HGF / SESA. - ORDEM DE COMPRA/SERVIÇO Nº 76617/2026 - ATA DE REGISTRO DE PREÇO Nº 2026/25097",22710.0,22710.0,22710.0,0.0,2026-09-16,2026-09-16,2026-12-31,,,2026-09-25T00:05:09,2026-09-25T00:05:42,False,1,0,False,False,1457141,,,,False,24001.076748/202689,07954480000179-2-035839/2026,Secretaria do Planejamento e Gestão do Ceará,07954480000179,ESTADO DO CEARA,N,E,2,Compras,7,Empenho,Ceará,CE,Fortaleza,241281,HOSPITAL GERAL DE FORTALEZA,2304400
07954480000179-1-025664/2025,07954480000179-1-025664/2025-000001,,2026,35840,2026-09-25T00:06:53,PJ,07197536000198,IMPORTEC IMPORTADORA CEARENSE LTDA,,,,"AQUISIÇÃO DE MATERIAL LABORATORIAL, (REAGENTE, PARA A REALIZACAO DE EXAMES DE GASOMETRIA ARTERIAL COM
ELETROLITOS, GLICOSE E LACTATO) PARA O HOSPITAL GERAL DE FORTALEZA-HGF/SESA.",23840.0,23840.0,23840.0,0.0,2026-09-18,2026-09-18,2026-12-31,,,2026-09-25T00:06:21,2026-09-25T00:06:53,False,1,0,False,False,1457544,,,,False,24001.078246/202692,07954480000179-2-035840/2026,Secretaria do Planejamento e Gestão do Ceará,07954480000179,ESTADO DO CEARA,N,E,2,Compras,7,Empenho,Ceará,CE,Fortaleza,241281,HOSPITAL GERAL DE FORTALEZA,2304400
07954480000179-1-014675/2026,,,2026,35841,2026-09-25T01:02:28,PJ,46118860000125,RONALDO PINHEIRO DE AZEVEDO 03464198324,,,,EXECUÇÃO DOS SERVIÇOS DE MANUTENÇÃO DE MÁQUINAS E EQUIPAMENTOS - EEMTI CARNEIRO DE MENDONÇA - MARACANAU - CREDE 1 -,10403.6,10403.6,10403.6,0.0,2026-08-28,2026-09-25,2027-09-25,,,2026-09-25T01:01:02,2026-09-25T01:02:28,False,1,0,False,False,1454878,,,,,22001.097683/202680,07954480000179-2-035841/2026,Secretaria do Planejamento e Gestão do Ceará,07954480000179,ESTADO DO CEARA,N,E,8,Serviços,1,Contrato (termo inicial),Ceará,CE,Maracanaú,228190,EEM CARNEIRO DE MENDONÇA,2307650
07954480000179-1-015675/2026,,,2026,35842,2026-09-25T01:03:14,PJ,46359443000174,RAYNA ELOY DA SILVA 61183715390,,,,AQUISIÇÃO - SERVIÇOS DE TERCEIROS - LIMPEZA E CONSERVAÇÃO - EEMTI ALAÍDE SILVA SANTOS - JUAZEIRO DO NORTE - CREDE 19,19150.0,19150.0,19150.0,0.0,2026-09-08,2026-09-23,2027-06-30,,,2026-09-25T01:02:30,2026-09-25T01:03:14,False,1,0,False,False,1456749,,,,,22001.102118/202641,07954480000179-2-035842/2026,Secretaria do Planejamento e Gestão do Ceará,07954480000179,ESTADO DO CEARA,N,E,8,Serviços,1,Contrato (termo inicial),Ceará,CE,Juazeiro do Norte,229275,EEMTI ALAIDE SILVA SANTOS,2307304
07954480000179-1-022060/2026,,,2026,35843,2026-09-25T01:04:44,PJ,53116510000195,ALANA REBECA DE MARIA,,,,MANUTENÇÃO E CONSERVAÇÃO DE BENS IMÓVEIS - EEMTI SINHÁ SABÓIA - SOBRAL - CREDE 6,6290.0,6290.0,6290.0,0.0,2026-09-09,2026-09-24,2027-09-24,,,2026-09-25T01:03:15,2026-09-25T01:04:44,False,1,0,False,False,1456756,,,,,22001.098179/202605,07954480000179-2-035843/2026,Secretaria do Planejamento e Gestão do Ceará,07954480000179,ESTADO DO CEARA,N,E,8,Serviços,1,Contrato (termo inicial),Ceará,CE,Sobral,228361,EEM SINHÁ SABÓIA,2312908
07954480000179-1-021622/2026,,,2026,35844,2026-09-25T01:05:54,PJ,19599914000149,FRANCISCO DANILO TIMBO FERREIRA,,,,MANUTENÇÃO DE MÁQUINAS E EQUIPAMENTOS - EEMTI ADRIÃO DO VALE NUVENS - SANTANA DO CARIRI - CREDE 18 -,4630.0,4630.0,4630.0,0.0,2026-09-09,2026-09-24,2027-09-24,,,2026-09-25T01:05:51,2026-09-25T01:05:54,False,1,0,False,False,1456682,,,,,22001.114680/202618,07954480000179-2-035844/2026,Secretaria do Planejamento e Gestão do Ceará,07954480000179,ESTADO DO CEARA,N,E,8,Serviços,1,Contrato (termo inicial),Ceará,CE,Santana do Cariri,228592,EEM ADRIÃO DO VALE NUVENS,2312106
07954480000179-1-018299/2026,,,2026,35845,2026-09-25T01:05:57,PJ,57462185000173,57.462.185 BRUNO RAMOS BEZERRA,,,,Aquisição - Serviços Terceiros - Manutenção e Conservação de Máquinas e Equipamentos. EEEP AVELINO MAGALHÃES - TABULEIRO DO NORTE - CREDE 10,34918.2,34918.2,34918.2,0.0,2026-09-10,2026-09-10,2027-08-05,,,2026-09-25T01:05:56,2026-09-25T01:05:57,False,1,0,False,False,1457500,,,,,22001.096012/202600,07954480000179-2-035845/2026,Secretaria do Planejamento e Gestão do Ceará,07954480000179,ESTADO DO CEARA,N,E,8,Serviços,1,Contrato (termo inicial),Ceará,CE,Tabuleiro do Norte,228448,EEEP AVELINO MAGALHÃES,2313104
07954480000179-1-022464/2026,,,2026,35846,2026-09-25T01:09:46,PJ,59308009000107,ACM COMERCIAL E SERVICOS LTDA,,,,GÊNEROS DE ALIMENTAÇÃO - EEMTI ESTADO DE ALAGOAS -  (SEFOR 1),2748.0,2748.0,2748.0,0.0,2026-09-10,2026-09-23,2027-06-10,,,2026-09-25T01:07:23,2026-09-25T01:09:46,False,1,0,False,False,1457022,,,,,22001.133408/202637,07954480000179-2-035846/2026,Secretaria do Planejamento e Gestão do Ceará,07954480000179,ESTADO DO CEARA,N,E,2,Compras,1,Contrato (termo inicial),Ceará,CE,Fortaleza,228001,EEFM ESTADO DE ALAGOAS,2304400
07954480000179-1-022069/2026,,,2026,35847,2026-09-25T01:08:37,PJ,40841585000197,MIDAS DISTRIBUIDORA DE GAS LTDA,,,,AQUISIÇÃO DE MATERIAL DE CONSUMO (GÁS E OUTROS MATERIAIS ENGARRAFADOS) EXERCÍCIO 2026.. EEMTI DEPUTADO MANOEL RODRIGUES - VICOSA DO CEARA - CREDE 5,6903.0,6903.0,6903.0,0.0,2026-09-15,2026-09-25,2027-09-25,,,2026-09-25T01:08:35,2026-09-25T01:08:37,False,1,0,False,False,1457081,,,,,22001.139521/202626,07954480000179-2-035847/2026,Secretaria do Planejamento e Gestão do Ceará,07954480000179,ESTADO DO CEARA,N,E,2,Compras,1,Contrato (termo inicial),Ceará,CE,Viçosa do Ceará,228307,EEM DEPUTADO MANOEL RODRIGUES,2314102
07954480000179-1-016292/2026,,,2026,35848,2026-09-25T01:08:40,PJ,09517695000158,CLAUDIA ELISA ARAÚJO,,,,AQUISIÇÃO DE GENEROS ALIMENTICIOS - EEMPC JOSÉ FIDELES DE MOURA - SANTANA DO ACARAU - CREDE 6,16967.1,16967.1,16967.1,0.0,2026-09-10,2026-09-25,2027-09-25,,,2026-09-25T01:08:38,2026-09-25T01:08:40,False,1,0,False,False,1453328,,,,,22001.103601/202643,07954480000179-2-035848/2026,Secretaria do Planejamento e Gestão do Ceará,07954480000179,ESTADO DO CEARA,N,E,2,Compras,1,Contrato (termo inicial),Ceará,CE,Santana do Acaraú,228768,EEM JOSE FIDELES DE MOURA,2312007
07954480000179-1-015503/2026,,,2026,35849,2026-09-25T01:08:41,PJ,53279810000195,53.279.810 JULIANA VITOR PEREIRA,,,,Serviço de Terceiro para Manutenção de Ares-condicionados - EEMTI RICARDO DE SOUSA NEVES - MARCO - CREDE 3,22499.0,22499.0,22499.0,0.0,2026-09-11,2026-09-25,2027-09-25,,,2026-09-25T01:08:41,2026-09-25T01:08:41,False,1,0,False,False,1457125,,,,,22001.094900/202680,07954480000179-2-035849/2026,Secretaria do Planejamento e Gestão do Ceará,07954480000179,ESTADO DO CEARA,N,E,8,Serviços,1,Contrato (termo inicial),Ceará,CE,Marco,228276,EEM RICARDO DE SOUSA NEVES,2307809
07954480000179-1-023018/2026,,,2026,35850,2026-09-25T01:09:36,PJ,35438916000102,HALTECH COMERCIO DE GLP LTDA,,,,"Aquisição de gás e outros materiais engarrafados (gás de cozinha), composição básica propano e butano, inflamável, acondicionado em botijão de 13kg - EEMTI MARIA EMÍLIA RABELO - MORADA NOVA - CREDE 10",3125.0,3125.0,3125.0,0.0,2026-09-14,2026-09-28,2027-09-28,,,2026-09-25T01:09:34,2026-09-25T01:09:36,False,1,0,False,False,1457511,,,,,22001.144719/202621,07954480000179-2-035850/2026,Secretaria do Planejamento e Gestão do Ceará,07954480000179,ESTADO DO CEARA,N,E,2,Compras,1,Contrato (termo inicial),Ceará,CE,Morada Nova,228655,COLÉGIO ESTADUAL MARIA EMÍLIA RABELO,2308708
07954480000179-1-024470/2024,,,2026,35851,2026-09-25T01:09:37,PJ,57778437000178,COMPRASNET COMERCIAL LTDA,,,,Aquisição de mobiliários destinados ao Hospital Universitário do Ceará - HUCE,150397.78,150397.78,150397.78,0.0,2026-09-18,2026-09-25,2027-09-25,,,2026-09-25T01:09:37,2026-09-25T01:09:37,False,1,0,False,False,1458086,,,,,24001.072941/202641,07954480000179-2-035851/2026,Secretaria do Planejamento e Gestão do Ceará,07954480000179,ESTADO DO CEARA,N,E,2,Compras,1,Contrato (termo inicial),Ceará,CE,Fortaleza,240001,SECRETARIA DA SAUDE,2304400
07954480000179-1-023431/2025,07954480000179-1-023431/2025-000001,,2026,35852,2026-09-25T01:09:39,PJ,61374161000130,BAUMER S A,,,,"Aquisição de SECADORAS DE TRAQUEIAS, AÇO INOX, CAPACIDADE MÍNIMO 30 TRAQUEIAS NOS RACKS INTERNOS, EMBALAGEM 1.0 UNIDADE para o Hospital Universitário do Ceará - HUC.",142000.0,142000.0,142000.0,0.0,2026-09-21,2026-09-28,2027-09-28,,,2026-09-25T01:09:39,2026-09-25T01:09:39,False,1,0,False,False,1458225,,,,,24001.073198/202646,07954480000179-2-035852/2026,Secretaria do Planejamento e Gestão do Ceará,07954480000179,ESTADO DO CEARA,N,E,2,Compras,1,Contrato (termo inicial),Ceará,CE,Fortaleza,240001,SECRETARIA DA SAUDE,2304400
07954480000179-1-011872/2026,07954480000179-1-011872/2026-000001,,2026,35853,2026-09-25T01:09:41,PJ,37185411000109,TX CONSTRUCOES EIRELI,,,,"Construção de 1 (uma) Areninha Padrão Tipo 2, a ser implantada na Localidade de Serrinha ,  no município de Itapipoca - CE.",518020.0,259010.0,518020.0,0.0,2026-09-17,2026-09-17,2027-09-17,,,2026-09-25T01:09:41,2026-09-25T01:09:41,False,2,0,False,False,1458788,,,,,43022.010065/202665,07954480000179-2-035853/2026,Secretaria do Planejamento e Gestão do Ceará,07954480000179,ESTADO DO CEARA,N,E,7,Obras,1,Contrato (termo inicial),Ceará,CE,Fortaleza,081401,SUPERINTENDÊNCIA DE OBRAS PÚBLICAS ,2304400
07954480000179-1-021496/2026,,,2026,35854,2026-09-25T01:11:25,PJ,51044835000184,DISTRIMIX SOLUÇÕES & SERVIÇOS BRASIL LTDA,,,,SERVIÇOS DE TERCEIROS - FESTIVIDADES E HOMENAGENS - COORDENADORIA REGIONAL DE DESENVOLVIMENTO DA EDUCAÇÃO (CREDE 1 - MARACANAÚ),21582.0,21582.0,21582.0,0.0,2026-09-09,2026-09-24,2027-09-24,,,2026-09-25T01:11:20,2026-09-25T01:11:25,False,1,0,False,False,1457375,,,,,22001.137818/202657,07954480000179-2-035854/2026,Secretaria do Planejamento e Gestão do Ceará,07954480000179,ESTADO DO CEARA,N,E,8,Serviços,1,Contrato (termo inicial),Ceará,CE,Maracanaú,227001,COORDENADORIA REGIONAL DE DESENVOLVIMENTO DA EDUCACAO - CREDE 01 - MARACANAU,2307650
07954480000179-1-020606/2026,,,2026,35855,2026-09-25T01:11:28,PJ,66204528000190,VSV COMERCIO E SERVICO LTDA,,,,AQUISIÇÃO DE GÊNEROS ALIMENTÍCIOS PARA ALIMENTAÇÃO ESCOLAR. EEMTI MARIA DO CARMO BEZERRA - ACARAPE - CREDE 8,7636.5,7636.5,7636.5,0.0,2026-09-11,2026-09-23,2027-09-18,,,2026-09-25T01:11:26,2026-09-25T01:11:28,False,1,0,False,False,1457030,,,,,22001.132796/202639,07954480000179-2-035855/2026,Secretaria do Planejamento e Gestão do Ceará,07954480000179,ESTADO DO CEARA,N,E,2,Compras,1,Contrato (termo inicial),Ceará,CE,Acarape,228402,EEM MARIA DO CARMO BEZERRA,2300150
07954480000179-1-017813/2026,,,2026,35856,2026-09-25T01:11:33,PJ,11761562000174,ANTONIA VEBEANE DE ALMEIDA CONTABILIDADE,,,,TÉCNICOS PROFISSIONAIS - EEEP DEPUTADO JOSÉ WALFRIDO MONTEIRO - ICO - CREDE 17 -,148.0,148.0,148.0,0.0,2026-09-15,2026-09-15,2027-09-14,,,2026-09-25T01:11:29,2026-09-25T01:11:33,False,1,0,False,False,1457327,,,,,22001.026476/202641,07954480000179-2-035856/2026,Secretaria do Planejamento e Gestão do Ceará,07954480000179,ESTADO DO CEARA,N,E,8,Serviços,1,Contrato (termo inicial),Ceará,CE,Icó,228569,EEEP DEPUTADO JOSÉ WALFRIDO MONTEIRO,2305407
07954480000179-1-021836/2026,,,2026,35857,2026-09-25T01:11:36,PJ,35438916000102,HALTECH COMERCIO DE GLP LTDA,,,,Cotação Eletrônica 2/2026  para aquisição de  GÁS ENGARRAFADO EM FAVOR DA EEMTI ANTÔNIO SILVA MATOS - TEJUCUOCA - CREDE 2 -,2000.0,2000.0,2000.0,0.0,2026-09-11,2026-09-25,2027-09-25,,,2026-09-25T01:11:35,2026-09-25T01:11:36,False,1,0,False,False,1457163,,,,,22001.135769/202618,07954480000179-2-035857/2026,Secretaria do Planejamento e Gestão do Ceará,07954480000179,ESTADO DO CEARA,N,E,2,Compras,1,Contrato (termo inicial),Ceará,CE,Tejuçuoca,229332,EEMTI ANTONIO SILVA MATOS,2313351
07954480000179-1-021114/2026,,,2026,35858,2026-09-25T01:11:40,PJ,12986376000104,OSMAR P. ALBUQUERQUE FILHO,,,,PODA E DEDETIZAÇÃO - EEMTI NOSSA SENHORA DO LIVRAMENTO - GRANJA - CREDE 4 -,1470.0,1470.0,1470.0,0.0,2026-09-14,2026-09-24,2027-09-19,,,2026-09-25T01:11:37,2026-09-25T01:11:40,False,1,0,False,False,1457055,,,,,22001.131511/202642,07954480000179-2-035858/2026,Secretaria do Planejamento e Gestão do Ceará,07954480000179,ESTADO DO CEARA,N,E,8,Serviços,1,Contrato (termo inicial),Ceará,CE,Granja,229192,ESCOLA DE ENSINO MEDIO NOSSA SENHORA DO LIVRAMENTO,2304707
07954480000179-1-024826/2024,07954480000179-1-024826/2024-000001,,2026,35859,2026-09-25T01:11:42,PJ,11402100000160,"LABORATORIO DE PATOLOGIA COSTA, NOGUEIRA & TAVORA LTDA.",,,,SERVIÇO DE EXAMES HISTOPATOLÓGICOS,875606.0,875606.0,875606.0,0.0,2026-09-21,2026-09-28,2027-09-28,,,2026-09-25T01:11:42,2026-09-25T01:11:42,False,1,0,False,False,1458054,,,,,10061.057054/202623,07954480000179-2-035859/2026,Secretaria do Planejamento e Gestão do Ceará,07954480000179,ESTADO DO CEARA,N,E,8,Serviços,1,Contrato (termo inicial),Ceará,CE,Fortaleza,101331,HOSPITAL E MATERNIDADE DA POLÍCIA MILITAR DO CEARÁ JOSÉ MARTINIANO DE ALENCAR,2304400
07954480000179-1-020569/2026,,,2026,35860,2026-09-25T01:11:44,PJ,63218423000100,ETN LOCADORA E CONSTRUTORA LTDA,,,,AQUISIÇÃO - SERVIÇOS DE TERCEIROS - MANUTENÇÃO E CONSERVAÇÃO DE BENS IMÓVEIS. EEM MANOEL SENHOR DE MELO FILHO - AQUIRAZ - CREDE 1,10000.0,10000.0,10000.0,0.0,2026-09-14,2026-09-28,2027-09-28,,,2026-09-25T01:11:43,2026-09-25T01:11:44,False,1,0,False,False,1457528,,,,,22001.100229/202613,07954480000179-2-035860/2026,Secretaria do Planejamento e Gestão do Ceará,07954480000179,ESTADO DO CEARA,N,E,8,Serviços,1,Contrato (termo inicial),Ceará,CE,Aquiraz,228218,EEM MANOEL SENHOR DE MELO FILHO,2301000
07954480000179-1-020866/2026,,,2026,35861,2026-09-25T01:11:47,PJ,43640754000119,FUNDACAO PARA O REMEDIO POPULAR - FURP,,,,"AQUISIÇÃO DE MEDICAMENTO POR MEIO DE DISPENSA DE LICITAÇÃO - ITEM: AZATIOPRINA, 50MG, COMPRIMIDO SIMPLES OU REVESTIDO",1340518.2,1340518.2,1340518.2,0.0,2026-09-22,2026-09-28,2027-09-28,,,2026-09-25T01:11:45,2026-09-25T01:11:47,False,1,0,False,False,1458597,,,,,24001.062075/202680,07954480000179-2-035861/2026,Secretaria do Planejamento e Gestão do Ceará,07954480000179,ESTADO DO CEARA,N,E,2,Compras,1,Contrato (termo inicial),Ceará,CE,Fortaleza,240001,SECRETARIA DA SAUDE,2304400
07954480000179-1-023484/2026,,,2026,35862,2026-09-25T01:11:51,PJ,07040108000157,COMPANHIA DE AGUA E ESGOTO DO CEARA CAGECE,,,,Contratação da Companhia de Água e Esgoto do Ceará - CAGECE para prestação dos serviços públicos de abastecimento de água tratada e coleta de esgoto sanitário destinados ao atendimento do Centro de Eventos do Ceará - CEC.,22241477.6,370691.2933,22241477.6,0.0,2026-09-17,2026-09-17,2031-09-17,,,2026-09-25T01:11:51,2026-09-25T01:11:51,False,60,0,False,False,1457993,,,,,36001.001377/202661,07954480000179-2-035862/2026,Secretaria do Planejamento e Gestão do Ceará,07954480000179,ESTADO DO CEARA,N,E,8,Serviços,1,Contrato (termo inicial),Ceará,CE,Fortaleza,360001,SECRETARIA DO TURISMO,2304400
07954480000179-1-009585/2024,07954480000179-1-009585/2024-000001,,2026,35863,2026-09-25T01:13:30,PJ,41600131000197,OMEGA DISTRIBUIDORA DE PRODUTOS ALIMENTICIOS LTDA,,,,GÊNEROS DE ALIMENTAÇÃO - EEMTI GENERAL EUDORO CORRÊA -  (SEFOR 1),6188.3,6188.3,6188.3,0.0,2026-09-11,2026-09-28,2027-09-28,,,2026-09-25T01:13:29,2026-09-25T01:13:30,False,1,0,False,False,1457665,,,,,22001.143621/202657,07954480000179-2-035863/2026,Secretaria do Planejamento e Gestão do Ceará,07954480000179,ESTADO DO CEARA,N,E,2,Compras,1,Contrato (termo inicial),Ceará,CE,Fortaleza,228114,EEFM GENERAL EUDORO CORRÊA,2304400
07954480000179-1-014896/2026,,,2026,35864,2026-09-25T01:14:53,PJ,41322314000198,F & L COMERCIO & SERVICOS LTDA,,,,AQUISIÇÃO - MATERIAL DE CONSUMO - GÊNEROS DE ALIMENTAÇÃO - TOORADAS E PÂES 2 - EEFM ALOÍSIO LEO ARLINDO LORSCHEIDER - ITAITINGA - CREDE 1,34734.0,34734.0,34734.0,0.0,2026-08-13,2026-09-28,2027-09-28,,,2026-09-25T01:14:52,2026-09-25T01:14:53,False,1,0,False,False,1451645,,,,,22001.100281/202670,07954480000179-2-035864/2026,Secretaria do Planejamento e Gestão do Ceará,07954480000179,ESTADO DO CEARA,N,E,2,Compras,1,Contrato (termo inicial),Ceará,CE,Itaitinga,228229,EEFM ALOÍSIO LEO ARLINDO LORSCHEIDER,2306256
07954480000179-1-022546/2026,,,2026,35865,2026-09-25T01:16:03,PJ,62459481000155,62.459.481 VITORIA ALVES LIMA,,,,generos de alimentação - EEM JESUS MARIA JOSÉ - (SEFOR 1),13865.12,13865.12,13865.12,0.0,2026-09-09,2026-09-23,2027-05-21,,,2026-09-25T01:16:01,2026-09-25T01:16:03,False,1,0,False,False,1456740,,,,,22001.142401/202614,07954480000179-2-035865/2026,Secretaria do Planejamento e Gestão do Ceará,07954480000179,ESTADO DO CEARA,N,E,2,Compras,1,Contrato (termo inicial),Ceará,CE,Fortaleza,228040,EEF JESUS MARIA JOSÉ,2304400
07954480000179-1-025325/2025,,BRA,2026,35866,2026-09-25T01:16:30,PJ,27383152000177,N.S.S ENGENHARIA EIRELI,,,,REFORMA CIVIL E ELÉTRICA DE DUAS SALAS DE AULA NA EEMTI ANCHIETA - CREDE 1,92000.0,92000.0,92000.0,0.0,2026-08-21,2026-08-21,2027-08-20,,,2026-09-25T01:16:28,2026-09-25T01:16:30,False,1,0,False,False,1453206,,,,,22001.165195/202521,07954480000179-2-035866/2026,Secretaria do Planejamento e Gestão do Ceará,07954480000179,ESTADO DO CEARA,N,E,8,Serviços,1,Contrato (termo inicial),Ceará,CE,Maranguape,228197,COLÉGIO ESTADUAL ANCHIETA,2307700
07954480000179-1-022349/2026,,,2026,35867,2026-09-25T01:17:16,PJ,48394531000132,CAMELOS COMERCIAL LTDA,,,,GENEROS ALIMENTICIOS COT 6/2026 - EEMTI DEPUTADO PAULO BENEVIDES -  (SEFOR 2),35000.0,35000.0,35000.0,0.0,2026-09-11,2026-09-28,2027-09-28,,,2026-09-25T01:17:14,2026-09-25T01:17:16,False,1,0,False,False,1457526,,,,,22001.139526/202659,07954480000179-2-035867/2026,Secretaria do Planejamento e Gestão do Ceará,07954480000179,ESTADO DO CEARA,N,E,2,Compras,1,Contrato (termo inicial),Ceará,CE,Fortaleza,228102,EEM DEPUTADO PAULO BENEVIDES,2304400
07954480000179-1-023061/2026,,,2026,35868,2026-09-25T01:17:20,PJ,66725041000153,66.725.041 MARCELO PEQUENO BARBOSA,,,,Manutenção Banheiro (2) - EEMTI WALDEMAR FALCÃO -  (SEFOR 1),690.0,690.0,690.0,0.0,2026-09-16,2026-09-28,2027-05-26,,,2026-09-25T01:17:17,2026-09-25T01:17:20,False,1,0,False,False,1457591,,,,,22001.143804/202672,07954480000179-2-035868/2026,Secretaria do Planejamento e Gestão do Ceará,07954480000179,ESTADO DO CEARA,N,E,8,Serviços,1,Contrato (termo inicial),Ceará,CE,Fortaleza,228024,EEFM WALDEMAR FALCÃO,2304400
07954480000179-1-022372/2026,,,2026,35869,2026-09-25T01:17:25,PJ,53116510000195,ALANA REBECA DE MARIA,,,,AQUISIÇÃO DE SERVIÇO DE MANUTENÇÃO E CONSERVAÇÃO DE BENS IMÓVEIS - EEMPC JOSÉ FIDELES DE MOURA - SANTANA DO ACARAU - CREDE 6,19499.0,19499.0,19499.0,0.0,2026-09-11,2026-09-28,2027-09-28,,,2026-09-25T01:17:21,2026-09-25T01:17:25,False,1,0,False,False,1457535,,,,,22001.139800/202690,07954480000179-2-035869/2026,Secretaria do Planejamento e Gestão do Ceará,07954480000179,ESTADO DO CEARA,N,E,8,Serviços,1,Contrato (termo inicial),Ceará,CE,Santana do Acaraú,228768,EEM JOSE FIDELES DE MOURA,2312007
07954480000179-1-022479/2026,,,2026,35870,2026-09-25T01:17:28,PJ,48394531000132,CAMELOS COMERCIAL LTDA,,,,GÊNEROS DE ALIMENTAÇÃO - EEMTI PROFESSORA BALBINA JUCÁ DE ALBUQUERQUE - (SEFOR 1),1918.0,1918.0,1918.0,0.0,2026-09-10,2026-09-24,2027-09-24,,,2026-09-25T01:17:26,2026-09-25T01:17:28,False,1,0,False,False,1457374,,,,,22001.140601/202624,07954480000179-2-035870/2026,Secretaria do Planejamento e Gestão do Ceará,07954480000179,ESTADO DO CEARA,N,E,2,Compras,1,Contrato (termo inicial),Ceará,CE,Fortaleza,228002,EEFM PROFESSORA BALBINA JUCÁ DE ALBUQUERQUE,2304400
07954480000179-1-025516/2025,07954480000179-1-025516/2025-000001,,2026,35871,2026-09-25T01:17:32,PJ,29725927000170,BMP DE SOUSA COMERCIAL LTDA ,,,,Alimentação escolar - INSTITUTO CEARENSE DE EDUCAÇÃO DE SURDOS - (SEFOR 2),2042.04,2042.04,2042.04,0.0,2026-09-09,2026-09-09,2027-09-08,,,2026-09-25T01:17:31,2026-09-25T01:17:32,False,1,0,False,False,1457035,,,,,22001.144865/202657,07954480000179-2-035871/2026,Secretaria do Planejamento e Gestão do Ceará,07954480000179,ESTADO DO CEARA,N,E,2,Compras,1,Contrato (termo inicial),Ceará,CE,Fortaleza,228059,INSTITUTO CEARENSE DE EDUCAÇÃO DOS SURDOS,2304400
07954480000179-1-021307/2026,,,2026,35872,2026-09-25T01:17:34,PJ,61342426000118,SETE PRINTER SOLUCOES LTDA,,,,AQUISIÇÃO DE SERVIÇOS GRÁFICOS - EEMPC JOSÉ FIDELES DE MOURA - SANTANA DO ACARAU - CREDE 6,6450.0,6450.0,6450.0,0.0,2026-09-10,2026-09-24,2027-09-24,,,2026-09-25T01:17:33,2026-09-25T01:17:34,False,1,0,False,False,1456764,,,,,22001.092056/202652,07954480000179-2-035872/2026,Secretaria do Planejamento e Gestão do Ceará,07954480000179,ESTADO DO CEARA,N,E,8,Serviços,1,Contrato (termo inicial),Ceará,CE,Santana do Acaraú,228768,EEM JOSE FIDELES DE MOURA,2312007
07954480000179-1-025516/2025,07954480000179-1-025516/2025-000001,,2026,35873,2026-09-25T01:17:36,PJ,29725927000170,BMP DE SOUSA COMERCIAL LTDA ,,,,aquisição de cereais - EEMTI PROFESSORA MARIA MARGARIDA DE CASTRO ALMEIDA -  (SEFOR 3),17696.61,17696.61,17696.61,0.0,2026-09-10,2026-09-25,2027-09-25,,,2026-09-25T01:17:36,2026-09-25T01:17:36,False,1,0,False,False,1457085,,,,,22001.145509/202651,07954480000179-2-035873/2026,Secretaria do Planejamento e Gestão do Ceará,07954480000179,ESTADO DO CEARA,N,E,2,Compras,1,Contrato (termo inicial),Ceará,CE,Fortaleza,228159,EEFM PROFESSORA MARIA MARGARIDA DE CASTRO ALMEIDA,2304400
07954480000179-1-019534/2026,,,2026,35874,2026-09-25T01:17:38,PJ,29062235000190,R P. FREIRE EMPREENDIMENTOS COMERCIO E SERVICOS,,,,Aquisição de gêneros de alimentação ¿ água mineral em garrafão de 20 litros.,6999.9,6999.9,6999.9,0.0,2026-09-08,2026-09-08,2027-09-08,,,2026-09-25T01:17:36,2026-09-25T01:17:38,False,1,0,False,False,1456448,,,,,56032.001965/202644,07954480000179-2-035874/2026,Secretaria do Planejamento e Gestão do Ceará,07954480000179,ESTADO DO CEARA,N,E,2,Compras,1,Contrato (termo inicial),Ceará,CE,Fortaleza,190401,JUNTA COMERCIAL DO ESTADO DO CEARA,2304400
07954480000179-1-022132/2026,,,2026,35875,2026-09-25T01:17:42,PJ,54295751000101,VAZ REFORMAS E CONSTRUCOES LTDA,,,,REPASSE PARA MANUTENÇÃO DAS ESCOLAS - EEFM FIGUEIREDO CORREIA - (SEFOR 3),7400.0,7400.0,7400.0,0.0,2026-09-16,2026-09-24,2027-09-24,,,2026-09-25T01:17:39,2026-09-25T01:17:42,False,1,0,False,False,1457399,,,,,22001.140119/202694,07954480000179-2-035875/2026,Secretaria do Planejamento e Gestão do Ceará,07954480000179,ESTADO DO CEARA,N,E,8,Serviços,1,Contrato (termo inicial),Ceará,CE,Fortaleza,228116,EEFM FIGUEIREDO CORREIA,2304400
07954480000179-1-021789/2026,,,2026,35876,2026-09-25T01:17:44,PJ,48759551000160,48.759.551 ROSYANE FAUSTINO DE OLIVEIRA,,,,"FESTIVIDADES E HOMENAGENS - PROJETO PEDAGOGICO 3°
ANOS DA EEMTI PADRE JOSÉ ALVES DE MACEDO - CREDE 17",4935.0,4935.0,4935.0,0.0,2026-09-14,2026-09-24,2027-09-24,,,2026-09-25T01:17:43,2026-09-25T01:17:44,False,1,0,False,False,1457239,,,,,22001.139530/202617,07954480000179-2-035876/2026,Secretaria do Planejamento e Gestão do Ceará,07954480000179,ESTADO DO CEARA,N,E,8,Serviços,1,Contrato (termo inicial),Ceará,CE,Icó,228563,CERE PADRE JOSÉ ALVES DE MACEDO,2305407
07954480000179-1-021778/2026,,,2026,35877,2026-09-25T01:20:14,PJ,33187562000145,M DE LOURDES G CEDRO,,,,Serviços de terceiros- fornecimento de alimentação para a EEMTI PROFESSORA CARMOSINA FERREIRA GOMES - CREDE  6,62870.0,62870.0,62870.0,0.0,2026-09-16,2026-09-25,2027-09-25,,,2026-09-25T01:18:57,2026-09-25T01:20:14,False,1,0,False,False,1457473,,,,,22001.094683/202628,07954480000179-2-035877/2026,Secretaria do Planejamento e Gestão do Ceará,07954480000179,ESTADO DO CEARA,N,E,7,Obras,1,Contrato (termo inicial),Ceará,CE,Sobral,228356,EEFM PROFESSORA CARMOSINA FERREIRA GOMES,2312908
07954480000179-1-007656/2026,,,2026,35878,2026-09-25T01:20:10,PJ,07312053000197,HIDROSERV CONSTRUÇÕES E PROJETOS EIRELI  ME- ME ,,,,"SERVIÇO DE RECUPERAÇÃO DA COBERTA DO MULTIMEIOS, 02 SALAS DE AULA E BANHEIROS DOS ALUNOS NA EEMTI MARIA AMÉLIA PERDIGÃO SAMPAIO - CREDE 6",91594.36,91594.36,91594.36,0.0,2026-09-17,2026-09-17,2027-01-14,,,2026-09-25T01:20:09,2026-09-25T01:20:10,False,1,0,False,False,1457738,,,,,22001.041544/202600,07954480000179-2-035878/2026,Secretaria do Planejamento e Gestão do Ceará,07954480000179,ESTADO DO CEARA,N,E,8,Serviços,1,Contrato (termo inicial),Ceará,CE,Palmácia,228407,EEM MARIA AMÉLIA PERDIGÃO SAMPAIO,2310100
07954480000179-1-003363/2023,07954480000179-1-003363/2023-000001,,2026,35879,2026-09-25T01:20:18,PJ,10922543000110,KG CONSTRUÇÕES LTDA - EPP,,,,"Serviços comum de Engenharia, para Manutenção Preventiva e Corretiva das instalações Físicas Prediais e Equipamentos Públicos, com fornecimento de mão de obra, materiais e pecas de reposição, por percentual de desconto sobre os preços unitários das tabelas de serviços da SEINFRA 28 e 28.1 para atender o serviço de manutenção predial na EEMTI DOM ALOÍSIO LORSCHEIDER. CT 705/2026.",437311.67,437311.67,437311.67,0.0,2026-09-21,2026-09-25,2027-09-25,,,2026-09-25T01:20:17,2026-09-25T01:20:18,False,1,0,False,False,1458350,,,,,22001.148353/202660,07954480000179-2-035879/2026,Secretaria do Planejamento e Gestão do Ceará,07954480000179,ESTADO DO CEARA,N,E,7,Obras,1,Contrato (termo inicial),Ceará,CE,Fortaleza,220001,SECRETARIA DA EDUCACAO,2304400
07954480000179-1-015389/2026,,,2026,35880,2026-09-25T01:20:39,PJ,54792253000174,54.792.253 EDILANE DOS SANTOS,,,,"REFORMA DOS VESTIÁRIOS, QUADRA DE ESPORTES, BANHEIROS E COZINHA NA EEEP PROFESSOR CÉSAR CAMPELO - SEFOR 3",92000.0,92000.0,92000.0,0.0,2026-08-24,2026-08-24,2027-08-23,,,2026-09-25T01:20:37,2026-09-25T01:20:39,False,1,0,False,False,1453216,,,,,22001.094294/202601,07954480000179-2-035880/2026,Secretaria do Planejamento e Gestão do Ceará,07954480000179,ESTADO DO CEARA,N,E,7,Obras,1,Contrato (termo inicial),Ceará,CE,Fortaleza,228140,EEEP PROFESSOR CÉSAR CAMPELO,2304400
07954480000179-1-020384/2026,,,2026,35881,2026-09-25T01:21:58,PJ,11224603000193,MV COMERCIO VAREJISTA DE GLP LTDA,,,,AQUISIÇÃO - MATERIAL DE CONSUMO - GÁS ENGARRAFADO - Termo de Participação nº 11 - EEM GOVERNADOR ADAUTO BEZERRA - JUAZEIRO DO NORTE - CREDE 19,12686.96,12686.96,12686.96,0.0,2026-08-27,2026-09-25,2027-09-25,,,2026-09-25T01:21:24,2026-09-25T01:21:58,False,1,0,False,False,1454188,,,,,22001.073696/202663,07954480000179-2-035881/2026,Secretaria do Planejamento e Gestão do Ceará,07954480000179,ESTADO DO CEARA,N,E,2,Compras,1,Contrato (termo inicial),Ceará,CE,Juazeiro do Norte,228613,EEM GOVERNADOR ADAUTO BEZERRA,2307304
07954480000179-1-019972/2026,,,2026,35882,2026-09-25T01:23:54,PJ,38404532000167,RODRIGO LUIS LOPES REIS,,,,CONTRATAÇÃO DE EMPRESA ESPECIALIZADA NO FORNECIMENTO DE GÊNEROS ALIMENTÍCIOS.,22699.0,22699.0,22699.0,0.0,2026-09-08,2026-09-08,2027-09-08,,,2026-09-25T01:22:33,2026-09-25T01:23:54,False,1,0,False,False,1456483,,,,,56032.001923/202611,07954480000179-2-035882/2026,Secretaria do Planejamento e Gestão do Ceará,07954480000179,ESTADO DO CEARA,N,E,2,Compras,1,Contrato (termo inicial),Ceará,CE,Fortaleza,190401,JUNTA COMERCIAL DO ESTADO DO CEARA,2304400
07954480000179-1-021427/2026,,,2026,35883,2026-09-25T01:25:18,PJ,11372526000119,FC ALVES DA SILVA EMBALAGENS - ME,,,,SERVIÇOS DE TERCEIRO - MANUTENÇÃO E CONSERVAÇÃO  DE BENS  EIMOVEI - EEMTI PROFESSOR CORONEL JOSÉ AURÉLIO CÂMARA -  (SEFOR 3),14990.0,14990.0,14990.0,0.0,2026-09-11,2026-09-23,2027-09-23,,,2026-09-25T01:24:28,2026-09-25T01:25:18,False,1,0,False,False,1456657,,,,,22001.131944/202606,07954480000179-2-035883/2026,Secretaria do Planejamento e Gestão do Ceará,07954480000179,ESTADO DO CEARA,N,E,8,Serviços,1,Contrato (termo inicial),Ceará,CE,Fortaleza,228126,EEFM PROFESSOR CORONEL JOSÉ AURÉLIO CÂMARA,2304400
07954480000179-1-020726/2026,,,2026,35884,2026-09-25T01:26:24,PJ,53279810000195,53.279.810 JULIANA VITOR PEREIRA,,,,Aquisição de Manutenção de Arcondicionado - EEMTI MONSENHOR DOURADO -  (SEFOR 1),6310.0,6310.0,6310.0,0.0,2026-09-14,2026-09-14,2027-09-08,,,2026-09-25T01:25:48,2026-09-25T01:26:24,False,1,0,False,False,1457303,,,,,22001.144950/202615,07954480000179-2-035884/2026,Secretaria do Planejamento e Gestão do Ceará,07954480000179,ESTADO DO CEARA,N,E,8,Serviços,1,Contrato (termo inicial),Ceará,CE,Fortaleza,228019,EEEP MARWIN,2304400
07954480000179-1-009026/2026,,,2026,35885,2026-09-25T01:28:05,PJ,53029926000176,CSV COMERCIO E SERVICOS LTDA,,,,CONTRATAÇÃO DE SERVIÇO DE TERCEIROS LIMPEZA E CONSERVAÇÃO  EM FAVOR DA EEEP JOSÉ VIDAL ALVES - CANINDE - CREDE 7 -,5944.0,5944.0,5944.0,0.0,2026-09-14,2026-09-28,2027-09-28,,,2026-09-25T01:26:55,2026-09-25T01:28:05,False,1,0,False,False,1457486,,,,,22001.072274/202671,07954480000179-2-035885/2026,Secretaria do Planejamento e Gestão do Ceará,07954480000179,ESTADO DO CEARA,N,E,8,Serviços,1,Contrato (termo inicial),Ceará,CE,Canindé,228763,EEEP JOSE VIDAL ALVES,2302800
07954480000179-1-022578/2026,,,2026,35886,2026-09-25T01:30:38,PJ,63355795000170,63.355.795 LEONARDO DA SILVA QUEIROZ,,,,REPASSE PARA MANUTENÇÃO DE ESCOLAS - INSTALAÇÃO DE CÂMERAS DE SEGURANÇA - EEMTI JOSÉ MARIA PONTES DA ROCHA - CAUCAIA - CREDE 1 -,7740.0,7740.0,7740.0,0.0,2026-09-11,2026-09-28,2027-09-28,,,2026-09-25T01:29:11,2026-09-25T01:30:38,False,1,0,False,False,1457410,,,,,22001.142148/202691,07954480000179-2-035886/2026,Secretaria do Planejamento e Gestão do Ceará,07954480000179,ESTADO DO CEARA,N,E,8,Serviços,1,Contrato (termo inicial),Ceará,CE,Caucaia,228181,EEMTI JOSE MARIA PONTES DA ROCHA,2303709
07954480000179-1-017829/2026,,,2026,35887,2026-09-25T01:30:40,PJ,19848316000166,BIOMEDICAL PROD CIENTIF MED HOSP LTDA,,,,"DISPENSA DE  LICITAÇÃO PARA AQUISIÇÃO DE MATERIAL MÉDICO HOSPITALAR (PRÓTESE DACRON BIFURCADA) PARA USO EM CIRURGIAS DE ALTA COMPLEXIDADE, PELO PERÍODO DE 12 (DOZE) MESES, PARA SUPRIR AS NECESSIDADES OPERACIONAIS DO HOSPITAL GERAL DE FORTALEZA - HGF, UNIDADE VINCULADA À SECRETARIA DA SAÚDE DO ESTADO DO CEARÁ (SESA).",57500.0,4791.6666,57500.0,0.0,2026-09-18,2026-09-28,2027-09-28,,,2026-09-25T01:30:39,2026-09-25T01:30:40,False,12,0,False,False,1458283,,,,,24001.041047/202629,07954480000179-2-035887/2026,Secretaria do Planejamento e Gestão do Ceará,07954480000179,ESTADO DO CEARA,N,E,2,Compras,1,Contrato (termo inicial),Ceará,CE,Fortaleza,241281,HOSPITAL GERAL DE FORTALEZA,2304400
07954480000179-1-012062/2026,,,2026,35888,2026-09-25T01:35:55,PJ,32002167000188,ANTONIO VANDERLAU PEREIRA DE ARAUJO,,,,MANUTENÇÃO E CONSERVAÇÃO DE MÁQUINAS E EQUIPAMENTOS ( AR-CONDICIONADO) EM FAVOR DA EEEP IRMÃ ANA ZÉLIA DA FONSECA - MILAGRES - CREDE 20,22418.0,22418.0,22418.0,0.0,2026-09-17,2026-09-17,2027-09-16,,,2026-09-25T01:34:34,2026-09-25T01:35:55,False,1,0,False,False,1457634,,,,,22001.090225/202610,07954480000179-2-035888/2026,Secretaria do Planejamento e Gestão do Ceará,07954480000179,ESTADO DO CEARA,N,E,8,Serviços,1,Contrato (termo inicial),Ceará,CE,Milagres,228649,EEEP IRMÃ ANA ZÉLIA DA FONSECA,2308302
07954480000179-1-022686/2026,,,2026,35889,2026-09-25T01:35:48,PJ,11224603000193,MV COMERCIO VAREJISTA DE GLP LTDA,,,,AQUISIÇÃO DE GÁS ENGARRAFADO - EEM PROFESSORA FRANCISCA LINHARES DE SOUSA - EUSEBIO - CREDE 1 -,2280.0,2280.0,2280.0,0.0,2026-09-14,2026-09-28,2027-09-28,,,2026-09-25T01:35:46,2026-09-25T01:35:48,False,1,0,False,False,1457510,,,,,22001.141606/202674,07954480000179-2-035889/2026,Secretaria do Planejamento e Gestão do Ceará,07954480000179,ESTADO DO CEARA,N,E,2,Compras,1,Contrato (termo inicial),Ceará,CE,Eusébio,228219,EEM PROFESSORA FRANCISCA LINHARES DE SOUSA,2304285
07954480000179-1-022036/2026,,,2026,35890,2026-09-25T01:35:51,PJ,31080614000154,H2A COMERCIO E SERVICOS LTDA,,,,SERVIÇOS GRÁFICOS E EDITORIAIS. EEM DIONE MARIA BEZERRA PESSOA - PACAJUS - CREDE 9 -,1845.0,1845.0,1845.0,0.0,2026-09-15,2026-09-28,2027-09-23,,,2026-09-25T01:35:49,2026-09-25T01:35:51,False,1,0,False,False,1457680,,,,,22001.135102/202615,07954480000179-2-035890/2026,Secretaria do Planejamento e Gestão do Ceará,07954480000179,ESTADO DO CEARA,N,E,8,Serviços,1,Contrato (termo inicial),Ceará,CE,Pacajus,228790,EEM DIONE MARIA BEZERRA PESSOA,2309607
07954480000179-1-015241/2026,,,2026,35891,2026-09-25T01:35:52,PJ,11402100000160,"LABORATORIO DE PATOLOGIA COSTA, NOGUEIRA & TAVORA LTDA.",,,,"Contratualização da Ata 28013/2025, por 12 (doze) meses, no valor de R$ 1.095.626,25, para suprir as necessidades do HCASG.",1095626.25,91302.1875,1095626.25,0.0,2026-09-23,2026-09-28,2027-09-28,,,2026-09-25T01:35:52,2026-09-25T01:35:52,False,12,0,False,False,1458808,,,,,24001.080758/202619,07954480000179-2-035891/2026,Secretaria do Planejamento e Gestão do Ceará,07954480000179,ESTADO DO CEARA,N,E,8,Serviços,1,Contrato (termo inicial),Ceará,CE,Fortaleza,241291,HOSPITAL DR CARLOS ALBERTO STUDART GOMES - MESSEJANA,2304400
07954480000179-1-020655/2026,,,2026,35892,2026-09-25T01:35:55,PJ,61342426000118,SETE PRINTER SOLUCOES LTDA,,,,AQUISIÇÃO DE SERVIÇOS GRÁFICOS E EDITORIAIS. EEMTI DEPUTADO UBIRATAN DINIZ DE AGUIAR - CAPISTRANO - CREDE 8,1440.0,1440.0,1440.0,0.0,2026-09-15,2026-09-28,2027-09-28,,,2026-09-25T01:35:53,2026-09-25T01:35:55,False,1,0,False,False,1457816,,,,,22001.080008/202611,07954480000179-2-035892/2026,Secretaria do Planejamento e Gestão do Ceará,07954480000179,ESTADO DO CEARA,N,E,8,Serviços,1,Contrato (termo inicial),Ceará,CE,Palmácia,228403,EEM DEPUTADO UBIRATAN DINIZ AGUIAR,2310100
07954480000179-1-018238/2026,,,2026,35893,2026-09-25T01:37:54,PJ,45060510000192,J CON ASSESSORIA E CONSULTORIA CONTABIL LTDA,,,,Serviços Técnicos Contábeis - EEMTI  PARQUE PRESIDENTE VARGAS -  (SEFOR 3),90.0,90.0,90.0,0.0,2026-09-16,2026-09-28,2027-09-28,,,2026-09-25T01:37:00,2026-09-25T01:37:54,False,1,0,False,False,1457449,,,,,22001.113330/202634,07954480000179-2-035893/2026,Secretaria do Planejamento e Gestão do Ceará,07954480000179,ESTADO DO CEARA,N,E,8,Serviços,1,Contrato (termo inicial),Ceará,CE,Fortaleza,228169,EEFM PARQUE PRESIDENTE VARGAS,2304400
07954480000179-1-022499/2026,,,2026,35894,2026-09-25T01:38:21,PJ,74031709000190,CLEITON MORAIS LOPES ME,,,,Aquisição de Gêneros de Alimentação - EEMTI CORONEL ALFREDO SILVANO - RERIUTABA - CREDE 6 -,20101.93,20101.93,20101.93,0.0,2026-09-10,2026-09-28,2027-09-28,,,2026-09-25T01:38:19,2026-09-25T01:38:21,False,1,0,False,False,1457533,,,,,22001.138563/202640,07954480000179-2-035894/2026,Secretaria do Planejamento e Gestão do Ceará,07954480000179,ESTADO DO CEARA,N,E,2,Compras,1,Contrato (termo inicial),Ceará,CE,Reriutaba,228349,EEM CORONEL ALFREDO SILVANO,2311702
07954480000179-1-022293/2026,,,2026,35895,2026-09-25T01:38:24,PJ,53148729000176,OJUARA COMERCIO E SERVICOS LTDA,,,,GÊNEROS DE ALIMENTAÇÃO - PORTARIA  05 - SALDO - COLÉGIO DA POLÍCIA MILITAR DO CEARÁ GENERAL EDGARD FACÓ - (SEFOR 1),20780.2,20780.2,20780.2,0.0,2026-09-11,2026-09-28,2027-09-28,,,2026-09-25T01:38:23,2026-09-25T01:38:24,False,1,0,False,False,1457679,,,,,22001.139532/202614,07954480000179-2-035895/2026,Secretaria do Planejamento e Gestão do Ceará,07954480000179,ESTADO DO CEARA,N,E,2,Compras,1,Contrato (termo inicial),Ceará,CE,Fortaleza,228034,COLÉGIO DA POLÍCIA MILITAR DO CEARÁ,2304400
07954480000179-1-020685/2026,,,2026,35896,2026-09-25T01:38:27,PJ,53872612000130,N P CONSTRUCOES E SERVICOS,,,,Contratação de empresa para realização de serviços para manutenção e conservação em bens imóveis. CEJA DE SENADOR POMPEU - SENADOR POMPEU - CREDE 14,15298.6,15298.6,15298.6,0.0,2026-09-17,2026-09-17,2027-09-16,,,2026-09-25T01:38:25,2026-09-25T01:38:27,False,1,0,False,False,1457695,,,,,22001.121616/202693,07954480000179-2-035896/2026,Secretaria do Planejamento e Gestão do Ceará,07954480000179,ESTADO DO CEARA,N,E,8,Serviços,1,Contrato (termo inicial),Ceará,CE,Senador Pompeu,228518,CEJA DE SENADOR POMPEU,2312700
07954480000179-1-017361/2026,,,2026,35897,2026-09-25T01:38:28,PJ,45923262000166,FRANCISCO C. M. NETO LTDA,,,,COTAÇÃO ELETRÔNICA Nº 22/2026 - REF. AQUISIÇÃO DE GÊNEROS ALIMENTÍCIOS - ÁGUA MINERAL EM FAVOR DA EEMTI MARIA NEUSA ARAÚJO MOURA - SANTA QUITERIA - CREDE 7,5664.0,5664.0,5664.0,0.0,2026-09-15,2026-09-28,2027-09-28,,,2026-09-25T01:38:27,2026-09-25T01:38:28,False,1,0,False,False,1457692,,,,,22001.102811/202614,07954480000179-2-035897/2026,Secretaria do Planejamento e Gestão do Ceará,07954480000179,ESTADO DO CEARA,N,E,2,Compras,1,Contrato (termo inicial),Ceará,CE,Santa Quitéria,228394,EEM MARIA NEUSA ARAUJO MOURA,2312205
07954480000179-1-020462/2026,,,2026,35898,2026-09-25T01:38:30,PJ,09447062000110,CLESIO MENES BERNARDES LTDA,,,,AQUISIÇÃO COM FORNECIMENTO CONTINUADO DE CAPAS DE INQUÉRITO PARA SUPRIR AS NECESSIDADES DA POLÍCIA CIVIL,38400.0,3200.0,38400.0,0.0,2026-09-21,2026-09-21,2027-09-21,,,2026-09-25T01:38:30,2026-09-25T01:38:30,False,12,0,False,False,1458325,,,,,10051.009035/202618,07954480000179-2-035898/2026,Secretaria do Planejamento e Gestão do Ceará,07954480000179,ESTADO DO CEARA,N,E,2,Compras,1,Contrato (termo inicial),Ceará,CE,Fortaleza,101021,SUPERINTENDENCIA DA POLICIA CIVIL,2304400
07954480000179-1-022754/2026,,,2026,35899,2026-09-25T01:40:27,PJ,66204528000190,VSV COMERCIO E SERVICO LTDA,,,,Gêneros Alimentícios - EEMTI PROFESSORA TELINA BARBOSA DA COSTA -  (SEFOR 2),26874.5,26874.5,26874.5,0.0,2026-09-11,2026-09-28,2027-09-28,,,2026-09-25T01:39:11,2026-09-25T01:40:27,False,1,0,False,False,1457425,,,,,22001.113305/202651,07954480000179-2-035899/2026,Secretaria do Planejamento e Gestão do Ceará,07954480000179,ESTADO DO CEARA,N,E,2,Compras,1,Contrato (termo inicial),Ceará,CE,Fortaleza,228104,EEFM PROFESSORA TELINA BARBOSA DA COSTA,2304400
07954480000179-1-018341/2026,,,2026,35900,2026-09-25T01:40:27,PJ,52344582000127,52.344.582 ANTONIO GOMES DE SOUSA,,,,COTAÇÃO ELETRÔNICA Nº 20260010 ¿ AQUISIÇÃO DE OUTROS SERVIÇOS DE TERCEIROS - MANUTENÇÃO E CONSERVAÇÃO DE BENS IMÓVEIS EM FAVOR DA EEEP MONSENHOR LUÍS XIMENES FREIRE. SANTA QUITERIA - CREDE 7,19626.43,19626.43,19626.43,0.0,2026-09-15,2026-09-28,2027-09-28,,,2026-09-25T01:40:23,2026-09-25T01:40:27,False,1,0,False,False,1457691,,,,,22001.116315/202648,07954480000179-2-035900/2026,Secretaria do Planejamento e Gestão do Ceará,07954480000179,ESTADO DO CEARA,N,E,8,Serviços,1,Contrato (termo inicial),Ceará,CE,Santa Quitéria,228391,EEEP MONSENHOR LUIS XIMENES FREIRE,2312205
07954480000179-1-019136/2026,,,2026,35901,2026-09-25T01:40:31,PJ,40595999000183,VISAC SERVICOS AEROPORTUARIOS LTDA,,,,"Contratação de empresa(s) devidamente qualificada para prestação dos Serviços Auxiliares à Operação, Administração, Manutenção e Conservação dos Aeroportos Regionais de Sobral (SN6L), Camocim (SNWC), São Benedito (SWBE), Crateús (SNWS), Tauá (SDZG), Campos Sales (SNCS), Iguatu (SNIG) e Quixadá (SNQX), de acordo com as normas da Agência Nacional de Aviação Civil (ANAC) e do Departamento de Controle do Espaço Aéreo (DECEA.",10169364.0,847447.0,10169364.0,0.0,2026-09-17,2026-10-01,2027-10-01,,,2026-09-25T01:40:31,2026-09-25T01:40:31,False,12,0,False,False,1458400,,,,,36001.001801/202677,07954480000179-2-035901/2026,Secretaria do Planejamento e Gestão do Ceará,07954480000179,ESTADO DO CEARA,N,E,8,Serviços,1,Contrato (termo inicial),Ceará,CE,Fortaleza,360001,SECRETARIA DO TURISMO,2304400
07954480000179-1-017532/2025,,,2026,35902,2026-09-25T01:43:58,PJ,20754274000183,A K PINHEIRO FARIAS CONSTRUÇÕES -ME,,,,"REFORMA DA COBERTA DO LABORATÓRIO DE AGROINDÚSTRIA, DAS DIVISÓRIAS DOS WC'S E MANUTENÇÃO DOS VESTIÁRIOS, DA ARQUIBANCADA E PISO DA QUADRA DA EEEP PROFESSOR GUSTAVO AUGUSTO LIMA - CREDE 17",92200.0,92200.0,92200.0,0.0,2026-08-10,2026-09-28,2027-09-28,,,2026-09-25T01:43:12,2026-09-25T01:43:58,False,1,0,False,False,1451532,,,,,22001.105334/202568,07954480000179-2-035902/2026,Secretaria do Planejamento e Gestão do Ceará,07954480000179,ESTADO DO CEARA,N,E,8,Serviços,1,Contrato (termo inicial),Ceará,CE,Lavras da Mangabeira,228573,EEEP PROFESSOR GUSTAVO AUGUSTO LIMA,2307502
07954480000179-1-018878/2026,,,2026,35903,2026-09-25T01:45:36,PJ,45060510000192,J CON ASSESSORIA E CONSULTORIA CONTABIL LTDA,,,,SERVIÇOS TÉCNICOS PROFISSIONAIS -CEJA JOSÉ WALTER (SEFOR 1),119.0,119.0,119.0,0.0,2026-09-16,2026-09-28,2027-09-28,,,2026-09-25T01:44:32,2026-09-25T01:45:36,False,1,0,False,False,1457530,,,,,22001.102923/202675,07954480000179-2-035903/2026,Secretaria do Planejamento e Gestão do Ceará,07954480000179,ESTADO DO CEARA,N,E,8,Serviços,1,Contrato (termo inicial),Ceará,CE,Fortaleza,228139,CEJA JOSÉ WALTER,2304400
07954480000179-1-022939/2026,,,2026,35904,2026-09-25T01:46:55,PJ,61804846000179,EDIFICA CONCEPT LTDA,,,,COTAÇÃO ELETRÔNICA Nº 0031/2026 ¿ AQUISIÇÃO DE SERVIÇOS DE TERCEIROS - MANUTENÇÃO E CONSERVAÇÃO DE BENS IMÓVEIS EM FAVOR DA EEMTI NAZARÉ GUERRA - ITATIRA - CREDE 7,5895.0,5895.0,5895.0,0.0,2026-09-15,2026-09-28,2027-09-28,,,2026-09-25T01:46:05,2026-09-25T01:46:55,False,1,0,False,False,1457653,,,,,22001.144003/202624,07954480000179-2-035904/2026,Secretaria do Planejamento e Gestão do Ceará,07954480000179,ESTADO DO CEARA,N,E,2,Compras,1,Contrato (termo inicial),Ceará,CE,Itatira,228384,EEM NAZARÉ GUERRA,2306603
07954480000179-1-019211/2026,07954480000179-1-019211/2026-000001,,2026,35905,2026-09-25T01:48:22,PJ,31080614000154,H2A COMERCIO E SERVICOS LTDA,,,,ARP SERVIÇOS GRÁFICOS H2A PARA A SUPERINTENDÊNCIA DAS ESCOLAS ESTADUAIS DE FORTALEZA (SEFOR 2),5040.0,5040.0,5040.0,0.0,2026-09-17,2026-09-28,2027-09-28,,,2026-09-25T01:48:21,2026-09-25T01:48:22,False,1,0,False,False,1457822,,,,,22001.147031/202601,07954480000179-2-035905/2026,Secretaria do Planejamento e Gestão do Ceará,07954480000179,ESTADO DO CEARA,N,E,8,Serviços,1,Contrato (termo inicial),Ceará,CE,Fortaleza,221002,SUPERINTENDENCIA DAS ESCOLAS ESTADUAIS DE FORTALEZA - SEFOR2,2304400
07954480000179-1-025851/2025,07954480000179-1-025851/2025-000001,,2026,35906,2026-09-25T01:49:01,PJ,51455414000146,COMERCIO MM LTDA,,,,AQUISIÇÃO DE ÁGUA MINERAL 20 LITROS PARA A EEMTI CAMILO BRASILIENSE - EEMTI CAMILO BRASILIENSE - REDENCAO - CREDE 8,5548.12,5548.12,5548.12,0.0,2026-09-11,2026-09-28,2027-09-28,,,2026-09-25T01:49:01,2026-09-25T01:49:01,False,1,0,False,False,1454261,,,,,22001.138401/202610,07954480000179-2-035906/2026,Secretaria do Planejamento e Gestão do Ceará,07954480000179,ESTADO DO CEARA,N,E,2,Compras,1,Contrato (termo inicial),Ceará,CE,Redenção,228408,EEM CAMILO BRASILIENSE,2311603
07954480000179-1-009585/2024,07954480000179-1-009585/2024-000001,,2026,35907,2026-09-25T01:49:42,PJ,41600131000197,OMEGA DISTRIBUIDORA DE PRODUTOS ALIMENTICIOS LTDA,,,,GÊNEROS ALIMENTICIOS - EEMTI ESTADO DO AMAZONAS - (SEFOR 3),3849.0,3849.0,3849.0,0.0,2026-09-16,2026-09-28,2027-09-28,,,2026-09-25T01:49:41,2026-09-25T01:49:42,False,1,0,False,False,1457516,,,,,22001.140362/202611,07954480000179-2-035907/2026,Secretaria do Planejamento e Gestão do Ceará,07954480000179,ESTADO DO CEARA,N,E,2,Compras,1,Contrato (termo inicial),Ceará,CE,Fortaleza,228109,EEFM ESTADO DO AMAZONAS,2304400
07954480000179-1-003363/2023,07954480000179-1-003363/2023-000001,,2026,35908,2026-09-25T01:50:02,PJ,73694788000157,SALINAS EMPREENDIMENTOS E CONSTRUCOES LTDA ,,,,SERVIÇO DE MANUTENÇÃO PREDIAL PARA A FUNECE,20144.6,20144.6,20144.6,0.0,2026-09-18,2026-09-18,2027-09-18,,,2026-09-25T01:50:01,2026-09-25T01:50:02,False,1,0,False,False,1458616,,,,,31032.007478/202664,07954480000179-2-035908/2026,Secretaria do Planejamento e Gestão do Ceará,07954480000179,ESTADO DO CEARA,N,E,8,Serviços,1,Contrato (termo inicial),Ceará,CE,Fortaleza,310101,FUNDACAO UNIVERSIDADE ESTADUAL DO CEARA,2304400
07954480000179-1-018380/2026,,,2026,35909,2026-09-25T01:51:22,PJ,07663719000151,FUNDACAO DEMOCRITO ROCHA,,,,"Contratação de serviços técnicos para desenvolvimento, implementação e avaliação de solução educacional integrada de formação, com a temática ""Infância Protegida: Ações de Educomunicação para Enfrentamento da Violência Sexual contra Crianças e Adolescentes"", no Estado do Ceará.",1513000.0,216142.8571,1513000.0,0.0,2026-08-12,2026-08-12,2027-08-12,,,2026-09-25T01:50:33,2026-09-25T01:51:22,False,7,0,False,False,1450716,,,,,63000.000390/202502,07954480000179-2-035909/2026,Secretaria do Planejamento e Gestão do Ceará,07954480000179,ESTADO DO CEARA,N,E,8,Serviços,1,Contrato (termo inicial),Ceará,CE,Fortaleza,630001,SECRETARIA DOS DIREITOS HUMANOS ,2304400
07954480000179-1-022111/2026,,,2026,35910,2026-09-25T01:53:09,PJ,03783488000169,MILTON C. L. DA SILVA,,,,MANUTENÇÃO E CONSERVAÇÃO DE BENS IMÓVEIS - Retirada do ar e Grafite - EEFM PROFESSOR MÁRIO SCHENBERG -  (SEFOR 3),899.97,899.97,899.97,0.0,2026-09-15,2026-09-28,2027-09-28,,,2026-09-25T01:52:47,2026-09-25T01:53:09,False,1,0,False,False,1457418,,,,,22001.140728/202643,07954480000179-2-035910/2026,Secretaria do Planejamento e Gestão do Ceará,07954480000179,ESTADO DO CEARA,N,E,8,Serviços,1,Contrato (termo inicial),Ceará,CE,Fortaleza,228129,EEFM PROFESSOR MÁRIO SCHEMBERG,2304400
07954480000179-1-021792/2026,,,2026,35911,2026-09-25T01:54:31,PJ,04459123000146,FALPEL COMERCIO LTDA,,,,Aquisição de material de consumo- Gás de Cozinha p45 em favor da EEMTI Coelho Mascarenhas - NOVO ORIENTE -  CREDE 13 -,8000.0,8000.0,8000.0,0.0,2026-09-17,2026-09-28,2027-07-25,,,2026-09-25T01:53:32,2026-09-25T01:54:31,False,1,0,False,False,1457812,,,,,22001.138384/202611,07954480000179-2-035911/2026,Secretaria do Planejamento e Gestão do Ceará,07954480000179,ESTADO DO CEARA,N,E,2,Compras,1,Contrato (termo inicial),Ceará,CE,Novo Oriente,228503,EEM COELHO MASCARENHAS,2309409
07954480000179-1-013629/2026,,,2026,35912,2026-09-25T01:57:26,PJ,07846791000114,NOVETTI LOCACAO E SERVICOS PARA ESCRITORIO LTDA,,,,"Contratação dos Serviços de LOCAÇÃO DE IMPRESSORAS DE CÓDIGO DE BARRAS, de acordo com as especificações e quantitativos previstos no Termo.",59436.0,4953.0,59436.0,0.0,2026-09-23,2026-09-28,2027-09-28,,,2026-09-25T01:57:23,2026-09-25T01:57:26,False,12,0,False,False,1458832,,,,,24001.037898/202677,07954480000179-2-035912/2026,Secretaria do Planejamento e Gestão do Ceará,07954480000179,ESTADO DO CEARA,N,E,8,Serviços,1,Contrato (termo inicial),Ceará,CE,Fortaleza,240424,CENTRO DE HEMATOLOGIA E HEMOTERAPIA DO CEARA  ,2304400
07954480000179-1-021757/2026,,,2026,35913,2026-09-25T02:00:36,PJ,25179741000102,EXPRESSO DISTRIBUIDORA EIRELI,,,,AQUISIÇÃO - MATERIAL DE CONSUMO - MATERIAL DE LIMPEZA E PRODUÇÃO DE HIGIENIZAÇÃO - SALDO - EEMTI MARIA DAS DORES CIDRÃO ALEXANDRINO - TAUA - CREDE 15 -,3848.0,3848.0,3848.0,0.0,2026-09-15,2026-09-25,2027-09-25,,,2026-09-25T02:00:32,2026-09-25T02:00:36,False,1,0,False,False,1457316,,,,,22001.139279/202691,07954480000179-2-035913/2026,Secretaria do Planejamento e Gestão do Ceará,07954480000179,ESTADO DO CEARA,N,E,2,Compras,1,Contrato (termo inicial),Ceará,CE,Tauá,228538,EEM MARIA DAS DORES CIDRÃO ALEXANDRINO,2313302
07954480000179-1-022869/2026,,,2026,35914,2026-09-25T02:00:38,PJ,38404532000167,RODRIGO LUIS LOPES REIS,,,,0032/2026 - AQUISIÇÃO DE GENEROS DE ALIMENTAÇÃO EM FAVOR DA EEEP FRANCISCO PAIVA TAVARES - CARIDADE - CREDE 7 -,1430.0,1430.0,1430.0,0.0,2026-09-11,2026-09-25,2027-09-25,,,2026-09-25T02:00:37,2026-09-25T02:00:38,False,1,0,False,False,1457105,,,,,22001.146962/202684,07954480000179-2-035914/2026,Secretaria do Planejamento e Gestão do Ceará,07954480000179,ESTADO DO CEARA,N,E,2,Compras,1,Contrato (termo inicial),Ceará,CE,Caridade,228765,EEEP FRANCISCO PAIVA TAVARES,2303006
07954480000179-1-014960/2026,,,2026,35915,2026-09-25T02:01:58,PJ,49397092000184,FRANCISCO ANTONIO VICTOR FERREIRA JUNIOR,,,,"CONFECÇÃO DE UNIFORMES, BANDEIRAS E FLÂMULAS - EEMTI GOVERNADOR CÉSAR CALS DE OLIVEIRA FILHO - QUIXADA - CREDE 12 -",1728.0,1728.0,1728.0,0.0,2026-09-15,2026-09-28,2027-09-28,,,2026-09-25T02:01:55,2026-09-25T02:01:58,False,1,0,False,False,1457648,,,,,22001.103932/202683,07954480000179-2-035915/2026,Secretaria do Planejamento e Gestão do Ceará,07954480000179,ESTADO DO CEARA,N,E,8,Serviços,1,Contrato (termo inicial),Ceará,CE,Quixadá,228476,EEM GOVERNADOR CÉSAR CALS DE OLIVEIRA FILHO,2311306
07954480000179-1-016105/2026,,,2026,35916,2026-09-25T02:08:26,PJ,32762666000173,32.762.666 MARIA THAYNARA ALVES RODRIGUES,,,,Aquisição de serviço de terceiros - festividade e homenagens. INSTITUTO DE EDUCAÇÃO DO CEARÁ - (SEFOR 3),2096.0,2096.0,2096.0,0.0,2026-09-16,2026-09-28,2027-09-28,,,2026-09-25T02:07:45,2026-09-25T02:08:26,False,1,0,False,False,1457445,,,,,22001.104021/202673,07954480000179-2-035916/2026,Secretaria do Planejamento e Gestão do Ceará,07954480000179,ESTADO DO CEARA,N,E,8,Serviços,1,Contrato (termo inicial),Ceará,CE,Fortaleza,228120,INSTITUTO DE EDUCAÇÃO DO CEARÁ,2304400
07954480000179-1-018123/2025,,,2026,35917,2026-09-25T02:08:29,PJ,60047365000101,VITTAPLAST COMERCIO DE MOVEIS PLASTICOS LTDA,,,,"Aquisição de Mobiliários em geral para atender à Rede Pública Estadual de Ensino, de acordo com as especificações e quantitativos previstos neste Termo de Referência.                CT 664/2026.",1099800.0,1099800.0,1099800.0,0.0,2026-09-16,2026-09-28,2027-09-28,,,2026-09-25T02:08:29,2026-09-25T02:08:29,False,1,0,False,False,1458918,,,,,22001.140222/202634,07954480000179-2-035917/2026,Secretaria do Planejamento e Gestão do Ceará,07954480000179,ESTADO DO CEARA,N,E,2,Compras,1,Contrato (termo inicial),Ceará,CE,Fortaleza,220001,SECRETARIA DA EDUCACAO,2304400
07954480000179-1-019225/2025,,,2026,35918,2026-09-25T02:08:30,PJ,41597303000110,NEWLAND VEÍCULOS LTDA,,,,"Referente à aquisição de 1 (um) veículo do tipo SUV, conforme previsto no Termo de Convênio nº 963084/2024, cujo objeto é o Estruturação e o Fortalecimento dos Organismos de Políticas para as Mulheres (OPMs).",148086.48,12340.54,148086.48,0.0,2026-09-17,2026-09-17,2027-09-17,,,2026-09-25T02:08:30,2026-09-25T02:08:30,False,12,0,False,False,1457880,,,,,62000.001015/202517,07954480000179-2-035918/2026,Secretaria do Planejamento e Gestão do Ceará,07954480000179,ESTADO DO CEARA,N,E,2,Compras,1,Contrato (termo inicial),Ceará,CE,Fortaleza,620001,SECRETARIA DAS MULHERES,2304400
07954480000179-1-021387/2026,,,2026,35919,2026-09-25T02:12:09,PJ,64662955000197,A. CARLOS FERREIRA DOS SANTOS LTDA,,,,AQUISIÇÃO DE ALIMENTAÇÃO ESCOLAR REFERENTE AO SEGUNDO SEMESTRE DO ANO LETIVO EM FAVOR DA ESCOLA INDÍGENA RAÍZES DE CRATEÚS - CRATEUS - CREDE 13,3150.0,3150.0,3150.0,0.0,2026-09-11,2026-09-28,2027-09-28,,,2026-09-25T02:11:12,2026-09-25T02:12:09,False,1,0,False,False,1455217,,,,,22001.134619/202697,07954480000179-2-035919/2026,Secretaria do Planejamento e Gestão do Ceará,07954480000179,ESTADO DO CEARA,N,E,2,Compras,1,Contrato (termo inicial),Ceará,CE,Crateús,228665,ESCOLA INDÍGENA RAÍZES DE CRATEÚS,2304103
07954480000179-1-022835/2026,,,2026,35920,2026-09-25T02:13:47,PJ,53066849000124,M.G.C. DE ALMEIDA GOMES,,,,AQUISIÇÃO DE GÊNEROS DE ALIMENTAÇÃO- POLPA DE GRAVIOLA - EEMTI PADRE LUÍS FILGUEIRAS - NOVA OLINDA - CREDE 18,2730.56,2730.56,2730.56,0.0,2026-09-11,2026-09-28,2027-09-28,,,2026-09-25T02:12:10,2026-09-25T02:13:47,False,1,0,False,False,1457507,,,,,22001.143143/202685,07954480000179-2-035920/2026,Secretaria do Planejamento e Gestão do Ceará,07954480000179,ESTADO DO CEARA,N,E,2,Compras,1,Contrato (termo inicial),Ceará,CE,Nova Olinda,228590,EEFM PADRE LUÍS FILGUEIRAS,2309201
07954480000179-1-022245/2026,,,2026,35921,2026-09-25T02:18:48,PJ,62489423000174,M. ALEXSSANDRA DIOGENES RODRIGUES LTDA,,,,MANUTENÇÃO E CONSERVAÇÃO DE BENS IMÓVEIS-SERVIÇO DE PINTURA EM PISO NO CEJA GUILHERME GOUVEIA - CREDE 4,1350.0,1350.0,1350.0,0.0,2026-09-15,2026-09-28,2027-09-23,,,2026-09-25T02:17:26,2026-09-25T02:18:48,False,1,0,False,False,1457413,,,,,22001.140192/202666,07954480000179-2-035921/2026,Secretaria do Planejamento e Gestão do Ceará,07954480000179,ESTADO DO CEARA,N,E,8,Serviços,1,Contrato (termo inicial),Ceará,CE,Granja,228298,CEJA GUILHERME GOUVEIA,2304707
07954480000179-1-012958/2026,,,2026,35922,2026-09-25T02:18:41,PJ,53279810000195,53.279.810 JULIANA VITOR PEREIRA,,,,AQUISIÇÃO - SERVIÇOS DE TERCEIROS - MANUTENÇÃO E CONSERVAÇÃO DE MÁQUINAS E EQUIPAMENTOS - EEMTI SANTA TEREZA - ALTANEIRA - CREDE 18,7008.0,7008.0,7008.0,0.0,2026-09-15,2026-09-28,2027-09-28,,,2026-09-25T02:18:39,2026-09-25T02:18:41,False,1,0,False,False,1457512,,,,,22001.079079/202671,07954480000179-2-035922/2026,Secretaria do Planejamento e Gestão do Ceará,07954480000179,ESTADO DO CEARA,N,E,8,Serviços,1,Contrato (termo inicial),Ceará,CE,Altaneira,228585,EEM SANTA TEREZA,2300606
07954480000179-1-003263/2023,07954480000179-1-003263/2023-000001,,2026,35923,2026-09-25T02:18:47,PJ,08747635000169,ROSS MEDICAL LTDA,,,,"CONTRATUALIZAÇÃO DO SALDO DISPONÍVEL DA ATA DE REGISTRO DE PREÇO Nº 2024/28293 (FRASCO, COLETOR PARA FLUIDOS ORGANICO, ENTRE 1000 A 2000ML, BOLSA COLETORA, SISTEMA FECHADO, SEM VALVULA ANTI-TRANSBORDAMENTO - COM VALVULA HIDROFOBICA ANTITRANSBORDAMENTO E DIAFRAGMA UNIDIRECIONAL ANTIRREFLUXO E VALVULA HIDROFOBICA ANTI-TRANSBORDAMENTO), PELO PERÍODO DE 12 (DOZE)MESES, PARA ATENDER AS NECESSIDADES DO HOSPITAL GERAL DE FORTALEZA - HGF/SESA. FORNECEDOR: ROSS MEDICAL LTDA",717600.0,59800.0,717600.0,0.0,2026-09-21,2026-09-28,2027-09-28,,,2026-09-25T02:18:47,2026-09-25T02:18:47,False,12,0,False,False,1458764,,,,,24001.066725/202666,07954480000179-2-035923/2026,Secretaria do Planejamento e Gestão do Ceará,07954480000179,ESTADO DO CEARA,N,E,2,Compras,1,Contrato (termo inicial),Ceará,CE,Fortaleza,241281,HOSPITAL GERAL DE FORTALEZA,2304400
07954480000179-1-022550/2026,,,2026,35924,2026-09-25T02:18:49,PJ,57844287000153,M & F PRODUTOS SERVICOS E LOCACOES LTDA,,,,COTAÇÃO ELETRÔNICA Nº 20260024 REF MATERIAL DE CONSUMO (339030) GÊNEROS DE ALIMENTAÇÃO (ÁGUA MINERAL GARRAFÃO 20 L) EM FAVOR D.OS ALUNOS DA ESCOLA CEJA FREI JOSÉ ADEMIR DE ALMEIDA - CANINDE - CREDE 7,1270.65,1270.65,1270.65,0.0,2026-09-15,2026-09-28,2027-09-28,,,2026-09-25T02:18:48,2026-09-25T02:18:49,False,1,0,False,False,1457652,,,,,22001.142465/202615,07954480000179-2-035924/2026,Secretaria do Planejamento e Gestão do Ceará,07954480000179,ESTADO DO CEARA,N,E,2,Compras,1,Contrato (termo inicial),Ceará,CE,Canindé,228395,CEJA FREI JOSE ADEMIR DE ALMEIDA,2302800
07954480000179-1-021691/2026,,,2026,35925,2026-09-25T02:18:51,PJ,19153173000178,ANTONIO ELTON BARBOSA DE MESQUITA 01647581354,,,,Aquisição de água mineral (saldo) em favor da EFA Padre Eliésio dos Santos - IPUEIRAS - CREDE 13 -,4841.6,4841.6,4841.6,0.0,2026-09-17,2026-09-17,2027-09-16,,,2026-09-25T02:18:50,2026-09-25T02:18:51,False,1,0,False,False,1457819,,,,,22001.139328/202695,07954480000179-2-035925/2026,Secretaria do Planejamento e Gestão do Ceará,07954480000179,ESTADO DO CEARA,N,E,2,Compras,1,Contrato (termo inicial),Ceará,CE,Ipueiras,228886,ESCOLA AGRICOLA PADRE ELIESIO DOS SANTOS,2305902
23555196000186-1-000189/2025,23555196000186-1-000189/2025-000005,,2026,712,2026-09-25T07:30:09,PJ,15340288000110,ATOS EDICOES LTDA,,,,"AQUISIÇÕES DE LIVROS DIDÁTICOS E PARADIDÁTICOS, DESTINADOS AOS ALUNOS DA EDUCAÇÃO INFANTIL E ENSINO FUNDAMENTAL (ANOS INICIAIS E ANOS FINAIS), SOB A RESPONSABILIDADE DA SECRETARIA MUNICIPAL DE EDUCAÇÃO.",3906973.0,3906973.0,3906973.0,,2026-09-23,2026-09-23,2026-12-31,,,2026-09-25T07:30:09,2026-09-25T07:30:09,False,1,0,False,False,2026.09.23.1,"AQUISIÇÃO DOS LOTES  05, 07 E 08",,,,PE Nº2025.11.25.1,23555196000186-2-000712/2026,Compras.gov.br,23555196000186,MUNICIPIO DE HORIZONTE,N,M,2,Compras,1,Contrato (termo inicial),Ceará,CE,Horizonte,981253,PREFEITURA MUNICIPAL DE HORIZONTE - CE,2305233
23555196000186-1-000189/2025,23555196000186-1-000189/2025-000004,,2026,713,2026-09-25T07:35:28,PJ,12529451000108,EDITORA PETER ROHL LTDA,,,,"AQUISIÇÕES DE LIVROS DIDÁTICOS E PARADIDÁTICOS, DESTINADOS AOS ALUNOS DA EDUCAÇÃO INFANTIL E ENSINO FUNDAMENTAL (ANOS INICIAIS E ANOS FINAIS), SOB A RESPONSABILIDADE DA SECRETARIA MUNICIPAL DE EDUCAÇÃO",649966.4,649966.4,649966.4,,2026-09-23,2026-09-23,2026-12-31,,,2026-09-25T07:35:28,2026-09-25T07:35:28,False,1,0,False,False,2026.09.23.2,AQUISIÇÃO DO LOTE 4,,,,PE Nº2025.11.25.1,23555196000186-2-000713/2026,Compras.gov.br,23555196000186,MUNICIPIO DE HORIZONTE,N,M,2,Compras,1,Contrato (termo inicial),Ceará,CE,Horizonte,981253,PREFEITURA MUNICIPAL DE HORIZONTE - CE,2305233
00394494000136-1-000918/2025,00394494000136-1-000918/2025-000006,,2026,2008,2026-09-25T07:45:22,PJ,32159298000173,KL LOCACAO E COMERCIO DE EQUIPAMENTOS DE INFORMATICA LTDA,,,,AQUISIÇÃO DE EQUIPAMENTOS DE INFORMÁTICA MONITOR DE VÍDEO DE 23 E 27 POLEGADAS.,121140.0,121140.0,121140.0,,2026-09-24,2026-09-24,2027-09-24,,,2026-09-25T07:45:21,2026-09-25T07:45:22,False,1,0,True,False,00016,,,,False,08270.010877/2026-88,00394494000136-2-002008/2026,Contratos.gov.br,00394494000136,MINISTERIO DA JUSTICA E SEGURANCA PUBLICA,E,F,3,Informática (TIC),1,Contrato (termo inicial),Ceará,CE,Fortaleza,200392,SUPERINTENDENCIA REG.DEP.POLICIA FEDERAL - CE,2304400
07954480000179-1-022104/2026,,,2026,35926,2026-09-26T00:01:23,PJ,21144904000160,SANDLAB ARTIGOS PARA LABORATORIO LTDA,,,,AQUISIÇÃO DE MATERIAL LABORATORIAL À FAVOR DA EEEP EUSÉBIO DE QUEIROZ - EUSEBIO - CREDE 1,4849.0,4849.0,4849.0,0.0,2026-09-23,2026-09-23,2026-12-31,,,2026-09-26T00:01:18,2026-09-26T00:01:23,False,1,0,False,False,1455790,,,,False,22001.139990/202645,07954480000179-2-035926/2026,Secretaria do Planejamento e Gestão do Ceará,07954480000179,ESTADO DO CEARA,N,E,2,Compras,7,Empenho,Ceará,CE,Caucaia,228223,EEEP EUSÉBIO DE QUEIROZ,2303709
07954480000179-1-021948/2026,,,2026,35927,2026-09-26T00:01:31,PJ,63430761000101,F7 COMERCIAL E SERVICOS LTDA,,,,AQUISIÇÃO - MATERIAL DE CONSUMO - MATERIAL DE EXPEDIENTE - EEMTI LIONS JANGADA -  (SEFOR 1),1995.7,1995.7,1995.7,0.0,2026-09-22,2026-09-22,2026-12-31,,,2026-09-26T00:01:27,2026-09-26T00:01:31,False,1,0,False,False,1457199,,,,False,22001.139178/202610,07954480000179-2-035927/2026,Secretaria do Planejamento e Gestão do Ceará,07954480000179,ESTADO DO CEARA,N,E,2,Compras,7,Empenho,Ceará,CE,Fortaleza,228017,EEFM LIONS JANGADA,2304400
07954480000179-1-006865/2025,07954480000179-1-006865/2025-000001,,2026,35928,2026-09-26T00:01:46,PJ,52332054000158,FG COMERCIO TENDTUDO LTDA,,,,Aquisição de GRAMPOS.,488.25,488.25,488.25,0.0,2026-09-22,2026-09-22,2026-12-31,,,2026-09-26T00:01:44,2026-09-26T00:01:46,False,1,0,False,False,1457417,,,,False,47001.018364/202647,07954480000179-2-035928/2026,Secretaria do Planejamento e Gestão do Ceará,07954480000179,ESTADO DO CEARA,N,E,2,Compras,7,Empenho,Ceará,CE,Fortaleza,470001,"SECRETARIA DA PROTEÇÃO SOCIAL, JUSTIÇA, CIDADANIA, MULHERES E DH",2304400
07954480000179-1-021881/2026,,,2026,35929,2026-09-26T00:02:05,PJ,57546670000125,LIARTES PAPELARIA LTDA,,,,MATERIAL DE EXPEDIENTE (DIVERSOS III) - EEMTI RAIMUNDO GOMES DE CARVALHO - (SEFOR 1),3158.0,3158.0,3158.0,0.0,2026-09-22,2026-09-22,2026-12-31,,,2026-09-26T00:01:56,2026-09-26T00:02:05,False,1,0,False,False,1456706,,,,False,22001.138296/202619,07954480000179-2-035929/2026,Secretaria do Planejamento e Gestão do Ceará,07954480000179,ESTADO DO CEARA,N,E,2,Compras,7,Empenho,Ceará,CE,Fortaleza,228030,CAIC RAIMUNDO GOMES DE CARVALHO,2304400
07954480000179-1-011423/2025,07954480000179-1-011423/2025-000001,,2026,35930,2026-09-26T00:02:23,PJ,62042351000112,ALD COMERCIO DE MATERIAIS EM GERAL LTDA,,,,"RECURSO DESTINADO AQUISIÇÃO DE MATERIAL DE EXPEDIENTE, REFERENTE A ATA DO RP 2025/08607 - PARA O HSJ.",7040.0,7040.0,7040.0,0.0,2026-09-22,2026-09-22,2026-12-31,,,2026-09-26T00:02:22,2026-09-26T00:02:23,False,1,0,False,False,1456908,,,,False,24001.078354/202665,07954480000179-2-035930/2026,Secretaria do Planejamento e Gestão do Ceará,07954480000179,ESTADO DO CEARA,N,E,2,Compras,7,Empenho,Ceará,CE,Fortaleza,241331,HOSPITAL SAO JOSE DE DOENCAS INFECCIOSAS,2304400
07954480000179-1-019892/2026,,,2026,35931,2026-09-26T00:02:34,PJ,67605984000105,67.605.984 ANTONIO DANIEL MIGUEL DOS SANTOS,,,,"Aquisição de materiais diversos de informática para uso da Assessoria de Tecnologia
da Informação ¿ ASTIN, conforme especificações, quantitativos e demais dispositivos constantes
deste Termo de Referência. EMPRESA ANTONIO DANIEL MIGUEL DOS SANTOS.",1198.0,1198.0,1198.0,0.0,2026-09-22,2026-09-22,2026-12-31,,,2026-09-26T00:02:26,2026-09-26T00:02:34,False,1,0,False,False,1458045,,,,False,22001.129138/202660,07954480000179-2-035931/2026,Secretaria do Planejamento e Gestão do Ceará,07954480000179,ESTADO DO CEARA,N,E,2,Compras,7,Empenho,Ceará,CE,Fortaleza,220001,SECRETARIA DA EDUCACAO,2304400
07954480000179-1-022447/2025,07954480000179-1-022447/2025-000001,,2026,35932,2026-09-26T00:02:45,PJ,09092152000136,EMMARKA DISTRIBUIDORADE MEDICAMENTOS LTDA,,,,"MEROPENEM, 1G, PO PARA SOLUCAO INJETAVEL, FRASCO/AMPOLA, UNIDADE 1.0 FRASCO / AMPOLA",207323.45,207323.45,207323.45,0.0,2026-09-22,2026-09-22,2026-12-31,,,2026-09-26T00:02:42,2026-09-26T00:02:45,False,1,0,False,False,1458126,,,,False,24001.081096/202602,07954480000179-2-035932/2026,Secretaria do Planejamento e Gestão do Ceará,07954480000179,ESTADO DO CEARA,N,E,2,Compras,7,Empenho,Ceará,CE,Fortaleza,980008,Célula de Execução de Compras de Recursos Biomédicos,2304400
07954480000179-1-024410/2025,07954480000179-1-024410/2025-000001,,2026,35933,2026-09-26T00:02:54,PJ,02600770000109,COMERCIAL VALFARMA EIRELI,,,,"AQUISIÇÃO DE HEPARINA SODICA, SUINA, 5.000UI/ML, SOLUCAO INJETAVEL, FRASCO AMPOLA 5ML. PARA ATENDER A UNIDADE DE SAÚDE DO ESTADO DO CEARÁ/SESA",35214.67,35214.67,35214.67,0.0,2026-09-22,2026-09-22,2026-12-31,,,2026-09-26T00:02:51,2026-09-26T00:02:54,False,1,0,False,False,1458340,,,,False,24001.081080/202691,07954480000179-2-035933/2026,Secretaria do Planejamento e Gestão do Ceará,07954480000179,ESTADO DO CEARA,N,E,2,Compras,7,Empenho,Ceará,CE,Fortaleza,980008,Célula de Execução de Compras de Recursos Biomédicos,2304400
07954480000179-1-023583/2024,07954480000179-1-023583/2024-000001,,2026,35934,2026-09-26T00:03:07,PJ,05329222000176,SELLENE COMÉRCIO E REPRESENTAÇÕES LTDA,,,,Aquisição de gênero alimentício por meio da ATA N° 2025/29925 para atender as necessidades do HCASG.,4569.6,4569.6,4569.6,0.0,2026-09-23,2026-09-23,2026-12-31,,,2026-09-26T00:03:04,2026-09-26T00:03:07,False,1,0,False,False,1458485,,,,False,24001.075084/202631,07954480000179-2-035934/2026,Secretaria do Planejamento e Gestão do Ceará,07954480000179,ESTADO DO CEARA,N,E,2,Compras,7,Empenho,Ceará,CE,Fortaleza,241291,HOSPITAL DR CARLOS ALBERTO STUDART GOMES - MESSEJANA,2304400
07954480000179-1-023583/2024,07954480000179-1-023583/2024-000001,,2026,35935,2026-09-26T00:03:19,PJ,05329222000176,SELLENE COMÉRCIO E REPRESENTAÇÕES LTDA,,,,Aquisição de gênero alimentício por meio da ATA N° 2025/29925 para atender as necessidades do HCASG.,3998.4,3998.4,3998.4,0.0,2026-09-23,2026-09-23,2026-12-31,,,2026-09-26T00:03:17,2026-09-26T00:03:19,False,1,0,False,False,1458491,,,,False,24001.075082/202641,07954480000179-2-035935/2026,Secretaria do Planejamento e Gestão do Ceará,07954480000179,ESTADO DO CEARA,N,E,2,Compras,7,Empenho,Ceará,CE,Fortaleza,241291,HOSPITAL DR CARLOS ALBERTO STUDART GOMES - MESSEJANA,2304400
07954480000179-1-026113/2025,07954480000179-1-026113/2025-000001,,2026,35936,2026-09-26T00:03:27,PJ,18545564000175,GOLD NUTRI COMERCIO DE PRODUTOS NUTRICIONAIS E HOSPITALARES LTDA,,,,"ATA de registro de preços Nº 2026/28902, Pregão eletrônico  20251716, que tem como objeto aquisição - GÊNEROS DE ALIMENTAÇÃO",29820.0,29820.0,29820.0,0.0,2026-09-23,2026-09-23,2026-12-31,,,2026-09-26T00:03:24,2026-09-26T00:03:27,False,1,0,False,False,1458563,,,,False,24001.077074/202630,07954480000179-2-035936/2026,Secretaria do Planejamento e Gestão do Ceará,07954480000179,ESTADO DO CEARA,N,E,2,Compras,7,Empenho,Ceará,CE,Fortaleza,241311,HOSPITAL INFANTIL DR. ALBERT SABIN,2304400
07954480000179-1-022694/2025,07954480000179-1-022694/2025-000001,,2026,35937,2026-09-26T00:03:36,PJ,26325797000190,EREMIX INDÚSTRIA DE ALIMENTOS ESPECIAIS LTDA,,,,"ATA de registro de preços Nº  2026/01014, Pregão eletrônico  20251212, que tem como objeto aquisição - GÊNEROS DE ALIMENTAÇÃO",1406.25,1406.25,1406.25,0.0,2026-09-23,2026-09-23,2026-12-31,,,2026-09-26T00:03:33,2026-09-26T00:03:36,False,1,0,False,False,1458781,,,,False,24001.067404/202689,07954480000179-2-035937/2026,Secretaria do Planejamento e Gestão do Ceará,07954480000179,ESTADO DO CEARA,N,E,2,Compras,7,Empenho,Ceará,CE,Fortaleza,241311,HOSPITAL INFANTIL DR. ALBERT SABIN,2304400
07954480000179-1-022614/2026,,,2026,35938,2026-09-26T00:03:52,PJ,66204528000190,VSV COMERCIO E SERVICO LTDA,,,,AQUISIÇÃO MATERIAL EXPEDIENTE - EEM PROFESSORA FRANCISCA LINHARES DE SOUSA - EUSEBIO - CREDE 1 -,2496.15,2496.15,2496.15,0.0,2026-09-23,2026-09-23,2026-12-31,,,2026-09-26T00:03:43,2026-09-26T00:03:52,False,1,0,False,False,1456286,,,,False,22001.141597/202611,07954480000179-2-035938/2026,Secretaria do Planejamento e Gestão do Ceará,07954480000179,ESTADO DO CEARA,N,E,2,Compras,7,Empenho,Ceará,CE,Eusébio,228219,EEM PROFESSORA FRANCISCA LINHARES DE SOUSA,2304285
07954480000179-1-023062/2026,,,2026,35939,2026-09-26T00:04:07,PJ,28419096000146,FRANCISCO SOARES LIMA 37998331372,,,,Gás Engarrafado (Recarga de Extintores) - EEMTI WALDEMAR FALCÃO - (SEFOR 1),660.0,660.0,660.0,0.0,2026-09-22,2026-09-22,2026-12-31,,,2026-09-26T00:03:58,2026-09-26T00:04:07,False,1,0,False,False,1457518,,,,False,22001.143834/202689,07954480000179-2-035939/2026,Secretaria do Planejamento e Gestão do Ceará,07954480000179,ESTADO DO CEARA,N,E,2,Compras,7,Empenho,Ceará,CE,Fortaleza,228024,EEFM WALDEMAR FALCÃO,2304400
07954480000179-1-022291/2026,,,2026,35940,2026-09-26T00:04:20,PJ,05551355000192,M A CAVALCANTE GOMES MIUDEZAS - ME,,,,AQUISIÇÃO MATERIAL DE LIMPEZA - EEMPC JOSÉ FIDELES DE MOURA - SANTANA DO ACARAU - CREDE 6 -,4986.87,4986.87,4986.87,0.0,2026-09-22,2026-09-22,2026-12-31,,,2026-09-26T00:04:13,2026-09-26T00:04:20,False,1,0,False,False,1457557,,,,False,22001.138733/202696,07954480000179-2-035940/2026,Secretaria do Planejamento e Gestão do Ceará,07954480000179,ESTADO DO CEARA,N,E,2,Compras,7,Empenho,Ceará,CE,Santana do Acaraú,228768,EEM JOSE FIDELES DE MOURA,2312007
07954480000179-1-021752/2026,,,2026,35941,2026-09-26T00:04:38,PJ,15495136000197,G PAULO MULT COMERCIO E SERVICOS,,,,"Aquisição de Material de Expediente para atender a demanda da EEMTI Franklin Távora, ano 2026. ITAPIUNA - CREDE 8 -",795.0,795.0,795.0,0.0,2026-09-23,2026-09-23,2026-12-31,,,2026-09-26T00:04:31,2026-09-26T00:04:38,False,1,0,False,False,1457726,,,,False,22001.138871/202675,07954480000179-2-035941/2026,Secretaria do Planejamento e Gestão do Ceará,07954480000179,ESTADO DO CEARA,N,E,2,Compras,7,Empenho,Ceará,CE,Itapiúna,228397,EEM FRANKLIN TÁVORA,2306504
07954480000179-1-019942/2026,,,2026,35942,2026-09-26T00:04:51,PJ,34293772000180,TASTLO SOLUCOES INTEGRADAS EM PRODUTOS E SERVICOS LTDA,,,,AQUISIÇÃO DE BIOIMPEDÂNCIA COM O OBJETIVO DE ANALISAR COMPOSIÇÃO CORPORAL DE PRECISÕES APLICÁVEIS AOS PROJETOS DE PESQUISA DO PROGRAMA DE PÓS-GRADUAÇÃO EM NUTRIÇÃO E SAÚDE DA UECE.,17500.0,17500.0,17500.0,0.0,2026-09-22,2026-09-22,2026-12-31,,,2026-09-26T00:04:44,2026-09-26T00:04:51,False,1,0,False,False,1457884,,,,False,31032.006657/202684,07954480000179-2-035942/2026,Secretaria do Planejamento e Gestão do Ceará,07954480000179,ESTADO DO CEARA,N,E,2,Compras,7,Empenho,Ceará,CE,Fortaleza,310101,FUNDACAO UNIVERSIDADE ESTADUAL DO CEARA,2304400
07954480000179-1-020286/2026,,BRA,2026,35943,2026-09-26T00:05:00,PF,33010862334,MARIA VANDA LUCIA BANDEIRA SILVA,,,,CONTRATAÇÃO DE ARTESÃO DE PEÇAS ARTESANAIS PARA AS LOJAS CEART PORTARIA 094/2025.,4980.0,4980.0,4980.0,0.0,2026-09-23,2026-09-23,2026-12-31,,,2026-09-26T00:04:56,2026-09-26T00:05:00,False,1,0,False,False,1457967,,,,False,47001.014711/202662,07954480000179-2-035943/2026,Secretaria do Planejamento e Gestão do Ceará,07954480000179,ESTADO DO CEARA,N,E,2,Compras,7,Empenho,Ceará,CE,Fortaleza,470001,"SECRETARIA DA PROTEÇÃO SOCIAL, JUSTIÇA, CIDADANIA, MULHERES E DH",2304400
07954480000179-1-023374/2026,,,2026,35944,2026-09-26T00:05:27,PJ,66848160000101,NEXUS COMERCIO E SERVICOS DE LICITACOES LTDA,,,,FERRAMENTAS - EEEP DARCY RIBEIRO - (SEFOR 3),155.0,155.0,155.0,0.0,2026-09-22,2026-09-22,2026-12-31,,,2026-09-26T00:05:11,2026-09-26T00:05:27,False,1,0,False,False,1457979,,,,False,22001.144007/202611,07954480000179-2-035944/2026,Secretaria do Planejamento e Gestão do Ceará,07954480000179,ESTADO DO CEARA,N,E,2,Compras,7,Empenho,Ceará,CE,Fortaleza,228672,EEEP DARCY RIBEIRO,2304400
07954480000179-1-025170/2025,07954480000179-1-025170/2025-000001,,2026,35945,2026-09-26T00:05:34,PJ,73856593000166,PRATI DONADUZZI & CIA LTDA,,,,"Aquisição do item (CIPROFLOXACINO, CLORIDRATO), objetivando o atendimento das demandas da Saúde Prisional do Estado do Ceará.",1428.0,1428.0,1428.0,0.0,2026-09-23,2026-09-23,2026-12-31,,,2026-09-26T00:05:32,2026-09-26T00:05:34,False,1,0,False,False,1458096,,,,False,24001.080175/202698,07954480000179-2-035945/2026,Secretaria do Planejamento e Gestão do Ceará,07954480000179,ESTADO DO CEARA,N,E,2,Compras,7,Empenho,Ceará,CE,Fortaleza,980009,Saúde Prisional - Superintendência da Região de Fortaleza,2304400
07954480000179-1-020276/2025,07954480000179-1-020276/2025-000001,,2026,35946,2026-09-26T00:05:44,PJ,28153691000182,LUZ INTERMED PRODUTOS HOSPITALARES LTDA,,,,"AQUISICAO DE OPME PARA ATENDER DEMANDA ADMINISTRATIVA - COMUNICAÇÃO INTERNA Nº 000161/2026/SESA/CEDEF
NUP: 24001.081007/2026-10",5400.0,5400.0,5400.0,0.0,2026-09-22,2026-09-22,2026-12-31,,,2026-09-26T00:05:40,2026-09-26T00:05:44,False,1,0,False,False,1458169,,,,False,24001.081007/202610,07954480000179-2-035946/2026,Secretaria do Planejamento e Gestão do Ceará,07954480000179,ESTADO DO CEARA,N,E,2,Compras,7,Empenho,Ceará,CE,Fortaleza,907235,GRUPO DE TRABALHO SOCIAL,2304400
07954480000179-1-014869/2025,07954480000179-1-014869/2025-000001,,2026,35947,2026-09-26T00:05:48,PJ,14361780000290,MEDICAL LIFE COMERCIO DE PRODUTOS HOSPITALARES LTDA,,,,Aquisição de material médico hospitalar de acordo com ATA 2026/09366 para atender as necessidade do HCASG.,29400.0,29400.0,29400.0,0.0,2026-09-22,2026-09-22,2026-12-31,,,2026-09-26T00:05:47,2026-09-26T00:05:48,False,1,0,False,False,1458242,,,,False,24001.067113/202691,07954480000179-2-035947/2026,Secretaria do Planejamento e Gestão do Ceará,07954480000179,ESTADO DO CEARA,N,E,2,Compras,7,Empenho,Ceará,CE,Fortaleza,241291,HOSPITAL DR CARLOS ALBERTO STUDART GOMES - MESSEJANA,2304400
07954480000179-1-025951/2025,07954480000179-1-025951/2025-000001,,2026,35948,2026-09-26T00:05:53,PJ,10394570000167,DNE - COMERCIO DE PRODUTOS LABORATORIAIS LTDA,,,,"ATA de registro de preços Nº  2026/27225, Pregão eletrônico  20251796, que tem como objeto aquisição - MATERIAL LABORATORIAL",9840.0,9840.0,9840.0,0.0,2026-09-23,2026-09-23,2026-12-31,,,2026-09-26T00:05:52,2026-09-26T00:05:53,False,1,0,False,False,1458620,,,,False,24001.075768/202632,07954480000179-2-035948/2026,Secretaria do Planejamento e Gestão do Ceará,07954480000179,ESTADO DO CEARA,N,E,2,Compras,7,Empenho,Ceará,CE,Fortaleza,241311,HOSPITAL INFANTIL DR. ALBERT SABIN,2304400
07954480000179-1-020854/2026,,,2026,35949,2026-09-26T00:06:05,PJ,51658042000155,NT COMERCIO DE FERRAGENS E FERRAMENTAS LTDA,,,,AQUISIÇÃO - MATERIAL DE CONSUMO - MATERIAL PARA MANUTENÇÃO DE BENS IMÓVEIS - EEMTI PROFESSOR WALQUER CAVALCANTE MAIA  -CREDE 10 - RUSSAS),2246.0,2246.0,2246.0,0.0,2026-09-23,2026-09-23,2026-12-31,,,2026-09-26T00:06:00,2026-09-26T00:06:05,False,1,0,False,False,1455326,,,,False,22001.144117/202674,07954480000179-2-035949/2026,Secretaria do Planejamento e Gestão do Ceará,07954480000179,ESTADO DO CEARA,N,E,2,Compras,7,Empenho,Ceará,CE,Russas,229321,EEMTI PROFESSOR WALQUER CAVALCANTE MAIA,2311801
07954480000179-1-019928/2026,,,2026,35950,2026-09-26T00:06:13,PJ,14745462000223,CENTRO DE FORMACAO DE CONDUTORES CONQUISTA LTDA,,,,"Prestação de serviços, por Centros de Formação de Condutores (CFC), referentes à realização de Cursos de Formação Teórico-Técnico e Prática de Direção Veicular, visando a formação e capacitação de candidatos à obtenção da primeira habilitação no âmbito do programa CNH Popular.",6368.1,6368.1,6368.1,0.0,2026-09-23,2026-09-23,2026-12-31,,,2026-09-26T00:06:07,2026-09-26T00:06:13,False,1,0,False,False,1449543,,,,False,08012.856141/202608,07954480000179-2-035950/2026,Secretaria do Planejamento e Gestão do Ceará,07954480000179,ESTADO DO CEARA,N,E,8,Serviços,7,Empenho,Ceará,CE,Fortaleza,080301,DEPARTAMENTO ESTADUAL DE TRANSITO,2304400
07954480000179-1-021165/2026,,,2026,35951,2026-09-26T00:06:23,PJ,25179741000102,EXPRESSO DISTRIBUIDORA EIRELI,,,,MATERIAL DE LIMPEZA E PRODUÇÃO DE HIGIENIZAÇÃO - EEMTI JOSÉ MARIA PONTES DA ROCHA - CAUCAIA - CREDE 1 -,3723.0,3723.0,3723.0,0.0,2026-09-23,2026-09-23,2026-12-31,,,2026-09-26T00:06:19,2026-09-26T00:06:23,False,1,0,False,False,1455734,,,,False,22001.135405/202638,07954480000179-2-035951/2026,Secretaria do Planejamento e Gestão do Ceará,07954480000179,ESTADO DO CEARA,N,E,2,Compras,7,Empenho,Ceará,CE,Caucaia,228181,EEMTI JOSE MARIA PONTES DA ROCHA,2303709
07954480000179-1-021944/2026,,,2026,35952,2026-09-26T00:06:35,PJ,49179057000199,AVANTI COMERCIAL E SERVICOS LTDA,,,,AQUISIÇÃO - MATERIAL DE CONSUMO - MATERIAL EDUCATIVO E ESPORTIVO - EEMTI LIONS JANGADA - (SEFOR 1),1995.5,1995.5,1995.5,0.0,2026-09-22,2026-09-22,2026-12-31,,,2026-09-26T00:06:27,2026-09-26T00:06:35,False,1,0,False,False,1457192,,,,False,22001.139045/202643,07954480000179-2-035952/2026,Secretaria do Planejamento e Gestão do Ceará,07954480000179,ESTADO DO CEARA,N,E,2,Compras,7,Empenho,Ceará,CE,Fortaleza,228017,EEFM LIONS JANGADA,2304400
07954480000179-1-021870/2026,,,2026,35953,2026-09-26T00:06:44,PJ,66667894000186,66.667.894 IONY LARA MENDES TAVARES ALENCAR,,,,AQUISIÇÃO MATERIAL DE ACONDICIONAMENTO E EMBALAGEM EM FAVOR DA EEEP IRMÃ ANA ZELIA DA FONSECA - MILAGRES - CREDE 20,2384.36,2384.36,2384.36,0.0,2026-09-22,2026-09-22,2026-12-31,,,2026-09-26T00:06:39,2026-09-26T00:06:44,False,1,0,False,False,1457408,,,,False,22001.135844/202641,07954480000179-2-035953/2026,Secretaria do Planejamento e Gestão do Ceará,07954480000179,ESTADO DO CEARA,N,E,2,Compras,7,Empenho,Ceará,CE,Milagres,228649,EEEP IRMÃ ANA ZÉLIA DA FONSECA,2308302
07954480000179-1-022141/2026,,,2026,35954,2026-09-26T00:06:54,PJ,51044835000184,DISTRIMIX SOLUÇÕES & SERVIÇOS BRASIL LTDA,,,,MATERIAL HOSPITALAR - EEEP PROFESSOR ANTONIO VALMIR DA SILVA - CAUCAIA - CREDE 1 -,484.0,484.0,484.0,0.0,2026-09-23,2026-09-23,2026-12-31,,,2026-09-26T00:06:49,2026-09-26T00:06:54,False,1,0,False,False,1457505,,,,False,22001.139496/202681,07954480000179-2-035954/2026,Secretaria do Planejamento e Gestão do Ceará,07954480000179,ESTADO DO CEARA,N,E,2,Compras,7,Empenho,Ceará,CE,Caucaia,228216,EEEP PROFESSOR ANTONIO VALMIR DA SILVA,2303709
07954480000179-1-021081/2026,,,2026,35955,2026-09-26T00:07:01,PJ,19455654000138,M R G DE ARAUJO LTDA,,,,COTAÇÃO ELETRÔNICA Nº 20260014 ¿ AQUISIÇÃO DE MATERIAL DE CONSUMO - MATERIAL EDUCATIVO E ESPORTIVO EM FAVOR DA EEEP MONS. LUÍS XIMENES FREIRE. SANTA QUITERIA - CREDE 7 -,2755.0,2755.0,2755.0,0.0,2026-09-23,2026-09-23,2026-12-31,,,2026-09-26T00:06:56,2026-09-26T00:07:01,False,1,0,False,False,1457685,,,,False,22001.134712/202600,07954480000179-2-035955/2026,Secretaria do Planejamento e Gestão do Ceará,07954480000179,ESTADO DO CEARA,N,E,2,Compras,7,Empenho,Ceará,CE,Santa Quitéria,228391,EEEP MONSENHOR LUIS XIMENES FREIRE,2312205
07954480000179-1-018932/2025,07954480000179-1-018932/2025-000001,,2026,35956,2026-09-26T00:07:10,PJ,23533848000181,R T COSTA FELICIANO,,,,"Aquisições de material de consumo ¿ utensílios de limpeza, para atender a necessidade do HEMOCE, através de entrega imediata, OC 79859/2026, ARP 2026/27516, PE 0026/2025.",2830.0,2830.0,2830.0,0.0,2026-09-22,2026-09-22,2026-12-31,,,2026-09-26T00:07:08,2026-09-26T00:07:10,False,1,0,False,False,1458072,,,,False,24001.080687/202654,07954480000179-2-035956/2026,Secretaria do Planejamento e Gestão do Ceará,07954480000179,ESTADO DO CEARA,N,E,2,Compras,7,Empenho,Ceará,CE,Fortaleza,240424,CENTRO DE HEMATOLOGIA E HEMOTERAPIA DO CEARA  ,2304400
07954480000179-1-009863/2025,07954480000179-1-009863/2025-000001,,2026,35957,2026-09-26T00:07:16,PJ,16926786000102,REAG-LAB COMERCIO DE PRODUTOS MEDICOS E HOSPITALARES LTDA,,,,AQUISIÇÃO DE MATERIAL LABORATORIAL,6100.0,6100.0,6100.0,0.0,2026-09-22,2026-09-22,2026-12-31,,,2026-09-26T00:07:14,2026-09-26T00:07:16,False,1,0,False,False,1458307,,,,False,10061.045424/202680,07954480000179-2-035957/2026,Secretaria do Planejamento e Gestão do Ceará,07954480000179,ESTADO DO CEARA,N,E,2,Compras,7,Empenho,Ceará,CE,Fortaleza,101331,HOSPITAL E MATERNIDADE DA POLÍCIA MILITAR DO CEARÁ JOSÉ MARTINIANO DE ALENCAR,2304400
07954480000179-1-022682/2025,07954480000179-1-022682/2025-000001,,2026,35958,2026-09-26T00:07:23,PJ,05329222000176,SELLENE COMÉRCIO E REPRESENTAÇÕES LTDA,,,,Aquisição de gênero alimentício por meio da ATA N° 2026/07440 para atender as necessidades do HCASG.,1857.6,1857.6,1857.6,0.0,2026-09-23,2026-09-23,2026-12-31,,,2026-09-26T00:07:22,2026-09-26T00:07:23,False,1,0,False,False,1458453,,,,False,24001.075034/202653,07954480000179-2-035958/2026,Secretaria do Planejamento e Gestão do Ceará,07954480000179,ESTADO DO CEARA,N,E,2,Compras,7,Empenho,Ceará,CE,Fortaleza,241291,HOSPITAL DR CARLOS ALBERTO STUDART GOMES - MESSEJANA,2304400
07954480000179-1-015034/2025,07954480000179-1-015034/2025-000001,,2026,35959,2026-09-26T00:07:28,PJ,08077211000134,T S COMERCIAL DE MEDICAMENTOS E REPRESENTACAO LTDA,,,,"AQUISIÇÃO DE ACETILCISTEINA, 600MG, GRANULADO ENVELOPE 5G E NISTATINA + OXIDO DE ZINCO, 100.000UI/G + 200MG/G, POMADA DERMATOLOGICA, BISNAGA 60G PARA ATENDER DEMANDAS JUDICIAIS.",2255.6,2255.6,2255.6,0.0,2026-09-23,2026-09-23,2026-12-31,,,2026-09-26T00:07:27,2026-09-26T00:07:28,False,1,0,False,False,1458504,,,,False,24001.081529/202611,07954480000179-2-035959/2026,Secretaria do Planejamento e Gestão do Ceará,07954480000179,ESTADO DO CEARA,N,E,2,Compras,7,Empenho,Ceará,CE,Fortaleza,907742,SESA - DEMANDA JUDICIAL,2304400
07954480000179-1-024954/2024,07954480000179-1-024954/2024-000001,,2026,35960,2026-09-26T00:07:35,PJ,01490595000173,DIAGNOCEL COMERCIO E REPRESENTACOES LTDA,,,,"AQUISIÇÃO DE MATERIAL LABORATORIAL, (REAGENTE, PARA DOSAGEM DE SIROLIMUS POR IMUNOENSAIO AUTOMATIZADO E OUTROS) PARA O HOSPITAL GERAL DE FORTALEZA-HGF/SESA.",130946.0,130946.0,130946.0,0.0,2026-09-23,2026-09-23,2026-12-31,,,2026-09-26T00:07:35,2026-09-26T00:07:35,False,1,0,False,False,1458562,,,,False,24001.079404/202621,07954480000179-2-035960/2026,Secretaria do Planejamento e Gestão do Ceará,07954480000179,ESTADO DO CEARA,N,E,2,Compras,7,Empenho,Ceará,CE,Fortaleza,241281,HOSPITAL GERAL DE FORTALEZA,2304400
07954480000179-1-023053/2025,07954480000179-1-023053/2025-000001,,2026,35961,2026-09-26T00:07:41,PJ,10588595001335,SANOFI MEDLEY FARMACEUTICA LTDA,,,,"AQUISIÇÃO DE MEDICAMENTO PARA ATENDER DEMANDA DA PPI - INSULINA, ANALOGA ULTRA RAPIDA, 100UI/ML, CANETA PREENCHIDA 3ML",565250.0,565250.0,565250.0,0.0,2026-09-23,2026-09-23,2026-12-31,,,2026-09-26T00:07:40,2026-09-26T00:07:41,False,1,0,False,False,1458742,,,,False,24001.081935/202684,07954480000179-2-035961/2026,Secretaria do Planejamento e Gestão do Ceará,07954480000179,ESTADO DO CEARA,N,E,2,Compras,7,Empenho,Ceará,CE,Fortaleza,980008,Célula de Execução de Compras de Recursos Biomédicos,2304400
07954480000179-1-020311/2026,,,2026,35962,2026-09-26T00:08:05,PJ,44547120000189,L R H COMERCIO E SERVICOS UNIPESSOAL LTDA,,,,Aquisição de Material de processamento de dados - EEMTI ANCHIETA - MARANGUAPE - CREDE 1 -,1940.0,1940.0,1940.0,0.0,2026-09-22,2026-09-22,2026-12-31,,,2026-09-26T00:08:00,2026-09-26T00:08:05,False,1,0,False,False,1455414,,,,False,22001.112820/202613,07954480000179-2-035962/2026,Secretaria do Planejamento e Gestão do Ceará,07954480000179,ESTADO DO CEARA,N,E,2,Compras,7,Empenho,Ceará,CE,Maranguape,228197,COLÉGIO ESTADUAL ANCHIETA,2307700
07954480000179-1-025849/2025,07954480000179-1-025849/2025-000001,,2026,35963,2026-09-26T00:08:11,PJ,08958628000378,ONCOEXO DISTRIBUIDORA DE MEDICAMENTOS LTDA,,,,"AQUISIÇÃO DE MEDICAMENTO PARA ATENDER DEMANDA DO CEAF - ELTROMBOPAGUE OLAMINA, COMPRIMIDO REVESTIDO, 25MG  -  ELTROMBOPAGUE OLAMINA, COMPRIMIDO REVESTIDO, 50MG",818959.96,818959.96,818959.96,0.0,2026-09-22,2026-09-22,2026-12-31,,,2026-09-26T00:08:10,2026-09-26T00:08:11,False,1,0,False,False,1458101,,,,False,24001.081055/202616,07954480000179-2-035963/2026,Secretaria do Planejamento e Gestão do Ceará,07954480000179,ESTADO DO CEARA,N,E,2,Compras,7,Empenho,Ceará,CE,Fortaleza,980008,Célula de Execução de Compras de Recursos Biomédicos,2304400
07954480000179-1-026385/2025,07954480000179-1-026385/2025-000001,,2026,35964,2026-09-26T00:08:16,PJ,01722296000117,PANORAMA COMERCIO DE PRODUTOS MEDICOS E FARMACEUTICOS LTDA,,,,"AQUISIÇÃO DE DONEPEZILA (CLORIDRATO), 5MG, COMPRIMIDO REVESTIDO PARA ATENDER DEMANDAS JUDICIAIS.",108.0,108.0,108.0,0.0,2026-09-22,2026-09-22,2026-12-31,,,2026-09-26T00:08:15,2026-09-26T00:08:16,False,1,0,False,False,1458122,,,,False,24001.081003/202631,07954480000179-2-035964/2026,Secretaria do Planejamento e Gestão do Ceará,07954480000179,ESTADO DO CEARA,N,E,2,Compras,7,Empenho,Ceará,CE,Fortaleza,907742,SESA - DEMANDA JUDICIAL,2304400
07954480000179-1-019311/2026,07954480000179-1-019311/2026-000001,,2026,35965,2026-09-26T00:08:21,PJ,10586940000168,ONCOVIT DISTRIBUIDORA DE MEDICAMENTOS LTDA,,,,"AQUISIÇÃO DE PIOGLITAZONA CLORIDRATO, 45MG, COMPRIMIDO PARA ATENDER DEMANDAS JUDICIAIS.",889.92,889.92,889.92,0.0,2026-09-22,2026-09-22,2026-12-31,,,2026-09-26T00:08:21,2026-09-26T00:08:21,False,1,0,False,False,1458124,,,,False,24001.081027/202691,07954480000179-2-035965/2026,Secretaria do Planejamento e Gestão do Ceará,07954480000179,ESTADO DO CEARA,N,E,2,Compras,7,Empenho,Ceará,CE,Fortaleza,907742,SESA - DEMANDA JUDICIAL,2304400
07954480000179-1-024556/2025,07954480000179-1-024556/2025-000001,,2026,35966,2026-09-26T00:08:25,PJ,19006720000192,KASMED IMPORTACAO E COMERCIO LTDA,,,,"AQUISIÇÃO DE COMPRESSA, GAZE ESTERIL, COR BRANCA, ABSORVENTE, ISENTA DE AMIDO, ALVEJANTE OPTICO E CONTAMINANTES, ACABAMENTO SEM REBARBAS E SEM SOLTAR FIOS, PRONTA PARA USO, ESTERIL, 15CMX30CM ABERTA, 7,5CMX7,5CM FECHADA 11 FIOS/CM2, 8 CAMADAS. PARA ATENDER A UNIDADES DE SAÚDE DO ESTADO DO CEARÁ/SESA.",86000.0,86000.0,86000.0,0.0,2026-09-22,2026-09-22,2026-12-31,,,2026-09-26T00:08:25,2026-09-26T00:08:25,False,1,0,False,False,1458176,,,,False,24001.080967/202662,07954480000179-2-035966/2026,Secretaria do Planejamento e Gestão do Ceará,07954480000179,ESTADO DO CEARA,N,E,2,Compras,7,Empenho,Ceará,CE,Fortaleza,980008,Célula de Execução de Compras de Recursos Biomédicos,2304400
07954480000179-1-023000/2025,07954480000179-1-023000/2025-000001,,2026,35967,2026-09-26T00:08:35,PJ,57088206000132,D. V. PINHEIRO LTDA,,,,AQUISIÇÃO DE MATERIAL DE CONSUMO(AÇUCAR) PARA ATENDER AS NECESSIDADES DA COADS ARACATI.,130.0,130.0,130.0,0.0,2026-09-22,2026-09-22,2026-12-31,,,2026-09-26T00:08:34,2026-09-26T00:08:35,False,1,0,False,False,1458185,,,,False,24001.078620/202650,07954480000179-2-035967/2026,Secretaria do Planejamento e Gestão do Ceará,07954480000179,ESTADO DO CEARA,N,E,2,Compras,7,Empenho,Ceará,CE,Fortaleza,240001,SECRETARIA DA SAUDE,2304400
07954480000179-1-024410/2025,07954480000179-1-024410/2025-000001,,2026,35968,2026-09-26T00:08:40,PJ,10588595001335,SANOFI MEDLEY FARMACEUTICA LTDA,,,,IMUNOGLOBULINA DE COELHO ANTI-TIMÓCITOS HUMANOS 25MG PO LIOFILIZADO FRASCO AMPOLA,147796.2,147796.2,147796.2,0.0,2026-09-22,2026-09-22,2026-12-31,,,2026-09-26T00:08:40,2026-09-26T00:08:40,False,1,0,False,False,1458210,,,,False,24001.081083/202625,07954480000179-2-035968/2026,Secretaria do Planejamento e Gestão do Ceará,07954480000179,ESTADO DO CEARA,N,E,2,Compras,7,Empenho,Ceará,CE,Fortaleza,980008,Célula de Execução de Compras de Recursos Biomédicos,2304400
07954480000179-1-003269/2023,07954480000179-1-003269/2023-000001,,2026,35969,2026-09-26T00:08:55,PJ,01645409000390,AUTO SUTURE DO BRASIL LTDA.,,,,"AQUISIÇÃO DE MATERIAL MÉDICO HOSPITALAR, (ENDOPROTESE, MODULAR AUTO EXPANSIVEL TRATAMENTO DE ANEURISMA, DISSECCAO DA AORTA TORACICA  ) PARA O HOSPITAL GERAL DE FORTALEZA -HGF / SESA . ORDEM DE COMPRA/SERVIÇO Nº 76843/2026 - ATA DE REGISTRO DE PREÇO Nº 2024/32212",20344.0,20344.0,20344.0,0.0,2026-09-23,2026-09-23,2026-12-31,,,2026-09-26T00:08:54,2026-09-26T00:08:55,False,1,0,False,False,1458256,,,,False,24001.078692/202605,07954480000179-2-035969/2026,Secretaria do Planejamento e Gestão do Ceará,07954480000179,ESTADO DO CEARA,N,E,8,Serviços,7,Empenho,Ceará,CE,Fortaleza,241281,HOSPITAL GERAL DE FORTALEZA,2304400
07954480000179-1-023810/2026,,,2026,35970,2026-09-26T00:09:05,PJ,41556663000174,COMERCIAL DE ARMARINHO BRASIL LTDA - ME,,,,AQUISIÇÃO DE MATERIAL DE EXPEDIENTE. EEMTI LUIZA TÁVORA - PROMORAR -  (SEFOR 2),9334.0,9334.0,9334.0,0.0,2026-09-23,2026-09-23,2026-12-31,,,2026-09-26T00:09:00,2026-09-26T00:09:05,False,1,0,False,False,1458409,,,,False,22001.116744/202615,07954480000179-2-035970/2026,Secretaria do Planejamento e Gestão do Ceará,07954480000179,ESTADO DO CEARA,N,E,2,Compras,7,Empenho,Ceará,CE,Fortaleza,228094,EEFM DONA LUÍZA TÁVORA - PROMORAR,2304400
07954480000179-1-026197/2025,07954480000179-1-026197/2025-000001,,2026,35971,2026-09-26T00:09:11,PJ,21595464000168,UNI HOSPITALAR CEARA LTDA-EPP,,,,"AQUISIÇÃO DE SEMAGLUTIDA, 3,2MG/ML, SOLUCAO INJETAVEL EM SISTEMA DE APLICACAO PREENCHIDO COM 3ML PARA ATENDER DEMANDAS JUDICIAIS.",24021.92,24021.92,24021.92,0.0,2026-09-22,2026-09-22,2026-12-31,,,2026-09-26T00:09:10,2026-09-26T00:09:11,False,1,0,False,False,1458474,,,,False,24001.081025/202600,07954480000179-2-035971/2026,Secretaria do Planejamento e Gestão do Ceará,07954480000179,ESTADO DO CEARA,N,E,2,Compras,7,Empenho,Ceará,CE,Fortaleza,907742,SESA - DEMANDA JUDICIAL,2304400
07954480000179-1-024121/2024,07954480000179-1-024121/2024-000001,,2026,35972,2026-09-26T00:09:21,PJ,52332054000158,FG COMERCIO TENDTUDO LTDA,,,,"Aquisições de material de consumo ¿ limpeza saneantes, para atender a necessidade do HEMOCE, através de entrega imediata, OC 79608/2026, ARP 2026/15656, PE 0027/2024.",278.0,278.0,278.0,0.0,2026-09-23,2026-09-23,2026-12-31,,,2026-09-26T00:09:21,2026-09-26T00:09:21,False,1,0,False,False,1458492,,,,False,24001.080664/202640,07954480000179-2-035972/2026,Secretaria do Planejamento e Gestão do Ceará,07954480000179,ESTADO DO CEARA,N,E,2,Compras,7,Empenho,Ceará,CE,Fortaleza,240424,CENTRO DE HEMATOLOGIA E HEMOTERAPIA DO CEARA  ,2304400
07954480000179-1-025404/2025,07954480000179-1-025404/2025-000001,,2026,35973,2026-09-26T00:09:29,PJ,21595464000168,UNI HOSPITALAR CEARA LTDA-EPP,,,,"AQUISIÇÃO DE OXALIPLATINA, 100MG, PO LIOFILIZADO PARA SOLUCAO INJETAVEL, PARA ATENDER A UNIDADES DE SAÚDE DO ESTADO DO CEARÁ/SESA.",7020.0,7020.0,7020.0,0.0,2026-09-23,2026-09-23,2026-12-31,,,2026-09-26T00:09:27,2026-09-26T00:09:29,False,1,0,False,False,1458603,,,,False,24001.081558/202683,07954480000179-2-035973/2026,Secretaria do Planejamento e Gestão do Ceará,07954480000179,ESTADO DO CEARA,N,E,2,Compras,7,Empenho,Ceará,CE,Fortaleza,980008,Célula de Execução de Compras de Recursos Biomédicos,2304400
07954480000179-1-026367/2025,07954480000179-1-026367/2025-000001,,2026,35974,2026-09-26T00:09:36,PJ,09092152000136,EMMARKA DISTRIBUIDORADE MEDICAMENTOS LTDA,,,,"AQUSIÇÃO DE ANFOTERICINA B, 50MG, PO LIOFILIZADO PARA SOLUCAO INJETAVEL, PARA ATENDER A UNIDADES DE SAÚDE DO ESTADO DO CEARÁ/SESA",8756.66,8756.66,8756.66,0.0,2026-09-23,2026-09-23,2026-12-31,,,2026-09-26T00:09:34,2026-09-26T00:09:36,False,1,0,False,False,1458682,,,,False,24001.081562/202641,07954480000179-2-035974/2026,Secretaria do Planejamento e Gestão do Ceará,07954480000179,ESTADO DO CEARA,N,E,2,Compras,7,Empenho,Ceará,CE,Fortaleza,980008,Célula de Execução de Compras de Recursos Biomédicos,2304400
07954480000179-1-013679/2025,07954480000179-1-013679/2025-000001,,2026,35975,2026-09-26T00:09:43,PJ,07197536000198,IMPORTEC IMPORTADORA CEARENSE LTDA,,,,"Aquisições de insumos de laboratório, com equipamento em regime de comodato, para atender a necessidade do HEMOCE, através de entrega imediata, OC 80714/2026, ARP 2025/04712, PE 871/2025.",91581.2,91581.2,91581.2,0.0,2026-09-23,2026-09-23,2026-12-31,,,2026-09-26T00:09:42,2026-09-26T00:09:43,False,1,0,False,False,1458704,,,,False,24001.081391/202651,07954480000179-2-035975/2026,Secretaria do Planejamento e Gestão do Ceará,07954480000179,ESTADO DO CEARA,N,E,2,Compras,7,Empenho,Ceará,CE,Fortaleza,240424,CENTRO DE HEMATOLOGIA E HEMOTERAPIA DO CEARA  ,2304400
07954480000179-1-021900/2026,,,2026,35976,2026-09-26T00:10:10,PJ,66848160000101,NEXUS COMERCIO E SERVICOS DE LICITACOES LTDA,,,,MATERIAL ELETRICO E ELETRONICO - EEFM FERNANDO CAVALCANTE MOTA - (SEFOR 1),6219.2,6219.2,6219.2,0.0,2026-09-22,2026-09-22,2026-12-31,,,2026-09-26T00:10:05,2026-09-26T00:10:10,False,1,0,False,False,1456060,,,,False,22001.071252/202693,07954480000179-2-035976/2026,Secretaria do Planejamento e Gestão do Ceará,07954480000179,ESTADO DO CEARA,N,E,2,Compras,7,Empenho,Ceará,CE,Fortaleza,228008,EEFM FERNANDO CAVALCANTE MOTA,2304400
07954480000179-1-022378/2026,,,2026,35977,2026-09-26T00:10:37,PJ,09076906000164,CENTRO DE FORMACAO DE CONDUTORES EXITO LTDA ,,,,"Prestação de serviços, por Centros de Formação de Condutores (CFC), referentes à realização de Cursos de Formação Teórico-Técnico e Prática de Direção Veicular, visando a formação e capacitação de candidatos à obtenção da primeira habilitação no âmbito do programa CNH Popular.",625.88,625.88,625.88,0.0,2026-09-23,2026-09-23,2026-12-31,,,2026-09-26T00:10:30,2026-09-26T00:10:37,False,1,0,False,False,1454592,,,,False,08012.913512/202658,07954480000179-2-035977/2026,Secretaria do Planejamento e Gestão do Ceará,07954480000179,ESTADO DO CEARA,N,E,8,Serviços,7,Empenho,Ceará,CE,Fortaleza,080301,DEPARTAMENTO ESTADUAL DE TRANSITO,2304400
07954480000179-1-021442/2026,,,2026,35978,2026-09-26T00:10:53,PJ,19455654000138,M R G DE ARAUJO LTDA,,,,AQUISIÇÃO DE MATERIAL ESPORTIVO - EEMTI MOEMA TAVORA - (SEFOR 1),3910.0,3910.0,3910.0,0.0,2026-09-22,2026-09-22,2026-12-31,,,2026-09-26T00:10:43,2026-09-26T00:10:53,False,1,0,False,False,1456715,,,,False,22001.094260/202616,07954480000179-2-035978/2026,Secretaria do Planejamento e Gestão do Ceará,07954480000179,ESTADO DO CEARA,N,E,2,Compras,7,Empenho,Ceará,CE,Fortaleza,228020,CENTRO EDUCACIONAL MOEMA TÁVORA,2304400
07954480000179-1-022187/2026,,,2026,35979,2026-09-26T00:11:21,PJ,48208907000177,LICITACENTER COMERCIO DE MATERIAIS LTDA,,,,"Aquisição de Material para Manutenção de Bens Imóveis/Instalações, para atender as necessidades desta unidade escolar. EEEP OSMIRA EDUARDO DE CASTRO - MORADA NOVA - CREDE 10",1611.0,1611.0,1611.0,0.0,2026-09-23,2026-09-23,2026-12-31,,,2026-09-26T00:11:14,2026-09-26T00:11:21,False,1,0,False,False,1455482,,,,False,22001.141022/202607,07954480000179-2-035979/2026,Secretaria do Planejamento e Gestão do Ceará,07954480000179,ESTADO DO CEARA,N,E,2,Compras,7,Empenho,Ceará,CE,Morada Nova,228453,EEEP OSMIRA EDUARDO DE CASTRO,2308708
07954480000179-1-011423/2025,07954480000179-1-011423/2025-000001,,2026,35980,2026-09-26T00:11:36,PJ,62042351000112,ALD COMERCIO DE MATERIAIS EM GERAL LTDA,,,,MATERIAL DE EXPEDIENTE - EEM GOVERNADOR ADAUTO BEZERRA -  (SEFOR 3),35200.0,35200.0,35200.0,0.0,2026-09-22,2026-09-22,2026-12-31,,,2026-09-26T00:11:28,2026-09-26T00:11:36,False,1,0,False,False,1457818,,,,False,22001.145041/202602,07954480000179-2-035980/2026,Secretaria do Planejamento e Gestão do Ceará,07954480000179,ESTADO DO CEARA,N,E,2,Compras,7,Empenho,Ceará,CE,Fortaleza,228108,EEM GOVERNADOR ADAUTO BEZERRA,2304400
07954480000179-1-024564/2024,07954480000179-1-024564/2024-000001,,2026,35981,2026-09-26T00:11:41,PJ,08862233000105,SMT IMPORTADORA E DISTRIBUIDORA DE PRODUTOS HOSPITALARES LTDA,,,,Aquisição de material médico hospitalar de acordo com ATA 2026/23761 para atender as necessidade do HCASG.,6800.0,6800.0,6800.0,0.0,2026-09-23,2026-09-23,2026-12-31,,,2026-09-26T00:11:41,2026-09-26T00:11:41,False,1,0,False,False,1458076,,,,False,24001.067097/202636,07954480000179-2-035981/2026,Secretaria do Planejamento e Gestão do Ceará,07954480000179,ESTADO DO CEARA,N,E,2,Compras,7,Empenho,Ceará,CE,Fortaleza,241291,HOSPITAL DR CARLOS ALBERTO STUDART GOMES - MESSEJANA,2304400
07954480000179-1-024410/2025,07954480000179-1-024410/2025-000001,,2026,35982,2026-09-26T00:11:48,PJ,28102490000156,F7 MEDICAL PRODUTOS HOSPITALARES LTDA,,,,"FIBRINOGENIO HUMANO, FRASCO AMPOLA, 1G, PO LIOFILIZADO PARA SOLUCAO INJETAVEL, UNIDADE 1.0 FRASCO / AMPOLA",701618.82,701618.82,701618.82,0.0,2026-09-22,2026-09-22,2026-12-31,,,2026-09-26T00:11:48,2026-09-26T00:11:48,False,1,0,False,False,1458201,,,,False,24001.081085/202614,07954480000179-2-035982/2026,Secretaria do Planejamento e Gestão do Ceará,07954480000179,ESTADO DO CEARA,N,E,2,Compras,7,Empenho,Ceará,CE,Fortaleza,980008,Célula de Execução de Compras de Recursos Biomédicos,2304400
07954480000179-1-003348/2023,07954480000179-1-003348/2023-000001,,2026,35983,2026-09-26T00:12:07,PJ,04159536000105,VUELO PHARMA LTDA,,,,"AQUISIÇÃO DE MATERIAL MÉDICO HOSPITALAR, (CURATIVO, MEMBRANA DE CELULOSE OU POLIURETANO COM ACRILAMIDA) PARA O HOSPITAL GERAL DE FORTALEZA-HGF/SESA.",6240.0,6240.0,6240.0,0.0,2026-09-22,2026-09-22,2026-12-31,,,2026-09-26T00:12:04,2026-09-26T00:12:07,False,1,0,False,False,1458370,,,,False,24001.064609/202611,07954480000179-2-035983/2026,Secretaria do Planejamento e Gestão do Ceará,07954480000179,ESTADO DO CEARA,N,E,2,Compras,7,Empenho,Ceará,CE,Fortaleza,241281,HOSPITAL GERAL DE FORTALEZA,2304400
07954480000179-1-025084/2025,07954480000179-1-025084/2025-000001,,2026,35984,2026-09-26T00:12:13,PJ,49324221000104,FRESENIUS KABI BRASIL LTDA,,,,Aquisição de gênero alimentício por meio da ATA N° 2026/22897 para atender as necessidades do HCASG.,6314.88,6314.88,6314.88,0.0,2026-09-23,2026-09-23,2026-12-31,,,2026-09-26T00:12:12,2026-09-26T00:12:13,False,1,0,False,False,1458466,,,,False,24001.075055/202679,07954480000179-2-035984/2026,Secretaria do Planejamento e Gestão do Ceará,07954480000179,ESTADO DO CEARA,N,E,2,Compras,7,Empenho,Ceará,CE,Fortaleza,241291,HOSPITAL DR CARLOS ALBERTO STUDART GOMES - MESSEJANA,2304400
07954480000179-1-024934/2024,07954480000179-1-024934/2024-000001,,2026,35985,2026-09-26T00:12:20,PJ,08077211000134,T S COMERCIAL DE MEDICAMENTOS E REPRESENTACAO LTDA,,,,"AQUISIÇÃO DE BENZOATO DE ALOGLIPTINA, + CLORIDRATO DE METFORMINA, 12,5MG + 1000MG, COMPRIMIDO REVESTIDO PARA ATENDER DEMANDAS JUDICIAIS.",2270.18,2270.18,2270.18,0.0,2026-09-23,2026-09-23,2026-12-31,,,2026-09-26T00:12:18,2026-09-26T00:12:20,False,1,0,False,False,1458512,,,,False,24001.081528/202677,07954480000179-2-035985/2026,Secretaria do Planejamento e Gestão do Ceará,07954480000179,ESTADO DO CEARA,N,E,2,Compras,7,Empenho,Ceará,CE,Fortaleza,907742,SESA - DEMANDA JUDICIAL,2304400
07954480000179-1-023855/2024,07954480000179-1-023855/2024-000001,BRA,2026,35986,2026-09-26T00:12:38,PJ,10686941000184,MASTER MEDIKAL INDUSTRIA E COMERCIO DE EQUIPAMENTOS MEDICOS LTDA,,,,"AQUISIÇÃO DE MATERIAL HOSPITALAR ( ACESSORIO, SENSOR DE TEMPERATURA, ESOFAGICO/RETAL, PEDIATRICO, NEONATAL, ORIGINAL OU COMPATIVEL, USO EM MONITOR MULTIPARAMETRICO  ) PARA O HOSPITAL GERAL DE FORTALEZA - HGF/SESA - ORDEM DE COMPRA/SERVIÇO Nº 75724/2026 - ATA DE REGISTRO DE PREÇO Nº 2026/00019",1883.8,1883.8,1883.8,0.0,2026-09-23,2026-09-23,2026-12-31,,,2026-09-26T00:12:24,2026-09-26T00:12:38,False,1,0,False,False,1458617,,,,False,24001.077361/202640,07954480000179-2-035986/2026,Secretaria do Planejamento e Gestão do Ceará,07954480000179,ESTADO DO CEARA,N,E,2,Compras,7,Empenho,Ceará,CE,Fortaleza,241281,HOSPITAL GERAL DE FORTALEZA,2304400
07954480000179-1-026367/2025,07954480000179-1-026367/2025-000001,,2026,35987,2026-09-26T00:12:44,PJ,42705829000130,HUB HEALTH DISTRIBUIDORA DE PRODUTOS HOSPITALARES LTDA,,,,"AQUISIÇÃO DE VALGANCICLOVIR (CLORIDRATO), 450MG, COMPRIMIDO REVESTIDO, UNIDADE 1.0 COMPRIMIDO. PARA ATENDER A UNIDADES DE SAÚDE DO ESTADO DO CEARÁ/SESA.",232956.78,232956.78,232956.78,0.0,2026-09-23,2026-09-23,2026-12-31,,,2026-09-26T00:12:43,2026-09-26T00:12:44,False,1,0,False,False,1458670,,,,False,24001.081561/202605,07954480000179-2-035987/2026,Secretaria do Planejamento e Gestão do Ceará,07954480000179,ESTADO DO CEARA,N,E,2,Compras,7,Empenho,Ceará,CE,Fortaleza,980008,Célula de Execução de Compras de Recursos Biomédicos,2304400
07954480000179-1-021671/2026,,,2026,35988,2026-09-26T00:12:59,PJ,06106789000146,RAIMUNDO ANASTACIO DE SOUSA ANDRADE - ME,,,,Aquisição de Material de Consumo - EEMTI CORONEL ALFREDO SILVANO - RERIUTABA - CREDE 6,2653.6,2653.6,2653.6,0.0,2026-09-23,2026-09-23,2026-12-31,,,2026-09-26T00:12:53,2026-09-26T00:12:59,False,1,0,False,False,1455211,,,,False,22001.137614/202616,07954480000179-2-035988/2026,Secretaria do Planejamento e Gestão do Ceará,07954480000179,ESTADO DO CEARA,N,E,2,Compras,7,Empenho,Ceará,CE,Reriutaba,228349,EEM CORONEL ALFREDO SILVANO,2311702
07954480000179-1-000906/2026,,,2026,35989,2026-09-26T00:13:46,PJ,58533299000120,TOTAL DEP MATERIAL E FERRAMENTAS LTDA,,,,AQUISIÇÃO DE MATERIAL DE PROCESSAMENTO DE DADOS - EEMTI PADRE LUÍS FILGUEIRAS - NOVA OLINDA - CREDE 18,260.0,260.0,260.0,0.0,2026-09-22,2026-09-22,2026-12-31,,,2026-09-26T00:13:14,2026-09-26T00:13:46,False,1,0,False,False,1457612,,,,False,22001.034282/202619,07954480000179-2-035989/2026,Secretaria do Planejamento e Gestão do Ceará,07954480000179,ESTADO DO CEARA,N,E,2,Compras,7,Empenho,Ceará,CE,Nova Olinda,228590,EEFM PADRE LUÍS FILGUEIRAS,2309201
07954480000179-1-021306/2025,07954480000179-1-021306/2025-000001,,2026,35990,2026-09-26T00:13:51,PJ,11697594000310,AGILLE COMERCIO DE MEDICAMENTOS LTDA,,,,"AQUISIÇÃO DE PENICILAMINA, 250 MG, CAPSULA PARA ATENDER DEMANDAS JUDICIAIS.",47104.0,47104.0,47104.0,0.0,2026-09-22,2026-09-22,2026-12-31,,,2026-09-26T00:13:51,2026-09-26T00:13:51,False,1,0,False,False,1458344,,,,False,24001.081399/202617,07954480000179-2-035990/2026,Secretaria do Planejamento e Gestão do Ceará,07954480000179,ESTADO DO CEARA,N,E,2,Compras,7,Empenho,Ceará,CE,Fortaleza,907742,SESA - DEMANDA JUDICIAL,2304400
07954480000179-1-025143/2025,07954480000179-1-025143/2025-000001,,2026,35991,2026-09-26T00:13:55,PJ,27589757000119,BELIEVE FARMA COMERCIO DE MEDICAMENTOS E MATERIAIS HOSPITALARES LTDA,,,,"Aquisição de material de consumo (SOLUCAO ANTISSEPTICA/ALCOOL ETILICO) para atender a demanda da Secretaria de Segurança Pública e Defesa Social - SSPDS, de acordo com as especificações e quantitativos previstos neste Termo.",4565.0,4565.0,4565.0,0.0,2026-09-23,2026-09-23,2026-12-31,,,2026-09-26T00:13:54,2026-09-26T00:13:55,False,1,0,False,False,1458357,,,,False,10001.014522/202680,07954480000179-2-035991/2026,Secretaria do Planejamento e Gestão do Ceará,07954480000179,ESTADO DO CEARA,N,E,2,Compras,7,Empenho,Ceará,CE,Fortaleza,100001,SECRETARIA DA SEGURANCA PUBLICA E DEFESA SOCIAL,2304400
07954480000179-1-024412/2025,07954480000179-1-024412/2025-000001,,2026,35992,2026-09-26T00:14:01,PJ,42705829000130,HUB HEALTH DISTRIBUIDORA DE PRODUTOS HOSPITALARES LTDA,,,,"AQUISIÇÃO DE MEDICAMENTO PARA ATENDER DEMANDA DA PPI - ACIDO ACETILSALICILICO, 100MG, COMPRIMIDO SIMPLES OU REVESTIDO",42900.0,42900.0,42900.0,0.0,2026-09-23,2026-09-23,2026-12-31,,,2026-09-26T00:14:01,2026-09-26T00:14:01,False,1,0,False,False,1458416,,,,False,24001.081525/202633,07954480000179-2-035992/2026,Secretaria do Planejamento e Gestão do Ceará,07954480000179,ESTADO DO CEARA,N,E,2,Compras,7,Empenho,Ceará,CE,Fortaleza,980008,Célula de Execução de Compras de Recursos Biomédicos,2304400
07954480000179-1-022905/2026,,,2026,35993,2026-09-26T00:14:22,PJ,44714654000152,HERICA PIRES LIMA 04215201322,,,,Cotação eletrônica: Aquisição de material de copa e cozinha II - EEMTI HILDEBERTO BARROSO - ITAPIPOCA - CREDE 2 -,1484.0,1484.0,1484.0,0.0,2026-09-22,2026-09-22,2026-12-31,,,2026-09-26T00:14:13,2026-09-26T00:14:22,False,1,0,False,False,1457253,,,,False,22001.144391/202643,07954480000179-2-035993/2026,Secretaria do Planejamento e Gestão do Ceará,07954480000179,ESTADO DO CEARA,N,E,2,Compras,7,Empenho,Ceará,CE,Itapipoca,228241,EEM HILDEBERTO BARROSO,2306405
07954480000179-1-019892/2026,,,2026,35994,2026-09-26T00:14:30,PJ,21828698000108,LAIF COMERCIO E SERVICOS LTDA,,,,"Aquisição de materiais diversos de informática para uso da Assessoria de Tecnologia
da Informação ¿ ASTIN, conforme especificações, quantitativos e demais dispositivos constantes
deste Termo de Referência. EMPRESA LAIF COMERCIO E SERVICOS LTDA.",36400.0,36400.0,36400.0,0.0,2026-09-22,2026-09-22,2026-12-31,,,2026-09-26T00:14:28,2026-09-26T00:14:30,False,1,0,False,False,1458052,,,,False,22001.129138/202660,07954480000179-2-035994/2026,Secretaria do Planejamento e Gestão do Ceará,07954480000179,ESTADO DO CEARA,N,E,2,Compras,7,Empenho,Ceará,CE,Fortaleza,220001,SECRETARIA DA EDUCACAO,2304400
07954480000179-1-024564/2024,07954480000179-1-024564/2024-000001,,2026,35995,2026-09-26T00:14:35,PJ,00986846001203,ST JUDE MEDICAL BRASIL LTDA,,,,Aquisição de material médico hospitalar de acordo com ATA 2026/23761 para atender as necessidade do HCASG.,80000.0,80000.0,80000.0,0.0,2026-09-22,2026-09-22,2026-12-31,,,2026-09-26T00:14:34,2026-09-26T00:14:35,False,1,0,False,False,1458078,,,,False,24001.067100/202611,07954480000179-2-035995/2026,Secretaria do Planejamento e Gestão do Ceará,07954480000179,ESTADO DO CEARA,N,E,2,Compras,7,Empenho,Ceará,CE,Fortaleza,241291,HOSPITAL DR CARLOS ALBERTO STUDART GOMES - MESSEJANA,2304400
07954480000179-1-022680/2025,07954480000179-1-022680/2025-000001,,2026,35996,2026-09-26T00:14:40,PJ,44286740000101,EASY HEALTH COMERCIO E SERVICOS LTDA,,,,Aquisição de material médico hospitalar de acordo com ATA 2026/26552 para atender as necessidade do HCASG.,10548.0,10548.0,10548.0,0.0,2026-09-23,2026-09-23,2026-12-31,,,2026-09-26T00:14:40,2026-09-26T00:14:40,False,1,0,False,False,1458254,,,,False,24001.067414/202614,07954480000179-2-035996/2026,Secretaria do Planejamento e Gestão do Ceará,07954480000179,ESTADO DO CEARA,N,E,2,Compras,7,Empenho,Ceará,CE,Fortaleza,241291,HOSPITAL DR CARLOS ALBERTO STUDART GOMES - MESSEJANA,2304400
07954480000179-1-022784/2025,07954480000179-1-022784/2025-000001,,2026,35997,2026-09-26T00:14:45,PJ,33009945000204,PRODUTOS ROCHE QUIMICOS E FARMACEUTICOS,,,,"AQUISIÇÃO DE OCRELIZUMABE, SOLUCAO PARA DILUICAO PARA INFUSAO, FRASCO/AMPOLA 10ML, 30MG/ML PARA ATENDER DEMANDAS JUDICIAIS.",68392.54,68392.54,68392.54,0.0,2026-09-22,2026-09-22,2026-12-31,,,2026-09-26T00:14:44,2026-09-26T00:14:45,False,1,0,False,False,1458349,,,,False,24001.081398/202672,07954480000179-2-035997/2026,Secretaria do Planejamento e Gestão do Ceará,07954480000179,ESTADO DO CEARA,N,E,2,Compras,7,Empenho,Ceará,CE,Fortaleza,907742,SESA - DEMANDA JUDICIAL,2304400
07954480000179-1-023583/2024,07954480000179-1-023583/2024-000001,,2026,35998,2026-09-26T00:14:53,PJ,55866884000153,PRIME VITA NUTRICAO E PRODUTOS HOSPITALARES LTDA,,,,Aquisição de gênero alimentício por meio da ATA N° 2025/29925 para atender as necessidades do HCASG.,1776.0,1776.0,1776.0,0.0,2026-09-23,2026-09-23,2026-12-31,,,2026-09-26T00:14:52,2026-09-26T00:14:53,False,1,0,False,False,1458481,,,,False,24001.075067/202601,07954480000179-2-035998/2026,Secretaria do Planejamento e Gestão do Ceará,07954480000179,ESTADO DO CEARA,N,E,2,Compras,7,Empenho,Ceará,CE,Fortaleza,241291,HOSPITAL DR CARLOS ALBERTO STUDART GOMES - MESSEJANA,2304400
07954480000179-1-023573/2024,07954480000179-1-023573/2024-000001,,2026,35999,2026-09-26T00:14:58,PJ,01391755000127,NEKTAR COMERCIO E REPRESENTAÇÕES LTDA EPP,,,,"AQUISIÇÃO DE SOLUCAO, DESINFETANTE DE ALTO NIVEL A BASE DE ACIDO PERACETICO, PARA USO EM ARTIGOS SEMI CRITICOS, COMPATIVEL COM METAIS, PLASTICOS, PARA ATENDER A UNIDADES DE SAÚDE DO ESTADO DO CEARÁ/SESA",26752.5,26752.5,26752.5,0.0,2026-09-23,2026-09-23,2026-12-31,,,2026-09-26T00:14:57,2026-09-26T00:14:58,False,1,0,False,False,1458482,,,,False,24001.081488/202663,07954480000179-2-035999/2026,Secretaria do Planejamento e Gestão do Ceará,07954480000179,ESTADO DO CEARA,N,E,2,Compras,7,Empenho,Ceará,CE,Fortaleza,980008,Célula de Execução de Compras de Recursos Biomédicos,2304400
07954480000179-1-024640/2024,07954480000179-1-024640/2024-000001,,2026,36000,2026-09-26T00:15:19,PJ,24827291000154,AMAR TRANSPORTES DE CARGAS E COMERCIO DE ARMARINHOS EM GERAL LTDA,,,,AQUISIÇÃO DE MATERIAL DE EXPEDIENTE DE ACORDO COM A ORDEM DE COMPRA/SERVIÇO Nº 79330/2026 - ATA DE REGISTRO DE PREÇO Nº 2026/00063 (ITEM 8 - FITA ADESIVA).,294.0,294.0,294.0,0.0,2026-09-23,2026-09-23,2026-12-31,,,2026-09-26T00:15:19,2026-09-26T00:15:19,False,1,0,False,False,1458487,,,,False,24001.079126/202611,07954480000179-2-036000/2026,Secretaria do Planejamento e Gestão do Ceará,07954480000179,ESTADO DO CEARA,N,E,2,Compras,7,Empenho,Ceará,CE,Fortaleza,241531,LABORATORIO CENTRAL DE SAUDE PUBLICA,2304400
07954480000179-1-022634/2024,07954480000179-1-022634/2024-000001,,2026,36001,2026-09-26T00:15:34,PJ,55692400000105,K. N. B. DA SILVA,,,,AQUISIÇÃO DE MATERIAL DE LIMPEZA E PRODUÇÃO DE HIGIENIZAÇÃO DE ACORDO COM A ORDEM DE COMPRA/SERVIÇO Nº 77393/2026 - ATA DE REGISTRO DE PREÇO Nº 2025/27896 (ITEM 17 - DESINFETANTE).,1133.05,1133.05,1133.05,0.0,2026-09-23,2026-09-23,2026-12-31,,,2026-09-26T00:15:34,2026-09-26T00:15:34,False,1,0,False,False,1458523,,,,False,24001.079084/202618,07954480000179-2-036001/2026,Secretaria do Planejamento e Gestão do Ceará,07954480000179,ESTADO DO CEARA,N,E,2,Compras,7,Empenho,Ceará,CE,Fortaleza,241531,LABORATORIO CENTRAL DE SAUDE PUBLICA,2304400
07954480000179-1-025951/2025,07954480000179-1-025951/2025-000001,,2026,36002,2026-09-26T00:15:44,PJ,10394570000167,DNE - COMERCIO DE PRODUTOS LABORATORIAIS LTDA,,,,"ATA de registro de preços Nº 2026/27225, Pregão eletrônico  20251796, que tem como objeto aquisição - MATERIAL LABORATORIAL",57420.0,57420.0,57420.0,0.0,2026-09-23,2026-09-23,2026-12-31,,,2026-09-26T00:15:44,2026-09-26T00:15:44,False,1,0,False,False,1458615,,,,False,24001.075764/202654,07954480000179-2-036002/2026,Secretaria do Planejamento e Gestão do Ceará,07954480000179,ESTADO DO CEARA,N,E,2,Compras,7,Empenho,Ceará,CE,Fortaleza,241311,HOSPITAL INFANTIL DR. ALBERT SABIN,2304400
07954480000179-1-022928/2025,07954480000179-1-022928/2025-000001,,2026,36003,2026-09-26T00:15:59,PJ,61072393003906,PFIZER BRASIL LTDA,,,,"ANIDULAFUNGINA, FRASCO/AMPOLA, 100MG, PO LIOFILIZADO PARA SOLUCAO INJETAVEL, UNIDADE 1.0 FRASCO / AMPOLA",82328.4,82328.4,82328.4,0.0,2026-09-22,2026-09-22,2026-12-31,,,2026-09-26T00:15:59,2026-09-26T00:15:59,False,1,0,False,False,1458183,,,,False,24001.081112/202659,07954480000179-2-036003/2026,Secretaria do Planejamento e Gestão do Ceará,07954480000179,ESTADO DO CEARA,N,E,2,Compras,7,Empenho,Ceará,CE,Fortaleza,980008,Célula de Execução de Compras de Recursos Biomédicos,2304400
07954480000179-1-019227/2026,07954480000179-1-019227/2026-000001,,2026,36004,2026-09-26T00:16:04,PJ,56982062000109,GIRASSOL REPRESENTACOES DE MEDICAMENTOS E PRODUTOS HOSPITALARES LTDA,,,,"AQUISIÇÃO DE MATERIAL MÉDICO HOSPITALAR, (FIO DE SUTURA, POLIAMIDA (5-0 - 6-0), AGULHA 3/8 CIRCULO CORTANTE 20MM, ESTERIL), PARA O HOSPITAL GERAL DE FORTALEZA-HGF/SESA.",2014.4,2014.4,2014.4,0.0,2026-09-23,2026-09-23,2026-12-31,,,2026-09-26T00:16:03,2026-09-26T00:16:04,False,1,0,False,False,1458376,,,,False,24001.075166/202685,07954480000179-2-036004/2026,Secretaria do Planejamento e Gestão do Ceará,07954480000179,ESTADO DO CEARA,N,E,2,Compras,7,Empenho,Ceará,CE,Fortaleza,241281,HOSPITAL GERAL DE FORTALEZA,2304400
07954480000179-1-019730/2026,,,2026,36005,2026-09-26T00:16:22,PJ,50204537000141,JOSE ROBERTO DE OLIVEIRA BASTOS LTDA,,,,Destinado à aquisição de equipamentos e material para o parque técnico de TI.,1180.0,1180.0,1180.0,0.0,2026-09-22,2026-09-22,2026-12-31,,,2026-09-26T00:16:17,2026-09-26T00:16:22,False,1,0,False,False,1455169,,,,False,30012.000130/202611,07954480000179-2-036005/2026,Secretaria do Planejamento e Gestão do Ceará,07954480000179,ESTADO DO CEARA,N,E,3,Informática (TIC),7,Empenho,Ceará,CE,Fortaleza,300101,FUNDACAO DE TELEDUCACAO DO CEARA,2304400
07954480000179-1-018516/2026,,,2026,36006,2026-09-26T00:16:39,PJ,46359443000174,RAYNA ELOY DA SILVA 61183715390,,,,AQUISIÇÃO PARA MANUTENÇÃO DE BENS E MOVEIS. ESCOLA INDÍGENA ANAMA TAPEBA - CAUCAIA - CREDE 1,4784.0,4784.0,4784.0,0.0,2026-09-23,2026-09-23,2026-12-31,,,2026-09-26T00:16:32,2026-09-26T00:16:39,False,1,0,False,False,1456282,,,,False,22001.115538/202698,07954480000179-2-036006/2026,Secretaria do Planejamento e Gestão do Ceará,07954480000179,ESTADO DO CEARA,N,E,2,Compras,7,Empenho,Ceará,CE,Caucaia,228692,ESCOLA INDÍGENA ANAMA TAPEBA,2303709
07954480000179-1-022198/2026,,,2026,36007,2026-09-26T00:16:58,PJ,55801553000135,INSERT PRINT PAPELARIA LTDA,,,,Material para Festividades e Homenagens - EEEP PAULO PETROLA - (SEFOR 1),3016.6,3016.6,3016.6,0.0,2026-09-22,2026-09-22,2026-12-31,,,2026-09-26T00:16:49,2026-09-26T00:16:58,False,1,0,False,False,1456627,,,,False,22001.136325/202608,07954480000179-2-036007/2026,Secretaria do Planejamento e Gestão do Ceará,07954480000179,ESTADO DO CEARA,N,E,2,Compras,7,Empenho,Ceará,CE,Fortaleza,228021,EEEP PAULO PETROLA,2304400
07954480000179-1-022537/2026,,,2026,36008,2026-09-26T00:17:10,PJ,66204528000190,VSV COMERCIO E SERVICO LTDA,,,,Material de Copa e Cozinha - EEEP MARWIN - (SEFOR 1),2366.8,2366.8,2366.8,0.0,2026-09-22,2026-09-22,2026-12-31,,,2026-09-26T00:17:02,2026-09-26T00:17:10,False,1,0,False,False,1456722,,,,False,22001.142743/202626,07954480000179-2-036008/2026,Secretaria do Planejamento e Gestão do Ceará,07954480000179,ESTADO DO CEARA,N,E,2,Compras,7,Empenho,Ceará,CE,Fortaleza,228019,EEEP MARWIN,2304400
07954480000179-1-006865/2025,07954480000179-1-006865/2025-000001,,2026,36009,2026-09-26T00:17:20,PJ,53571459000101,ELLOELLA DISTRIBUIDORA LTDA,,,,"RECURSO DESTINADO AQUISIÇÃO DE MATERIAL DE EXPEDIENTE, REFERENTE A ATA DO RP 2025/02063 - PARA O HSJ.",760.0,760.0,760.0,0.0,2026-09-22,2026-09-22,2026-12-31,,,2026-09-26T00:17:20,2026-09-26T00:17:20,False,1,0,False,False,1456902,,,,False,24001.078368/202689,07954480000179-2-036009/2026,Secretaria do Planejamento e Gestão do Ceará,07954480000179,ESTADO DO CEARA,N,E,2,Compras,7,Empenho,Ceará,CE,Fortaleza,241331,HOSPITAL SAO JOSE DE DOENCAS INFECCIOSAS,2304400
07954480000179-1-022187/2026,,,2026,36010,2026-09-26T00:17:31,PJ,48293154000145,48.293.154 FRANCISCO DANIEL DE ARAUJO,,,,"Aquisição de Material para Manutenção de Bens Imóveis/Instalações, para atender as necessidades desta unidade escolar. EEEP OSMIRA EDUARDO DE CASTRO - MORADA NOVA - CREDE 10",398.4,398.4,398.4,0.0,2026-09-23,2026-09-23,2026-12-31,,,2026-09-26T00:17:25,2026-09-26T00:17:31,False,1,0,False,False,1455490,,,,False,22001.144358/202613,07954480000179-2-036010/2026,Secretaria do Planejamento e Gestão do Ceará,07954480000179,ESTADO DO CEARA,N,E,2,Compras,7,Empenho,Ceará,CE,Morada Nova,228453,EEEP OSMIRA EDUARDO DE CASTRO,2308708
07954480000179-1-015617/2026,,,2026,36011,2026-09-26T00:17:40,PJ,19455654000138,M R G DE ARAUJO LTDA,,,,MATERIAL EDUCATIVO E ESPORTIVO - EEMTI MARIA ZENÓBIA RODRIGUES BRAGA - CAUCAIA - CREDE 1,1155.0,1155.0,1155.0,0.0,2026-09-22,2026-09-22,2026-12-31,,,2026-09-26T00:17:35,2026-09-26T00:17:40,False,1,0,False,False,1455693,,,,False,22001.085698/202603,07954480000179-2-036011/2026,Secretaria do Planejamento e Gestão do Ceará,07954480000179,ESTADO DO CEARA,N,E,2,Compras,7,Empenho,Ceará,CE,Caucaia,229218,EEM MARIA ZENOBIA RODRIGUES BRAGA,2303709
07954480000179-1-022715/2026,,,2026,36012,2026-09-26T00:17:55,PJ,27523905000100,BEVIMED PRODUTOS HOSPITALARES LTDA,,,,Aquisição de material médico hospitalar para atender as necessidades do HCASG.,11625.0,11625.0,11625.0,0.0,2026-09-23,2026-09-23,2026-12-31,,,2026-09-26T00:17:45,2026-09-26T00:17:55,False,1,0,False,False,1457958,,,,False,24001.073419/202686,07954480000179-2-036012/2026,Secretaria do Planejamento e Gestão do Ceará,07954480000179,ESTADO DO CEARA,N,E,2,Compras,7,Empenho,Ceará,CE,Fortaleza,241291,HOSPITAL DR CARLOS ALBERTO STUDART GOMES - MESSEJANA,2304400
07954480000179-1-018932/2025,07954480000179-1-018932/2025-000001,,2026,36013,2026-09-26T00:18:10,PJ,53254670000109,EB DISTRIBUIDORA LTDA,,,,"Aquisições de material de consumo ¿ utensílios de limpeza, para atender a necessidade do HEMOCE, através de entrega imediata, OC 79765/2026, ARP 2026/27516, PE 0026/2025.",293.75,293.75,293.75,0.0,2026-09-22,2026-09-22,2026-12-31,,,2026-09-26T00:18:06,2026-09-26T00:18:10,False,1,0,False,False,1458139,,,,False,24001.080683/202676,07954480000179-2-036013/2026,Secretaria do Planejamento e Gestão do Ceará,07954480000179,ESTADO DO CEARA,N,E,2,Compras,7,Empenho,Ceará,CE,Fortaleza,240424,CENTRO DE HEMATOLOGIA E HEMOTERAPIA DO CEARA  ,2304400
07954480000179-1-012659/2025,07954480000179-1-012659/2025-000001,,2026,36014,2026-09-26T00:18:18,PJ,08077211000134,T S COMERCIAL DE MEDICAMENTOS E REPRESENTACAO LTDA,,,,"AQUISIÇÃO DE VENLAFAXINA, CLORIDRATO 75MG, CAPSULA DURA DE LIBERACAO PROLONGADA PARA ATENDER DEMANDAS JUDICIAIS.",838.35,838.35,838.35,0.0,2026-09-23,2026-09-23,2026-12-31,,,2026-09-26T00:18:17,2026-09-26T00:18:18,False,1,0,False,False,1458514,,,,False,24001.081523/202644,07954480000179-2-036014/2026,Secretaria do Planejamento e Gestão do Ceará,07954480000179,ESTADO DO CEARA,N,E,2,Compras,7,Empenho,Ceará,CE,Fortaleza,907742,SESA - DEMANDA JUDICIAL,2304400
07954480000179-1-025951/2025,07954480000179-1-025951/2025-000001,,2026,36015,2026-09-26T00:18:27,PJ,10394570000167,DNE - COMERCIO DE PRODUTOS LABORATORIAIS LTDA,,,,"AQUISIÇÃO DE MATERIAL LABORATORIAL, (AGULHA, 21G, 25 A 35X8, DISPOSITIVO DE SEGURANCA NA PROPRIA AGULHA OU EM
ADAPTADOR - ESCALPE, COM DISPOSITIVO DE SEGURANCA PARA COLETA MULTIPLA DE SANGUE
A VACUO, 23G) PARA O HOSPITAL GERAL DE FORTALEZA-HGF/SESA.",36336.0,36336.0,36336.0,0.0,2026-09-23,2026-09-23,2026-12-31,,,2026-09-26T00:18:25,2026-09-26T00:18:27,False,1,0,False,False,1458556,,,,False,24001.079268/202670,07954480000179-2-036015/2026,Secretaria do Planejamento e Gestão do Ceará,07954480000179,ESTADO DO CEARA,N,E,2,Compras,7,Empenho,Ceará,CE,Fortaleza,241281,HOSPITAL GERAL DE FORTALEZA,2304400
07954480000179-1-020692/2025,07954480000179-1-020692/2025-000001,,2026,36016,2026-09-26T00:18:36,PJ,23548662000104,PRO-VIDA COMERCIO DE PRODUTOS MEDICOS LTDA ,,,,"AQUISIÇÃO DE MATERIAL MÉDICO HOSPITALAR, (PARAFUSO, CANULADO, (4,5MM/7MM), ACO INOX, BIOCOMPATIVEL) PARA O HOSPITAL GERAL DE FORTALEZA-HGF/SESA.",2880.0,2880.0,2880.0,0.0,2026-09-23,2026-09-23,2026-12-31,,,2026-09-26T00:18:33,2026-09-26T00:18:36,False,1,0,False,False,1458739,,,,False,24001.076238/202610,07954480000179-2-036016/2026,Secretaria do Planejamento e Gestão do Ceará,07954480000179,ESTADO DO CEARA,N,E,2,Compras,7,Empenho,Ceará,CE,Fortaleza,241281,HOSPITAL GERAL DE FORTALEZA,2304400
07954480000179-1-023855/2024,07954480000179-1-023855/2024-000001,,2026,36017,2026-09-26T00:18:45,PJ,03679808000216,BIO INFINITY COMERCIO HOSPITALAR E LOCACAO LTDA,,,,"AQUISIÇÃO DE MATERIAL HOSPITALAR (ACESSORIO, CABO DE ECG, 3 VIAS, PECA UNICA, CONECTOR TIPO GARRA, ORIGINAL OU COMPATIVEL, USO EM DESFIBRILADOR PHILIPS ) - PARA O HOSPITAL GERAL DE FORTALEZA - HGF/SESA. ORDEM DE COMPRA/SERVIÇO Nº 75697/2026 - ATA DE REGISTRO DE PREÇO Nº 2026/00019",5600.0,5600.0,5600.0,0.0,2026-09-23,2026-09-23,2026-12-31,,,2026-09-26T00:18:42,2026-09-26T00:18:45,False,1,0,False,False,1458752,,,,False,24001.077363/202639,07954480000179-2-036017/2026,Secretaria do Planejamento e Gestão do Ceará,07954480000179,ESTADO DO CEARA,N,E,2,Compras,7,Empenho,Ceará,CE,Fortaleza,241281,HOSPITAL GERAL DE FORTALEZA,2304400
07954480000179-1-019491/2026,,,2026,36018,2026-09-26T00:19:05,PJ,63957992000160,63.957.992 IGOR NASCIMENTO SOBRAL,,,,AQUISIÇÃO DE MATERIAL DE CONSUMO PARA ATENDER AS NECESSIDADES DA FUNECE,1760.0,1760.0,1760.0,0.0,2026-09-22,2026-09-22,2026-12-31,,,2026-09-26T00:18:54,2026-09-26T00:19:05,False,1,0,False,False,1456383,,,,False,31032.003548/202613,07954480000179-2-036018/2026,Secretaria do Planejamento e Gestão do Ceará,07954480000179,ESTADO DO CEARA,N,E,2,Compras,7,Empenho,Ceará,CE,Fortaleza,310101,FUNDACAO UNIVERSIDADE ESTADUAL DO CEARA,2304400
07954480000179-1-020932/2026,,,2026,36019,2026-09-26T00:19:26,PJ,06106789000146,RAIMUNDO ANASTACIO DE SOUSA ANDRADE - ME,,,,MATERIAL DE EXPEDIENTE 2 (MATERIAL DE CONSUMO 2026) - EEMTI MONSENHOR AGUIAR - TIANGUA - CREDE 5 -,4092.6,4092.6,4092.6,0.0,2026-09-22,2026-09-22,2026-12-31,,,2026-09-26T00:19:14,2026-09-26T00:19:26,False,1,0,False,False,1455521,,,,False,22001.135126/202674,07954480000179-2-036019/2026,Secretaria do Planejamento e Gestão do Ceará,07954480000179,ESTADO DO CEARA,N,E,2,Compras,7,Empenho,Ceará,CE,Tianguá,228309,EEM MONSENHOR AGUIAR,2313401
07954480000179-1-017795/2026,,,2026,36020,2026-09-26T00:19:47,PJ,12321127000191,EDUQUE & BRINQUE EIRELI,,,,"Material de Processamento de dados em favor desta EEMTI, conforme Licitação de nº 005/2026 E NUP 22001088235202695,. EEMTI ARACY MAGALHÃES MARTINS - SANTA QUITERIA - CREDE 7 -",1154.79,1154.79,1154.79,0.0,2026-09-22,2026-09-22,2026-12-31,,,2026-09-26T00:19:34,2026-09-26T00:19:47,False,1,0,False,False,1457710,,,,False,22001.088235/202695,07954480000179-2-036020/2026,Secretaria do Planejamento e Gestão do Ceará,07954480000179,ESTADO DO CEARA,N,E,2,Compras,7,Empenho,Ceará,CE,Santa Quitéria,228390,EEM ARACI MAGALHÃES MARTINS,2312205
07954480000179-1-010566/2024,07954480000179-1-010566/2024-000001,,2026,36021,2026-09-26T00:19:57,PJ,26094008000158,SOLUÇÃO COMERCIO DE GASES EQUIPAMENTOS E SERVIÇOS LTDA ME,,,,"Aquisição de gás hélio para uso no Núcleo de Análises de Psicotrópicos e Entorpecentes (NUPEN), pertencente à Coordenadoria de Análises Laboratoriais Forenses (CALF).",14200.0,14200.0,14200.0,0.0,2026-09-22,2026-09-22,2026-12-31,,,2026-09-26T00:19:53,2026-09-26T00:19:57,False,1,0,False,False,1458044,,,,False,10011.006139/202639,07954480000179-2-036021/2026,Secretaria do Planejamento e Gestão do Ceará,07954480000179,ESTADO DO CEARA,N,E,2,Compras,7,Empenho,Ceará,CE,Fortaleza,101071,PERICIA FORENSE DO ESTADO DO CEARA,2304400
07954480000179-1-022647/2026,,,2026,36022,2026-09-26T00:20:19,PJ,36901695000120,C G C DE ARAUJO,,,,AQUISIÇÃO - MATERIAL DE CONSUMO - MATERIAL DE PROTEÇÃO E SEGURANÇA - 2026.2 - ADOLFO FERREIRA DE SOUSA EEEP - REDENCAO - CREDE 8,1296.0,1296.0,1296.0,0.0,2026-09-23,2026-09-23,2026-12-31,,,2026-09-26T00:20:08,2026-09-26T00:20:19,False,1,0,False,False,1458050,,,,False,22001.116813/202691,07954480000179-2-036022/2026,Secretaria do Planejamento e Gestão do Ceará,07954480000179,ESTADO DO CEARA,N,E,2,Compras,7,Empenho,Ceará,CE,Redenção,228409,EEEP ADOLFO FERREIRA DE SOUSA,2311603
07954480000179-1-026219/2025,07954480000179-1-026219/2025-000001,,2026,36023,2026-09-26T00:20:29,PJ,12889035000293,INOVAMED HOSPITALAR LTDA,,,,"Aquisição do item (METOPROLOL SUCCINATO, 25 MG), objetivando o atendimento das demandas da Saúde Prisional do Estado do Ceará.",313.35,313.35,313.35,0.0,2026-09-22,2026-09-22,2026-12-31,,,2026-09-26T00:20:26,2026-09-26T00:20:29,False,1,0,False,False,1458080,,,,False,24001.080173/202607,07954480000179-2-036023/2026,Secretaria do Planejamento e Gestão do Ceará,07954480000179,ESTADO DO CEARA,N,E,2,Compras,7,Empenho,Ceará,CE,Fortaleza,980009,Saúde Prisional - Superintendência da Região de Fortaleza,2304400
07954480000179-1-024410/2025,07954480000179-1-024410/2025-000001,,2026,36024,2026-09-26T00:20:38,PJ,19570720000706,HIPOLABOR FARMACÊUTICA LTDA,,,,"NOREPINEFRINA, AMPOLA 4 ML, HEMITARTARATO, 2 MG/ML, SOLUCAO INJETAVEL, AMPOLA 1.0 AMPOLA",18060.0,18060.0,18060.0,0.0,2026-09-22,2026-09-22,2026-12-31,,,2026-09-26T00:20:36,2026-09-26T00:20:38,False,1,0,False,False,1458214,,,,False,24001.081082/202681,07954480000179-2-036024/2026,Secretaria do Planejamento e Gestão do Ceará,07954480000179,ESTADO DO CEARA,N,E,2,Compras,7,Empenho,Ceará,CE,Fortaleza,980008,Célula de Execução de Compras de Recursos Biomédicos,2304400
07954480000179-1-024853/2024,07954480000179-1-024853/2024-000001,,2026,36025,2026-09-26T00:20:46,PJ,55692400000105,K. N. B. DA SILVA,,,,A aquisição deste material destina-se à recomposição do estoque do almoxarifado para garantir o atendimento da demanda interna do NUTEC,225.0,225.0,225.0,0.0,2026-09-22,2026-09-22,2026-12-31,,,2026-09-26T00:20:44,2026-09-26T00:20:46,False,1,0,False,False,1458348,,,,False,31042.000590/202655,07954480000179-2-036025/2026,Secretaria do Planejamento e Gestão do Ceará,07954480000179,ESTADO DO CEARA,N,E,2,Compras,7,Empenho,Ceará,CE,Fortaleza,310601,NUCLEO DE TECNOLOGIA E QUALIDADE INDUSTRIAL DO CEARA ,2304400
07954480000179-1-025084/2025,07954480000179-1-025084/2025-000001,,2026,36026,2026-09-26T00:20:54,PJ,49324221000104,FRESENIUS KABI BRASIL LTDA,,,,Aquisição de gênero alimentício por meio da ATA N° 2026/22897 para atender as necessidades do HCASG.,2376.0,2376.0,2376.0,0.0,2026-09-23,2026-09-23,2026-12-31,,,2026-09-26T00:20:52,2026-09-26T00:20:54,False,1,0,False,False,1458461,,,,False,24001.075057/202668,07954480000179-2-036026/2026,Secretaria do Planejamento e Gestão do Ceará,07954480000179,ESTADO DO CEARA,N,E,2,Compras,7,Empenho,Ceará,CE,Fortaleza,241291,HOSPITAL DR CARLOS ALBERTO STUDART GOMES - MESSEJANA,2304400
07954480000179-1-020544/2025,,,2026,36027,2026-09-26T00:21:14,PJ,44514232000133,SUPREMA COMERCIO SERVICO E ASSESSORIA LTDA,,,,Insumos para limpeza e higienização da unidade escolar - EEMTI PROFESSORA MARIA MARGARIDA DE CASTRO ALMEIDA - SEFOR 3,1376.8,1376.8,1376.8,0.0,2026-09-23,2026-09-23,2026-12-31,,,2026-09-26T00:21:10,2026-09-26T00:21:14,False,1,0,False,False,1458486,,,,False,22001.143047/202556,07954480000179-2-036027/2026,Secretaria do Planejamento e Gestão do Ceará,07954480000179,ESTADO DO CEARA,N,E,2,Compras,7,Empenho,Ceará,CE,Fortaleza,228159,EEFM PROFESSORA MARIA MARGARIDA DE CASTRO ALMEIDA,2304400
07954480000179-1-026260/2025,07954480000179-1-026260/2025-000001,,2026,36028,2026-09-26T00:21:21,PJ,07197536000198,IMPORTEC IMPORTADORA CEARENSE LTDA,,,,"AQUISIÇÃO DE MATERIAL LABORATORIAL, (REAGENTE, DETERMINACAO QUANTITATIVA DE ANTI RNP/SM, CONTROLES E
CALIBRADORES E OUTROS) PARA O HOSPITAL GERAL DE FORTALEZA-HGF/SESA.",55324.8,55324.8,55324.8,0.0,2026-09-23,2026-09-23,2026-12-31,,,2026-09-26T00:21:19,2026-09-26T00:21:21,False,1,0,False,False,1458591,,,,False,24001.079442/202684,07954480000179-2-036028/2026,Secretaria do Planejamento e Gestão do Ceará,07954480000179,ESTADO DO CEARA,N,E,2,Compras,7,Empenho,Ceará,CE,Fortaleza,241281,HOSPITAL GERAL DE FORTALEZA,2304400
07954480000179-1-023000/2025,07954480000179-1-023000/2025-000001,,2026,36029,2026-09-26T00:21:28,PJ,57088206000132,D. V. PINHEIRO LTDA,,,,"Aquisição de material de consumo (açúcar), visando atender as necessidades da Casa Civil, de acordo com as especificações e quantitativos previstos no Termo de Referência, através de Ata de Registro de Preços nº 026/06779/SEPLAG, oriunda do Pregão Eletrônico nº 2025/0024/SEPLAG.",3250.0,3250.0,3250.0,0.0,2026-09-23,2026-09-23,2026-12-31,,,2026-09-26T00:21:27,2026-09-26T00:21:28,False,1,0,False,False,1458814,,,,False,30001.014078/202618,07954480000179-2-036029/2026,Secretaria do Planejamento e Gestão do Ceará,07954480000179,ESTADO DO CEARA,N,E,2,Compras,7,Empenho,Ceará,CE,Fortaleza,300001,CASA CIVIL,2304400
07954480000179-1-024640/2024,07954480000179-1-024640/2024-000001,,2026,36030,2026-09-26T00:21:42,PJ,52332054000158,FG COMERCIO TENDTUDO LTDA,,,,"RECURSO DESTINADO AQUISIÇÃO DE MATERIAL DE EXPEDIENTE, REFERENTE A ATA DO RP 2026/00063 - PARA O HSJ.",154.05,154.05,154.05,0.0,2026-09-22,2026-09-22,2026-12-31,,,2026-09-26T00:21:42,2026-09-26T00:21:42,False,1,0,False,False,1456881,,,,False,24001.078388/202650,07954480000179-2-036030/2026,Secretaria do Planejamento e Gestão do Ceará,07954480000179,ESTADO DO CEARA,N,E,2,Compras,7,Empenho,Ceará,CE,Fortaleza,241331,HOSPITAL SAO JOSE DE DOENCAS INFECCIOSAS,2304400
07954480000179-1-024640/2024,07954480000179-1-024640/2024-000001,,2026,36031,2026-09-26T00:21:56,PJ,24827291000154,AMAR TRANSPORTES DE CARGAS E COMERCIO DE ARMARINHOS EM GERAL LTDA,,,,"RECURSO DESTINADO AQUISIÇÃO DE MATERIAL DE EXPEDIENTE, REFERENTE A ATA DO RP 2026/00063 - PARA O HSJ.",490.0,490.0,490.0,0.0,2026-09-22,2026-09-22,2026-12-31,,,2026-09-26T00:21:54,2026-09-26T00:21:56,False,1,0,False,False,1456896,,,,False,24001.078390/202629,07954480000179-2-036031/2026,Secretaria do Planejamento e Gestão do Ceará,07954480000179,ESTADO DO CEARA,N,E,2,Compras,7,Empenho,Ceará,CE,Fortaleza,241331,HOSPITAL SAO JOSE DE DOENCAS INFECCIOSAS,2304400
07954480000179-1-024564/2024,07954480000179-1-024564/2024-000001,,2026,36032,2026-09-26T00:22:08,PJ,37438274000177,SELLMED PRODUTOS MEDICOS E HOSPITALARES LTDA,,,,Aquisição de material médico hospitalar de acordo com ATA 2026/23761 para atender as necessidade do HCASG.,91720.0,91720.0,91720.0,0.0,2026-09-23,2026-09-23,2026-12-31,,,2026-09-26T00:22:05,2026-09-26T00:22:08,False,1,0,False,False,1458245,,,,False,24001.067417/202658,07954480000179-2-036032/2026,Secretaria do Planejamento e Gestão do Ceará,07954480000179,ESTADO DO CEARA,N,E,2,Compras,7,Empenho,Ceará,CE,Fortaleza,241291,HOSPITAL DR CARLOS ALBERTO STUDART GOMES - MESSEJANA,2304400
07954480000179-1-006865/2025,07954480000179-1-006865/2025-000001,,2026,36033,2026-09-26T00:22:17,PJ,52332054000158,FG COMERCIO TENDTUDO LTDA,,,,"A aquisição deste material destina-se à recomposição do estoque do almoxarifado para garantir o atendimento da demanda interna do NUTEC "" CLIPS""",146.27,146.27,146.27,0.0,2026-09-22,2026-09-22,2026-12-31,,,2026-09-26T00:22:16,2026-09-26T00:22:17,False,1,0,False,False,1458479,,,,False,31042.000591/202608,07954480000179-2-036033/2026,Secretaria do Planejamento e Gestão do Ceará,07954480000179,ESTADO DO CEARA,N,E,2,Compras,7,Empenho,Ceará,CE,Fortaleza,310601,NUCLEO DE TECNOLOGIA E QUALIDADE INDUSTRIAL DO CEARA ,2304400
07954480000179-1-022263/2026,,,2026,36034,2026-09-26T00:22:36,PJ,05921476000189,F C SOARES E SILVA - ME,,,,Material de Expediente - EEMTI LICEU VILA VELHA - (SEFOR 1),1960.8,1960.8,1960.8,0.0,2026-09-22,2026-09-22,2026-12-31,,,2026-09-26T00:22:29,2026-09-26T00:22:36,False,1,0,False,False,1456058,,,,False,22001.138337/202669,07954480000179-2-036034/2026,Secretaria do Planejamento e Gestão do Ceará,07954480000179,ESTADO DO CEARA,N,E,2,Compras,7,Empenho,Ceará,CE,Fortaleza,228016,LICEU DA VILA VELHA,2304400
07954480000179-1-023147/2026,,,2026,36035,2026-09-26T00:22:43,PJ,25179741000102,EXPRESSO DISTRIBUIDORA EIRELI,,,,COTAÇÃO ELETRÔNICA Nº 29/2026 - AQUISIÇÃO DE MATERIAL DE LIMPEZA E HIGIENIZAÇÃO EM FAVOR DA EEM WALDEMAR ALCÂNTARA. SAO GONCALO DO AMARANTE - CREDE 2,5731.25,5731.25,5731.25,0.0,2026-09-23,2026-09-23,2026-12-31,,,2026-09-26T00:22:39,2026-09-26T00:22:43,False,1,0,False,False,1457268,,,,False,22001.144318/202671,07954480000179-2-036035/2026,Secretaria do Planejamento e Gestão do Ceará,07954480000179,ESTADO DO CEARA,N,E,2,Compras,7,Empenho,Ceará,CE,São Gonçalo do Amarante,228259,EEM WALDEMAR ALCÂNTARA,2312403
07954480000179-1-023000/2025,07954480000179-1-023000/2025-000001,,2026,36036,2026-09-26T00:22:52,PJ,59089998000195,JUMBO SAUDE IMPORTACAO E EXPORTACAO LTDA,,,,"Aquisição de material de consumo CAFÉ, para atender a demanda da Secretaria de Segurança Pública e Defesa Social ¿ SSPDS, de acordo com as especificações e quantitativos previstos neste Termo.",22440.0,22440.0,22440.0,0.0,2026-09-22,2026-09-22,2026-12-31,,,2026-09-26T00:22:49,2026-09-26T00:22:52,False,1,0,False,False,1457341,,,,False,10001.014211/202611,07954480000179-2-036036/2026,Secretaria do Planejamento e Gestão do Ceará,07954480000179,ESTADO DO CEARA,N,E,2,Compras,7,Empenho,Ceará,CE,Fortaleza,100001,SECRETARIA DA SEGURANCA PUBLICA E DEFESA SOCIAL,2304400
07954480000179-1-021353/2026,,,2026,36037,2026-09-26T00:23:26,PJ,52588960000118,NEMA COMERCIO LTDA,,,,Material de expediente- Pincel e refil - EEMTI JOSÉ ALEXANDRE - CAUCAIA - CREDE 1,3030.0,3030.0,3030.0,0.0,2026-09-23,2026-09-23,2026-12-31,,,2026-09-26T00:23:03,2026-09-26T00:23:26,False,1,0,False,False,1455674,,,,False,22001.103879/202611,07954480000179-2-036037/2026,Secretaria do Planejamento e Gestão do Ceará,07954480000179,ESTADO DO CEARA,N,E,2,Compras,7,Empenho,Ceará,CE,Caucaia,228180,EEM JOSÉ ALEXANDRE,2303709
07954480000179-1-023316/2026,,,2026,36038,2026-09-26T00:23:41,PJ,38017226000178, E RODRIGUES DO NASCIMENTO,,,,Material Copa e Cozinha - EEM GOVERNADOR ADAUTO BEZERRA -  (SEFOR 3),12017.39,12017.39,12017.39,0.0,2026-09-22,2026-09-22,2026-12-31,,,2026-09-26T00:23:33,2026-09-26T00:23:41,False,1,0,False,False,1457814,,,,False,22001.145016/202611,07954480000179-2-036038/2026,Secretaria do Planejamento e Gestão do Ceará,07954480000179,ESTADO DO CEARA,N,E,2,Compras,7,Empenho,Ceará,CE,Fortaleza,228108,EEM GOVERNADOR ADAUTO BEZERRA,2304400
07954480000179-1-025170/2025,07954480000179-1-025170/2025-000001,,2026,36039,2026-09-26T00:23:54,PJ,11034934001485,NDS DISTRIBUIDORA DE MEDICAMENTOS LTDA,,,,"Aquisição do item (METRONIDAZOL, 250MG, COMPRIMIDO), objetivando o atendimento das demandas da Saúde Prisional do Estado do Ceará.",1263.6,1263.6,1263.6,0.0,2026-09-22,2026-09-22,2026-12-31,,,2026-09-26T00:23:50,2026-09-26T00:23:54,False,1,0,False,False,1457964,,,,False,24001.080178/202621,07954480000179-2-036039/2026,Secretaria do Planejamento e Gestão do Ceará,07954480000179,ESTADO DO CEARA,N,E,2,Compras,7,Empenho,Ceará,CE,Fortaleza,980009,Saúde Prisional - Superintendência da Região de Fortaleza,2304400
07954480000179-1-021925/2025,07954480000179-1-021925/2025-000001,,2026,36040,2026-09-26T00:24:05,PJ,06342699000154,PRISMA DISTRIBUIDORA DE PAPEIS LTDA,,,,Aquisições de Material de Consumo Material de Iluminação (Pilha AA).,767.5,767.5,767.5,0.0,2026-09-23,2026-09-23,2026-12-31,,,2026-09-26T00:24:01,2026-09-26T00:24:05,False,1,0,False,False,1458070,,,,False,21001.007100/202674,07954480000179-2-036040/2026,Secretaria do Planejamento e Gestão do Ceará,07954480000179,ESTADO DO CEARA,N,E,2,Compras,7,Empenho,Ceará,CE,Fortaleza,210001,SECRETARIA DO DESENVOLVIMENTO AGRARIO,2304400
07954480000179-1-021996/2026,,,2026,36041,2026-09-26T00:24:18,PJ,49179057000199,AVANTI COMERCIAL E SERVICOS LTDA,,,,MATERIAL DE EXPEDIENTE - EEFM JOSÉ LEOPOLDINO DA SILVA FILHO - (SEFOR 3),2286.9,2286.9,2286.9,0.0,2026-09-22,2026-09-22,2026-12-31,,,2026-09-26T00:24:09,2026-09-26T00:24:18,False,1,0,False,False,1458164,,,,False,22001.140044/202641,07954480000179-2-036041/2026,Secretaria do Planejamento e Gestão do Ceará,07954480000179,ESTADO DO CEARA,N,E,2,Compras,7,Empenho,Ceará,CE,Fortaleza,228151,EEFM JOSÉ LEOPOLDINO DA SILVA FILHO,2304400
07954480000179-1-014869/2025,07954480000179-1-014869/2025-000001,,2026,36042,2026-09-26T00:24:30,PJ,13291742000165,PHOENIX MED PRODUTOS MEDICO HOSPITALAR EIRELI - ME,,,,Aquisição de material médico hospitalar de acordo com ATA 2026/09366 para atender as necessidade do HCASG.,12000.0,12000.0,12000.0,0.0,2026-09-22,2026-09-22,2026-12-31,,,2026-09-26T00:24:26,2026-09-26T00:24:30,False,1,0,False,False,1458240,,,,False,24001.067106/202699,07954480000179-2-036042/2026,Secretaria do Planejamento e Gestão do Ceará,07954480000179,ESTADO DO CEARA,N,E,2,Compras,7,Empenho,Ceará,CE,Fortaleza,241291,HOSPITAL DR CARLOS ALBERTO STUDART GOMES - MESSEJANA,2304400
07954480000179-1-022884/2025,07954480000179-1-022884/2025-000001,,2026,36043,2026-09-26T00:24:44,PJ,05329222000176,SELLENE COMÉRCIO E REPRESENTAÇÕES LTDA,,,,Aquisição de gênero alimentício por meio da ATA N° 2026/24560 para atender as necessidades do HCASG.,3283.2,3283.2,3283.2,0.0,2026-09-23,2026-09-23,2026-12-31,,,2026-09-26T00:24:37,2026-09-26T00:24:44,False,1,0,False,False,1458251,,,,False,24001.075108/202651,07954480000179-2-036043/2026,Secretaria do Planejamento e Gestão do Ceará,07954480000179,ESTADO DO CEARA,N,E,2,Compras,7,Empenho,Ceará,CE,Fortaleza,241291,HOSPITAL DR CARLOS ALBERTO STUDART GOMES - MESSEJANA,2304400
07954480000179-1-022771/2026,,,2026,36044,2026-09-26T00:25:08,PJ,48293154000145,48.293.154 FRANCISCO DANIEL DE ARAUJO,,,,AQUISIÇÃO - MATERIAL DE CONSUMO - MATERIAL DE EXPEDIENTE - 2026.3 - ADOLFO FERREIRA DE SOUSA EEEP - REDENCAO - CREDE 8,700.65,700.65,700.65,0.0,2026-09-23,2026-09-23,2026-12-31,,,2026-09-26T00:24:51,2026-09-26T00:25:08,False,1,0,False,False,1458611,,,,False,22001.116857/202611,07954480000179-2-036044/2026,Secretaria do Planejamento e Gestão do Ceará,07954480000179,ESTADO DO CEARA,N,E,2,Compras,7,Empenho,Ceará,CE,Redenção,228409,EEEP ADOLFO FERREIRA DE SOUSA,2311603
07954480000179-1-025659/2025,07954480000179-1-025659/2025-000001,,2026,36045,2026-09-26T00:25:22,PJ,10588595001335,SANOFI MEDLEY FARMACEUTICA LTDA,,,,"AQUISIÇÃO DE MEDICAMENTO PARA ATENDER DEMANDA DA PPI - INSULINA, ANALOGA DE ACAO PROLONGADA, 100UI/ML, SOLUCAO INJETAVEL CANETA PREENCHIDA 3ML",1217500.0,1217500.0,1217500.0,0.0,2026-09-23,2026-09-23,2026-12-31,,,2026-09-26T00:25:16,2026-09-26T00:25:22,False,1,0,False,False,1458789,,,,False,24001.081934/202630,07954480000179-2-036045/2026,Secretaria do Planejamento e Gestão do Ceará,07954480000179,ESTADO DO CEARA,N,E,2,Compras,7,Empenho,Ceará,CE,Fortaleza,980008,Célula de Execução de Compras de Recursos Biomédicos,2304400
07954480000179-1-023055/2026,,,2026,36046,2026-09-26T00:25:52,PJ,51158968000181,"CAPISTRANO DEDETIZADORA, COMERCIO E SERVICOS LTDA",,,,MATERIAL DE CONSUMO - MATERIAL DE EXPEDIENTE. EEMTI MONSENHOR FURTADO - MERUOCA - CREDE 6,2573.0,2573.0,2573.0,0.0,2026-09-22,2026-09-22,2026-12-31,,,2026-09-26T00:25:34,2026-09-26T00:25:52,False,1,0,False,False,1457581,,,,False,22001.142963/202650,07954480000179-2-036046/2026,Secretaria do Planejamento e Gestão do Ceará,07954480000179,ESTADO DO CEARA,N,E,2,Compras,7,Empenho,Ceará,CE,Meruoca,228344,EEM MONSENHOR FURTADO,2308203
07954480000179-1-022418/2026,,,2026,36047,2026-09-26T00:26:20,PJ,05921476000189,F C SOARES E SILVA - ME,,,,MATERIAL DE ACONDICIONAMENTO E EMBALAGEM - EEMTI INTEGRADA 2 DE MAIO - (SEFOR 2),88.0,88.0,88.0,0.0,2026-09-23,2026-09-23,2026-12-31,,,2026-09-26T00:26:01,2026-09-26T00:26:20,False,1,0,False,False,1457807,,,,False,22001.116191/202609,07954480000179-2-036047/2026,Secretaria do Planejamento e Gestão do Ceará,07954480000179,ESTADO DO CEARA,N,E,2,Compras,7,Empenho,Ceará,CE,Fortaleza,228086,EEFM INTEGRADA 2 DE MAIO,2304400
07954480000179-1-024556/2025,07954480000179-1-024556/2025-000001,,2026,36048,2026-09-26T00:26:30,PJ,02600770000109,COMERCIAL VALFARMA EIRELI,,,,"AQUISIÇÃO DE COMPRESSA, GAZE ESTERIL, COR BRANCA, ABSORVENTE, ISENTA DE AMIDO, ALVEJANTE OPTICO E CONTAMINANTES, ACABAMENTO SEM REBARBAS E SEM SOLTAR FIOS, PRONTA PARA USO, ESTERIL, 15CMX30CM ABERTA, 7,5CMX7,5CM FECHADA 11 FIOS/CM2, EM 8 CAMADAS, PACOTE 5.0 UNIDADE. MARCA: AMED. PARA ATENDER A UNIDADES DE SAÚDE DO ESTADO DO CEARÁ/SESA.",37682.28,37682.28,37682.28,0.0,2026-09-22,2026-09-22,2026-12-31,,,2026-09-26T00:26:29,2026-09-26T00:26:30,False,1,0,False,False,1458156,,,,False,24001.080966/202618,07954480000179-2-036048/2026,Secretaria do Planejamento e Gestão do Ceará,07954480000179,ESTADO DO CEARA,N,E,2,Compras,7,Empenho,Ceará,CE,Fortaleza,980008,Célula de Execução de Compras de Recursos Biomédicos,2304400
07954480000179-1-023366/2024,07954480000179-1-023366/2024-000001,,2026,36049,2026-09-26T00:26:41,PJ,09511423000140,AGF MEDICAL LTDA,,,,"AQUISIÇÃO DE MATERIAL MÉDICO HOSPITALAR, (PLACA, BLOQUEADA DE AUTO-COMPRESSAO, EM ACO, PARA UMERO DIAFISARIO) ; ( PARAFUSO, CORTICAL 3,5MM, BLOQUEIO PFI, ACO INOX, 10 - 60MM,AUTOROSQUEANTE) E OUTROS ITENS   PARA O HOSPITAL GERAL DE FORTALEZA -HGF / SESA.ORDEM DE COMPRA/SERVIÇO Nº 76854/2026 - ATA DE REGISTRO DE PREÇO Nº 2025/08345",4090.42,4090.42,4090.42,0.0,2026-09-23,2026-09-23,2026-12-31,,,2026-09-26T00:26:35,2026-09-26T00:26:41,False,1,0,False,False,1458284,,,,False,24001.078686/202640,07954480000179-2-036049/2026,Secretaria do Planejamento e Gestão do Ceará,07954480000179,ESTADO DO CEARA,N,E,2,Compras,7,Empenho,Ceará,CE,Fortaleza,241281,HOSPITAL GERAL DE FORTALEZA,2304400
07954480000179-1-024573/2024,07954480000179-1-024573/2024-000001,,2026,36050,2026-09-26T00:26:56,PJ,48009091000152,NORCLEAN INDUSTRIA E COMERCIO LTDA,,,,"Aquisição de  Material de Consumo - Limpeza e Higienização: Vassouras Mop e Refil para recomposição do estoque do almoxarifado
para atender a demanda interna do NUTEC.",378.05,378.05,378.05,0.0,2026-09-22,2026-09-22,2026-12-31,,,2026-09-26T00:26:50,2026-09-26T00:26:56,False,1,0,False,False,1458301,,,,False,31042.000522/202696,07954480000179-2-036050/2026,Secretaria do Planejamento e Gestão do Ceará,07954480000179,ESTADO DO CEARA,N,E,2,Compras,7,Empenho,Ceará,CE,Fortaleza,310601,NUCLEO DE TECNOLOGIA E QUALIDADE INDUSTRIAL DO CEARA ,2304400
07954480000179-1-026217/2025,07954480000179-1-026217/2025-000001,,2026,36051,2026-09-26T00:27:11,PJ,62969589001402,CSL BEHRING COMERCIO DE PRODUTOS FARMACEUTICOS LTDA,,,,"AQUSIÇÃO DE  IMUNOGLOBULINA HUMANA, 5G, SOLUCAO INJETAVEL, FRASCO OU FRASCO. PARA ATENDER A UNIDADES DE SAÚDE DO ESTADO DO CEARÁ/SESA",111525.0,111525.0,111525.0,0.0,2026-09-22,2026-09-22,2026-12-31,,,2026-09-26T00:27:07,2026-09-26T00:27:11,False,1,0,False,False,1458323,,,,False,24001.081078/202612,07954480000179-2-036051/2026,Secretaria do Planejamento e Gestão do Ceará,07954480000179,ESTADO DO CEARA,N,E,2,Compras,7,Empenho,Ceará,CE,Fortaleza,980008,Célula de Execução de Compras de Recursos Biomédicos,2304400
07954480000179-1-022489/2026,,,2026,36052,2026-09-26T00:27:31,PJ,50324245000142,RC COMERCIAL E SERVICOS MIX LTDA,,,,Copa e Cozinha (panela de pressão e copos inox) - EEMTI RENATO BRAGA -  (SEFOR 2),1024.0,1024.0,1024.0,0.0,2026-09-23,2026-09-23,2026-12-31,,,2026-09-26T00:27:19,2026-09-26T00:27:31,False,1,0,False,False,1458381,,,,False,22001.141173/202657,07954480000179-2-036052/2026,Secretaria do Planejamento e Gestão do Ceará,07954480000179,ESTADO DO CEARA,N,E,2,Compras,7,Empenho,Ceará,CE,Fortaleza,228072,EEFM RENATO BRAGA,2304400
07954480000179-1-021362/2026,,,2026,36053,2026-09-26T00:27:56,PJ,31175880000160,A & B ARTIGOS E VARIEDADES EM GERAL LTDA,,,,AQUISIÇÃO - MATERIAL DE CONSUMO - MATERIAL DE LIMPEZA - EEFM ALOÍSIO LEO ARLINDO LORSCHEIDER - ITAITINGA - CREDE 1,17614.0,17614.0,17614.0,0.0,2026-09-22,2026-09-22,2026-12-31,,,2026-09-26T00:27:39,2026-09-26T00:27:56,False,1,0,False,False,1455860,,,,False,22001.102522/202615,07954480000179-2-036053/2026,Secretaria do Planejamento e Gestão do Ceará,07954480000179,ESTADO DO CEARA,N,E,2,Compras,7,Empenho,Ceará,CE,Itaitinga,228229,EEFM ALOÍSIO LEO ARLINDO LORSCHEIDER,2306256
07954480000179-1-003491/2023,07954480000179-1-003491/2023-000001,,2026,36054,2026-09-26T00:28:11,PJ,00466084000153,SUPRIMAX COMERCIAL LTDA,,,,"RECURSO DESTINADO AQUISIÇÃO DE MATERIAL DE EXPEDIENTE, REFERENTE A ATA DO RP 2025/31591 - PARA O HSJ.",165.5,165.5,165.5,0.0,2026-09-22,2026-09-22,2026-12-31,,,2026-09-26T00:28:10,2026-09-26T00:28:11,False,1,0,False,False,1456888,,,,False,24001.078380/202693,07954480000179-2-036054/2026,Secretaria do Planejamento e Gestão do Ceará,07954480000179,ESTADO DO CEARA,N,E,2,Compras,7,Empenho,Ceará,CE,Fortaleza,241331,HOSPITAL SAO JOSE DE DOENCAS INFECCIOSAS,2304400
07954480000179-1-023471/2026,,,2026,36055,2026-09-26T00:28:36,PJ,51658042000155,NT COMERCIO DE FERRAGENS E FERRAMENTAS LTDA,,,,AQUISIÇÃO - MATERIAL DE CONSUMO - MATERIAL PARA MANUTENÇÃO DE BENS IMÓVEIS - EEMTI PROFESSOR LUIZ GONZAGA DA FONSECA MOTA - QUIXELO - CREDE 16,1925.0,1925.0,1925.0,0.0,2026-09-22,2026-09-22,2026-12-31,,,2026-09-26T00:28:14,2026-09-26T00:28:36,False,1,0,False,False,1457604,,,,False,22001.106351/202601,07954480000179-2-036055/2026,Secretaria do Planejamento e Gestão do Ceará,07954480000179,ESTADO DO CEARA,N,E,2,Compras,7,Empenho,Ceará,CE,Quixelô,228550,EEM PROFESSOR LUIZ GONZADA DA FONSECA MOTA,2311355
07954480000179-1-025170/2025,07954480000179-1-025170/2025-000001,,2026,36056,2026-09-26T00:28:52,PJ,27589757000119,BELIEVE FARMA COMERCIO DE MEDICAMENTOS E MATERIAIS HOSPITALARES LTDA,,,,"Aquisição do item (PERMETRINA, 5 % 50MG/ML), objetivando o atendimento das demandas da Saúde Prisional do Estado do Ceará.",29344.0,29344.0,29344.0,0.0,2026-09-23,2026-09-23,2026-12-31,,,2026-09-26T00:28:46,2026-09-26T00:28:52,False,1,0,False,False,1458039,,,,False,24001.080174/202643,07954480000179-2-036056/2026,Secretaria do Planejamento e Gestão do Ceará,07954480000179,ESTADO DO CEARA,N,E,2,Compras,7,Empenho,Ceará,CE,Fortaleza,980009,Saúde Prisional - Superintendência da Região de Fortaleza,2304400
07954480000179-1-014869/2025,07954480000179-1-014869/2025-000001,,2026,36057,2026-09-26T00:29:06,PJ,14361780000290,MEDICAL LIFE COMERCIO DE PRODUTOS HOSPITALARES LTDA,,,,Aquisição de material médico hospitalar de acordo com ATA 2026/09366 para atender as necessidade do HCASG.,29400.0,29400.0,29400.0,0.0,2026-09-23,2026-09-23,2026-12-31,,,2026-09-26T00:29:00,2026-09-26T00:29:06,False,1,0,False,False,1458243,,,,False,24001.067108/202688,07954480000179-2-036057/2026,Secretaria do Planejamento e Gestão do Ceará,07954480000179,ESTADO DO CEARA,N,E,2,Compras,7,Empenho,Ceará,CE,Fortaleza,241291,HOSPITAL DR CARLOS ALBERTO STUDART GOMES - MESSEJANA,2304400
07954480000179-1-024954/2024,07954480000179-1-024954/2024-000001,,2026,36058,2026-09-26T00:29:24,PJ,01490595000173,DIAGNOCEL COMERCIO E REPRESENTACOES LTDA,,,,"AQUISIÇÃO DE MATERIAL LABORATORIAL, (REAGENTE, PARA 25-OH VITAMINA D POR IMUNOENSAIO AUTOMATIZADO) PARA O HOSPITAL GERAL DE FORTALEZA-HGF/SESA.",46600.0,46600.0,46600.0,0.0,2026-09-23,2026-09-23,2026-12-31,,,2026-09-26T00:29:18,2026-09-26T00:29:24,False,1,0,False,False,1458570,,,,False,24001.079436/202627,07954480000179-2-036058/2026,Secretaria do Planejamento e Gestão do Ceará,07954480000179,ESTADO DO CEARA,N,E,2,Compras,7,Empenho,Ceará,CE,Fortaleza,241281,HOSPITAL GERAL DE FORTALEZA,2304400
07954480000179-1-003518/2023,07954480000179-1-003518/2023-000001,,2026,36059,2026-09-26T00:29:43,PJ,52332054000158,FG COMERCIO TENDTUDO LTDA,,,,"AQUISIÇÃO DE CADERNO, 1/4 BROCHURA, CAPA DURA COSTURADO, 96 FOLHAS PAUTADAS, DIMENSAO 200X140 MM, VARIACAO +/- 10%, EMBALAGEM 1.0 UNIDADE. MARCA: Jandaia",200.0,200.0,200.0,0.0,2026-09-23,2026-09-23,2026-12-31,,,2026-09-26T00:29:38,2026-09-26T00:29:43,False,1,0,False,False,1458578,,,,False,24001.081322/202647,07954480000179-2-036059/2026,Secretaria do Planejamento e Gestão do Ceará,07954480000179,ESTADO DO CEARA,N,E,2,Compras,7,Empenho,Ceará,CE,Fortaleza,241521,INSTITUTO DE PREVENCAO DO CANCER,2304400
07954480000179-1-022508/2024,07954480000179-1-022508/2024-000001,,2026,36060,2026-09-26T00:29:59,PJ,21551379000874,BECTON DICKINSON IND. CIRURGICAS LTDA,,,,"AQUISIÇÃO DE CATETER, 5-0FR, PONTA ABERTA, CENTRAL DE INSERCAO PERIFERICA, PEEL WAY RADIOPACA, DISPOSITIVO DE SEGURANCA ATIVO OU PASSIVO, POLIURETANO DUPLO LUMEN, DEMARCADO CM A CM, ATE 65CM, AGULHA INTRODUTORA 21G A 19G, RECOMENDADO PARA INSERCAO ATRAVES DE TECNICA DE SELDINGER COM USO DE ULTRASSOM, PARA ATENDER A UNIDADES DE SAÚDE DO ESTADO DO CEARÁ/SESA",56250.0,56250.0,56250.0,0.0,2026-09-23,2026-09-23,2026-12-31,,,2026-09-26T00:29:52,2026-09-26T00:29:59,False,1,0,False,False,1458732,,,,False,24001.081842/202650,07954480000179-2-036060/2026,Secretaria do Planejamento e Gestão do Ceará,07954480000179,ESTADO DO CEARA,N,E,2,Compras,7,Empenho,Ceará,CE,Fortaleza,980008,Célula de Execução de Compras de Recursos Biomédicos,2304400
07954480000179-1-022579/2026,,,2026,36061,2026-09-26T00:30:24,PJ,58533299000120,TOTAL DEP MATERIAL E FERRAMENTAS LTDA,,,,AQUISIÇÃO - MATERIAL DE CONSUMO - MATERIAL ELÉTRICO E ELETRÔNICO. EEMTI DESEMBARGADOR RAIMUNDO CARVALHO LIMA - PACATUBA - CREDE 1 -,995.0,995.0,995.0,0.0,2026-09-23,2026-09-23,2026-12-31,,,2026-09-26T00:30:20,2026-09-26T00:30:24,False,1,0,False,False,1457448,,,,False,22001.118638/202676,07954480000179-2-036061/2026,Secretaria do Planejamento e Gestão do Ceará,07954480000179,ESTADO DO CEARA,N,E,2,Compras,7,Empenho,Ceará,CE,Pacatuba,228206,EEFM DESEMBARGADOR RAIMUNDO CARVALHO LIMA,2309706
07954480000179-1-006865/2025,07954480000179-1-006865/2025-000001,,2026,36062,2026-09-26T00:30:38,PJ,52332054000158,FG COMERCIO TENDTUDO LTDA,,,,"RECURSO DESTINADO AQUISIÇÃO DE MATERIAL DE EXPEDIENTE, REFERENTE A ATA DO RP 2025/02063 - PARA O HSJ.",341.07,341.07,341.07,0.0,2026-09-22,2026-09-22,2026-12-31,,,2026-09-26T00:30:34,2026-09-26T00:30:38,False,1,0,False,False,1456892,,,,False,24001.078387/202613,07954480000179-2-036062/2026,Secretaria do Planejamento e Gestão do Ceará,07954480000179,ESTADO DO CEARA,N,E,2,Compras,7,Empenho,Ceará,CE,Fortaleza,241331,HOSPITAL SAO JOSE DE DOENCAS INFECCIOSAS,2304400
07954480000179-1-021192/2026,,,2026,36063,2026-09-26T00:30:55,PJ,07121465000140,I M PEREIRA,,,,AQUISIÇÃO - MATERIAL DE CONSUMO - RECARGA DE EXTINTORES - EEMTI PROFESSOR WALQUER CAVALCANTE MAIA  - RUSSAS - CREDE 10 -,715.2,715.2,715.2,0.0,2026-09-23,2026-09-23,2026-12-31,,,2026-09-26T00:30:49,2026-09-26T00:30:55,False,1,0,False,False,1455368,,,,False,22001.133322/202612,07954480000179-2-036063/2026,Secretaria do Planejamento e Gestão do Ceará,07954480000179,ESTADO DO CEARA,N,E,2,Compras,7,Empenho,Ceará,CE,Russas,229321,EEMTI PROFESSOR WALQUER CAVALCANTE MAIA,2311801
07954480000179-1-018006/2026,,,2026,36064,2026-09-26T00:31:15,PJ,54762627000109,RGB COMERCIO E SERVICOS LTDA,,,,Aquisição de Material de Processamento de Dados para EEMTI Professor Antônio Martins Filho - MARACANAU - CREDE 1,1769.7,1769.7,1769.7,0.0,2026-09-22,2026-09-22,2026-12-31,,,2026-09-26T00:30:59,2026-09-26T00:31:15,False,1,0,False,False,1455434,,,,False,22001.080110/202617,07954480000179-2-036064/2026,Secretaria do Planejamento e Gestão do Ceará,07954480000179,ESTADO DO CEARA,N,E,2,Compras,7,Empenho,Ceará,CE,Maracanaú,228185,EEM PROFESSOR ANTÔNIO MARTINS FILHO,2307650
07954480000179-1-020432/2026,,,2026,36065,2026-09-26T00:31:27,PJ,36965199000130,F REGIVALDO VIANA,,,,COTAÇÃO ELETRÔNICA Nº 20260011 ¿ AQUISIÇÃO DE MATERIAL DE CONSUMO - GÁS ENGARRAFADO (RECARGA DE EXTINTORES) EM FAVOR DA EEEP MONS. LUÍS XIMENES FREIRE. SANTA QUITERIA - CREDE 7,1500.0,1500.0,1500.0,0.0,2026-09-23,2026-09-23,2026-12-31,,,2026-09-26T00:31:17,2026-09-26T00:31:27,False,1,0,False,False,1457677,,,,False,22001.128054/202617,07954480000179-2-036065/2026,Secretaria do Planejamento e Gestão do Ceará,07954480000179,ESTADO DO CEARA,N,E,2,Compras,7,Empenho,Ceará,CE,Santa Quitéria,228391,EEEP MONSENHOR LUIS XIMENES FREIRE,2312205
07954480000179-1-018493/2026,,,2026,36066,2026-09-26T00:31:41,PJ,05921476000189,F C SOARES E SILVA - ME,,,,MATERIAL DE EXPEDIENTE - EEMTI INTEGRADA 2 DE MAIO -  (SEFOR 2),2311.0,2311.0,2311.0,0.0,2026-09-23,2026-09-23,2026-12-31,,,2026-09-26T00:31:35,2026-09-26T00:31:41,False,1,0,False,False,1457808,,,,False,22001.116184/202607,07954480000179-2-036066/2026,Secretaria do Planejamento e Gestão do Ceará,07954480000179,ESTADO DO CEARA,N,E,2,Compras,7,Empenho,Ceará,CE,Fortaleza,228086,EEFM INTEGRADA 2 DE MAIO,2304400
07954480000179-1-021698/2026,,,2026,36067,2026-09-26T00:32:42,PJ,50324245000142,RC COMERCIAL E SERVICOS MIX LTDA,,,,COPA E COZINHA - CEJA PROFESSOR JOSÉ NEUDSON BRAGA -  (SEFOR 1),2610.0,2610.0,2610.0,0.0,2026-09-22,2026-09-22,2026-12-31,,,2026-09-26T00:32:19,2026-09-26T00:32:42,False,1,0,False,False,1457209,,,,False,22001.134740/202619,07954480000179-2-036067/2026,Secretaria do Planejamento e Gestão do Ceará,07954480000179,ESTADO DO CEARA,N,E,2,Compras,7,Empenho,Ceará,CE,Fortaleza,228112,CEJA PROFESSOR JOSÉ NEUDSON BRAGA,2304400
07954480000179-1-023348/2026,,,2026,36068,2026-09-26T00:33:02,PJ,53029926000176,CSV COMERCIO E SERVICOS LTDA,,,,Justifica-se pela necessidade da Aquisição de Material de Consumo - Material de Expediente em favor da referida referida Unidade Escolar. EEMTI MARIA CELESTE DE AZEVEDO PORTO - TRAIRI - CREDE 2,2174.6,2174.6,2174.6,0.0,2026-09-22,2026-09-22,2026-12-31,,,2026-09-26T00:32:47,2026-09-26T00:33:02,False,1,0,False,False,1457307,,,,False,22001.145742/202633,07954480000179-2-036068/2026,Secretaria do Planejamento e Gestão do Ceará,07954480000179,ESTADO DO CEARA,N,E,2,Compras,7,Empenho,Ceará,CE,Trairi,228653,EEM MARIA CELESTE DE AZEVEDO,2313500
07954480000179-1-023097/2026,,,2026,36069,2026-09-26T00:33:24,PJ,51209209000109,RABELO DISTRIBUIDORA LTDA,,,,MATERIAL DE LIMPEZA - CEJA MILTON CUNHA -  (SEFOR 1),5089.32,5089.32,5089.32,0.0,2026-09-22,2026-09-22,2026-12-31,,,2026-09-26T00:33:10,2026-09-26T00:33:24,False,1,0,False,False,1457942,,,,False,22001.126848/202638,07954480000179-2-036069/2026,Secretaria do Planejamento e Gestão do Ceará,07954480000179,ESTADO DO CEARA,N,E,2,Compras,7,Empenho,Ceará,CE,Fortaleza,228079,CEJA MILTON CUNHA,2304400
07954480000179-1-024590/2024,07954480000179-1-024590/2024-000001,,2026,36070,2026-09-26T00:33:40,PJ,01107391001263,SUPPORT PRODUTOS NUTRICIONAIS LTDA,,,,Aquisição de gênero alimentício por meio da ATA N° 2025/34410 para atender as necessidades do HCASG.,7560.0,7560.0,7560.0,0.0,2026-09-23,2026-09-23,2026-12-31,,,2026-09-26T00:33:36,2026-09-26T00:33:40,False,1,0,False,False,1458377,,,,False,24001.075007/202681,07954480000179-2-036070/2026,Secretaria do Planejamento e Gestão do Ceará,07954480000179,ESTADO DO CEARA,N,E,2,Compras,7,Empenho,Ceará,CE,Fortaleza,241291,HOSPITAL DR CARLOS ALBERTO STUDART GOMES - MESSEJANA,2304400
07954480000179-1-024409/2024,07954480000179-1-024409/2024-000001,,2026,36071,2026-09-26T00:33:54,PJ,03426484000123,SALDANHA RODRIGUES LTDA,,,,"AQUISIÇÃO DE SERINGA, SEM AGULHA, BICO LUER LOCK, EM POLIPROPILENO/PLASTICO TRANSPARENTE, DESCARTAVEL 10ML. PARA ATENDER A UNIDADES DE SAÚDE DO ESTADO DO CEARÁ/SESA",68540.0,68540.0,68540.0,0.0,2026-09-23,2026-09-23,2026-12-31,,,2026-09-26T00:33:49,2026-09-26T00:33:54,False,1,0,False,False,1458526,,,,False,24001.081643/202641,07954480000179-2-036071/2026,Secretaria do Planejamento e Gestão do Ceará,07954480000179,ESTADO DO CEARA,N,E,2,Compras,7,Empenho,Ceará,CE,Fortaleza,980008,Célula de Execução de Compras de Recursos Biomédicos,2304400
07954480000179-1-020239/2026,,BRA,2026,36072,2026-09-26T00:34:17,PJ,15660064000196,CENTRO DE FORMACAO DE CONDUTORES ARAUJO LTDA,,,,"Prestação de serviços, por Centros de Formação de Condutores (CFC), referentes à realização de Cursos de Formação Teórico-Técnico e Prática de Direção Veicular, visando a formação e capacitação de candidatos à obtenção da primeira habilitação no âmbito do programa CNH Popular.",1057.18,1057.18,1057.18,0.0,2026-09-23,2026-09-23,2026-12-31,,,2026-09-26T00:34:04,2026-09-26T00:34:17,False,1,0,False,False,1449648,,,,False,08012.862764/202610,07954480000179-2-036072/2026,Secretaria do Planejamento e Gestão do Ceará,07954480000179,ESTADO DO CEARA,N,E,8,Serviços,7,Empenho,Ceará,CE,Fortaleza,080301,DEPARTAMENTO ESTADUAL DE TRANSITO,2304400
07954480000179-1-021817/2026,,,2026,36073,2026-09-26T00:34:35,PJ,55801553000135,INSERT PRINT PAPELARIA LTDA,,,,AQUISIÇÃO DE MATERIAL DE EXPEDIENTE ( KIT ESCOLAR) - ESCOLA INDÍGENA ANAMA TAPEBA - CAUCAIA - CREDE 1 -,5078.03,5078.03,5078.03,0.0,2026-09-23,2026-09-23,2026-12-31,,,2026-09-26T00:34:24,2026-09-26T00:34:35,False,1,0,False,False,1455917,,,,False,22001.136711/202691,07954480000179-2-036073/2026,Secretaria do Planejamento e Gestão do Ceará,07954480000179,ESTADO DO CEARA,N,E,2,Compras,7,Empenho,Ceará,CE,Caucaia,228692,ESCOLA INDÍGENA ANAMA TAPEBA,2303709
07954480000179-1-022219/2026,,,2026,36074,2026-09-26T00:34:51,PJ,19455654000138,M R G DE ARAUJO LTDA,,,,Aquisição de material educativo e esportivo. EEMTI MONSENHOR JOSÉ AUGUSTO DA SILVA - CAMOCIM - CREDE 4,1832.0,1832.0,1832.0,0.0,2026-09-22,2026-09-22,2026-12-31,,,2026-09-26T00:34:41,2026-09-26T00:34:51,False,1,0,False,False,1456043,,,,False,22001.135398/202674,07954480000179-2-036074/2026,Secretaria do Planejamento e Gestão do Ceará,07954480000179,ESTADO DO CEARA,N,E,2,Compras,7,Empenho,Ceará,CE,Camocim,228300,EEM MONSENHOR JOSÉ AUGUSTO DA SILVA,2302602
07954480000179-1-022216/2026,,,2026,36075,2026-09-26T00:35:04,PJ,12986376000104,OSMAR P. ALBUQUERQUE FILHO,,,,Aquisição de material de limpeza e produção de higienização. EEMTI MONSENHOR JOSÉ AUGUSTO DA SILVA - CAMOCIM - CREDE 4 -,2876.67,2876.67,2876.67,0.0,2026-09-22,2026-09-22,2026-12-31,,,2026-09-26T00:34:58,2026-09-26T00:35:04,False,1,0,False,False,1456045,,,,False,22001.135399/202619,07954480000179-2-036075/2026,Secretaria do Planejamento e Gestão do Ceará,07954480000179,ESTADO DO CEARA,N,E,2,Compras,7,Empenho,Ceará,CE,Camocim,228300,EEM MONSENHOR JOSÉ AUGUSTO DA SILVA,2302602
07954480000179-1-016298/2026,,,2026,36076,2026-09-26T00:35:23,PJ,54762627000109,RGB COMERCIO E SERVICOS LTDA,,,,"AQUISIÇÃO DE MATERIAL ELÉTRICOS E ELETRÔNICOS, EM FAVOR DA EEMTI FURTUNATO SEVERIANO DA COSTA - TRAIRI - CREDE 2",761.81,761.81,761.81,0.0,2026-09-22,2026-09-22,2026-12-31,,,2026-09-26T00:35:10,2026-09-26T00:35:23,False,1,0,False,False,1457299,,,,False,22001.096283/202657,07954480000179-2-036076/2026,Secretaria do Planejamento e Gestão do Ceará,07954480000179,ESTADO DO CEARA,N,E,2,Compras,7,Empenho,Ceará,CE,Trairi,228261,EEFM FURTUNATO SEVERIANO DA COSTA,2313500
07954480000179-1-003489/2023,07954480000179-1-003489/2023-000001,BRA,2026,36077,2026-09-26T00:35:52,PJ,40744626000127,AMPLA MASTER COMERCIO E REPRESETACAO LTDA,,,,"AQUISIÇÃO DE MATERIAL DE LIMPEZA PARA ESTE CEO-CENTRO, CONFORME ORDEM DE COMPRAS Nº 77766/2026 E ATA Nº 2025/04085",5700.0,5700.0,5700.0,0.0,2026-09-22,2026-09-22,2026-12-31,,,2026-09-26T00:35:48,2026-09-26T00:35:52,False,1,0,False,False,1457758,,,,False,24001.079688/202656,07954480000179-2-036077/2026,Secretaria do Planejamento e Gestão do Ceará,07954480000179,ESTADO DO CEARA,N,E,2,Compras,7,Empenho,Ceará,CE,Fortaleza,241501,CENTRO ODONTOLOGICO - TIPO I,2304400
07954480000179-1-023649/2026,,,2026,36078,2026-09-26T00:36:09,PJ,52887321000153,52.887.321 FERNANDA GONCALVES DE OLIVEIRA,,,,MATERIAL DE COPA E COZINHA PARA A SUPERINTENDÊNCIA DAS ESCOLAS ESTADUAIS DE FORTALEZA (SEFOR 2),1482.0,1482.0,1482.0,0.0,2026-09-22,2026-09-22,2026-12-31,,,2026-09-26T00:35:58,2026-09-26T00:36:09,False,1,0,False,False,1457996,,,,False,22001.145457/202612,07954480000179-2-036078/2026,Secretaria do Planejamento e Gestão do Ceará,07954480000179,ESTADO DO CEARA,N,E,2,Compras,7,Empenho,Ceará,CE,Fortaleza,221002,SUPERINTENDENCIA DAS ESCOLAS ESTADUAIS DE FORTALEZA - SEFOR2,2304400
07954480000179-1-024280/2024,07954480000179-1-024280/2024-000001,,2026,36079,2026-09-26T00:36:19,PJ,29220512000145,MCN COMERCIO E IMPORTACAO DE PRODUTOS CIRURGICOS LTDA,,,,Aquisição de material médico hospitalar de acordo com ATA 2026/00519 para atender as necessidade do HCASG.,9000.0,9000.0,9000.0,0.0,2026-09-23,2026-09-23,2026-12-31,,,2026-09-26T00:36:15,2026-09-26T00:36:19,False,1,0,False,False,1458247,,,,False,24001.048837/202635,07954480000179-2-036079/2026,Secretaria do Planejamento e Gestão do Ceará,07954480000179,ESTADO DO CEARA,N,E,2,Compras,7,Empenho,Ceará,CE,Fortaleza,241291,HOSPITAL DR CARLOS ALBERTO STUDART GOMES - MESSEJANA,2304400
07954480000179-1-024932/2024,07954480000179-1-024932/2024-000001,,2026,36080,2026-09-26T00:36:32,PJ,11914096000110,PH & B COMERCIO E SERVICOS EIRELI -ME,,,,Aquisição de gênero alimentício por meio da ATA N° 2026/13611 para atender as necessidades do HCASG.,668.0,668.0,668.0,0.0,2026-09-23,2026-09-23,2026-12-31,,,2026-09-26T00:36:28,2026-09-26T00:36:32,False,1,0,False,False,1458276,,,,False,24001.075411/202654,07954480000179-2-036080/2026,Secretaria do Planejamento e Gestão do Ceará,07954480000179,ESTADO DO CEARA,N,E,2,Compras,7,Empenho,Ceará,CE,Fortaleza,241291,HOSPITAL DR CARLOS ALBERTO STUDART GOMES - MESSEJANA,2304400
07954480000179-1-003485/2023,07954480000179-1-003485/2023-000001,,2026,36081,2026-09-26T00:36:46,PJ,11914096000110,PH & B COMERCIO E SERVICOS EIRELI -ME,,,,Aquisição de gênero alimentício por meio da ATA N° 2026/13659 para atender as necessidades do HCASG.,25136.0,25136.0,25136.0,0.0,2026-09-23,2026-09-23,2026-12-31,,,2026-09-26T00:36:42,2026-09-26T00:36:46,False,1,0,False,False,1458390,,,,False,24001.064640/202643,07954480000179-2-036081/2026,Secretaria do Planejamento e Gestão do Ceará,07954480000179,ESTADO DO CEARA,N,E,2,Compras,7,Empenho,Ceará,CE,Fortaleza,241291,HOSPITAL DR CARLOS ALBERTO STUDART GOMES - MESSEJANA,2304400
07954480000179-1-010452/2024,07954480000179-1-010452/2024-000001,BRA,2026,36082,2026-09-26T00:36:59,PJ,20541712000125,NEWLIFE COMERCIO E SERVICOS EIRELI,,,,"AQUISIÇÃO DE MATERIAL LABORATORIAL, (REAGENTE, RECOMBINANTE + CONTROLES PARA DETERMINACAO DO TEMPO DE
PROTROMBINA TP E OUTROS) PARA O HOSPITAL GERAL DE FORTALEZA-HGF/SESA.",58672.8,58672.8,58672.8,0.0,2026-09-23,2026-09-23,2026-12-31,,,2026-09-26T00:36:56,2026-09-26T00:36:59,False,1,0,False,False,1458583,,,,False,24001.079272/202638,07954480000179-2-036082/2026,Secretaria do Planejamento e Gestão do Ceará,07954480000179,ESTADO DO CEARA,N,E,2,Compras,7,Empenho,Ceará,CE,Fortaleza,241281,HOSPITAL GERAL DE FORTALEZA,2304400
07954480000179-1-013229/2025,07954480000179-1-013229/2025-000001,,2026,36083,2026-09-26T00:37:09,PJ,00059062000179,CRYSSIL FORNEC DE MAT E SERV ESPEC LTDA,,,,"AQUISIÇÃO DE MATERIAL HOSPITALAR ( VALVULA, UNIDIRECIONAL COM ADAPTADOR E TUBO T, EM POLICARBONATO OU MATERIAL SIMILAR RESISTENTE E TRANSPARENTE  ) - PARA O HOSPITAL GERAL DE FORTALEZA - HGF/SESA. ORDEM DE COMPRA/SERVIÇO Nº 77368/2026 - ATA DE REGISTRO DE PREÇO Nº 2026/08144.",721.6,721.6,721.6,0.0,2026-09-23,2026-09-23,2026-12-31,,,2026-09-26T00:37:06,2026-09-26T00:37:09,False,1,0,False,False,1458738,,,,False,24001.078837/202660,07954480000179-2-036083/2026,Secretaria do Planejamento e Gestão do Ceará,07954480000179,ESTADO DO CEARA,N,E,2,Compras,7,Empenho,Ceará,CE,Fortaleza,241281,HOSPITAL GERAL DE FORTALEZA,2304400
07954480000179-1-022426/2026,,,2026,36084,2026-09-26T00:37:33,PJ,09076906000164,CENTRO DE FORMACAO DE CONDUTORES EXITO LTDA ,,,,"Prestação de serviços, por Centros de Formação de Condutores (CFC), referentes à realização de Cursos de Formação Teórico-Técnico e Prática de Direção Veicular, visando a formação e capacitação de candidatos à obtenção da primeira habilitação no âmbito do programa CNH Popular.",1078.25,1078.25,1078.25,0.0,2026-09-23,2026-09-23,2026-12-31,,,2026-09-26T00:37:22,2026-09-26T00:37:33,False,1,0,False,False,1454528,,,,False,08012.913626/202606,07954480000179-2-036084/2026,Secretaria do Planejamento e Gestão do Ceará,07954480000179,ESTADO DO CEARA,N,E,8,Serviços,7,Empenho,Ceará,CE,Fortaleza,080301,DEPARTAMENTO ESTADUAL DE TRANSITO,2304400
07954480000179-1-022066/2026,,,2026,36085,2026-09-26T00:37:46,PJ,57546670000125,LIARTES PAPELARIA LTDA,,,,COTAÇÃO ELETRÔNICA 32/2026 - AQUISIÇÃO DE MATERIAL DE EXPEDIENTE EM FAVOR DA EEM JOAQUIM MAGALHÃES. ITAPIPOCA - CREDE 2 -,3936.0,3936.0,3936.0,0.0,2026-09-23,2026-09-23,2026-12-31,,,2026-09-26T00:37:38,2026-09-26T00:37:46,False,1,0,False,False,1457231,,,,False,22001.140527/202646,07954480000179-2-036085/2026,Secretaria do Planejamento e Gestão do Ceará,07954480000179,ESTADO DO CEARA,N,E,2,Compras,7,Empenho,Ceará,CE,Itapipoca,228238,EEM JOAQUIM MAGALHÃES,2306405
07954480000179-1-019110/2026,,,2026,36086,2026-09-26T00:38:01,PJ,62602147000109,LION COMERCIAL E SERVICOS LTDA,,,,AQUISIÇÃO DE MATERIAL PERMANENTE PARA ATENDER AS NECESSIDADES DA FUNECE,3378.0,3378.0,3378.0,0.0,2026-09-22,2026-09-22,2026-12-31,,,2026-09-26T00:37:51,2026-09-26T00:38:01,False,1,0,False,False,1457402,,,,False,31032.010425/202621,07954480000179-2-036086/2026,Secretaria do Planejamento e Gestão do Ceará,07954480000179,ESTADO DO CEARA,N,E,2,Compras,7,Empenho,Ceará,CE,Fortaleza,310101,FUNDACAO UNIVERSIDADE ESTADUAL DO CEARA,2304400
07954480000179-1-021925/2025,07954480000179-1-021925/2025-000001,,2026,36087,2026-09-26T00:38:10,PJ,23535805000135,RLUX ILUMINAÇÃO LTDA,,,,Aquisições de Material de Consumo Material de Iluminação (Lampada).,1632.5,1632.5,1632.5,0.0,2026-09-23,2026-09-23,2026-12-31,,,2026-09-26T00:38:07,2026-09-26T00:38:10,False,1,0,False,False,1458150,,,,False,21001.007099/202688,07954480000179-2-036087/2026,Secretaria do Planejamento e Gestão do Ceará,07954480000179,ESTADO DO CEARA,N,E,2,Compras,7,Empenho,Ceará,CE,Fortaleza,210001,SECRETARIA DO DESENVOLVIMENTO AGRARIO,2304400
07954480000179-1-023280/2025,07954480000179-1-023280/2025-000001,,2026,36088,2026-09-26T00:38:16,PJ,07532674000186,APA COMÉRCIO DE PRODUTOS MÉDICOS HOSPITALARES E LABORATORIAIS LTDA - EPP,,,,AQUISIÇÃO DE MATERIAL LABORATORIAL DE ACORDO COM A ORDEM DE COMPRA/SERVIÇO Nº 79718/2026 - ATA DE REGISTRO DE PREÇO Nº 2026/06609 (ITEM 1 - REAGENTES).,189.1,189.1,189.1,0.0,2026-09-23,2026-09-23,2026-12-31,,,2026-09-26T00:38:16,2026-09-26T00:38:16,False,1,0,False,False,1458558,,,,False,24001.079509/202681,07954480000179-2-036088/2026,Secretaria do Planejamento e Gestão do Ceará,07954480000179,ESTADO DO CEARA,N,E,2,Compras,7,Empenho,Ceará,CE,Fortaleza,241531,LABORATORIO CENTRAL DE SAUDE PUBLICA,2304400
07954480000179-1-002825/2024,07954480000179-1-002825/2024-000001,,2026,36089,2026-09-26T00:38:25,PJ,09511423000140,AGF MEDICAL LTDA,,,,"AQUISIÇÃO DE MATERIAL MÉDICO HOSPITALAR, (PROTESE, HASTE UMERAL REVERSO E OUTROS) PARA O HOSPITAL GERAL DE FORTALEZA-HGF/SESA.",80589.34,80589.34,80589.34,0.0,2026-09-23,2026-09-23,2026-12-31,,,2026-09-26T00:38:22,2026-09-26T00:38:25,False,1,0,False,False,1458643,,,,False,24001.078687/202694,07954480000179-2-036089/2026,Secretaria do Planejamento e Gestão do Ceará,07954480000179,ESTADO DO CEARA,N,E,2,Compras,7,Empenho,Ceará,CE,Fortaleza,241281,HOSPITAL GERAL DE FORTALEZA,2304400
07954480000179-1-021819/2026,,,2026,36090,2026-09-26T00:38:53,PJ,44547120000189,L R H COMERCIO E SERVICOS UNIPESSOAL LTDA,,,,MATERIAL EDUCATIVO E ESPORTIVO - ESCOLA INDÍGENA ANAMA TAPEBA - CAUCAIA - CREDE 1,3065.0,3065.0,3065.0,0.0,2026-09-23,2026-09-23,2026-12-31,,,2026-09-26T00:38:42,2026-09-26T00:38:53,False,1,0,False,False,1455927,,,,False,22001.121997/202619,07954480000179-2-036090/2026,Secretaria do Planejamento e Gestão do Ceará,07954480000179,ESTADO DO CEARA,N,E,2,Compras,7,Empenho,Ceará,CE,Caucaia,228692,ESCOLA INDÍGENA ANAMA TAPEBA,2303709
07954480000179-1-021059/2026,,,2026,36091,2026-09-26T00:39:10,PJ,19455654000138,M R G DE ARAUJO LTDA,,,,MATERIAL PARA FESTIVIDADES E HOMENAGENS. EEMTI CASIMIRO LEITE DE OLIVEIRA - PACATUBA - CREDE 1,2507.0,2507.0,2507.0,0.0,2026-09-23,2026-09-23,2026-12-31,,,2026-09-26T00:38:59,2026-09-26T00:39:10,False,1,0,False,False,1456165,,,,False,22001.132818/202661,07954480000179-2-036091/2026,Secretaria do Planejamento e Gestão do Ceará,07954480000179,ESTADO DO CEARA,N,E,2,Compras,7,Empenho,Ceará,CE,Pacatuba,228208,EEFM CASIMIRO LEITE DE OLIVEIRA,2309706
07954480000179-1-023400/2026,,,2026,36092,2026-09-26T00:39:33,PF,36735531353,MARIA ALICE DUARTE GURGEL FREITAS,,,,SERVIÇO DE AVALIAÇÃO EDUCACIONAL - AVALIAÇÃO DO CURSO DE LICENCIATURA EM PEDAGOGIA.,1200.0,1200.0,1200.0,0.0,2026-09-22,2026-09-22,2026-12-31,,,2026-09-26T00:39:21,2026-09-26T00:39:33,False,1,0,False,False,1457045,,,,False,31032.005692/202686,07954480000179-2-036092/2026,Secretaria do Planejamento e Gestão do Ceará,07954480000179,ESTADO DO CEARA,N,E,8,Serviços,7,Empenho,Ceará,CE,Fortaleza,310101,FUNDACAO UNIVERSIDADE ESTADUAL DO CEARA,2304400
07954480000179-1-022229/2026,,,2026,36093,2026-09-26T00:39:53,PJ,52588960000118,NEMA COMERCIO LTDA,,,,MATERIAL DE EXPEDIENTE - EEMTI SALES CAMPOS -  (SEFOR 1),3735.09,3735.09,3735.09,0.0,2026-09-22,2026-09-22,2026-12-31,,,2026-09-26T00:39:39,2026-09-26T00:39:53,False,1,0,False,False,1457178,,,,False,22001.139748/202671,07954480000179-2-036093/2026,Secretaria do Planejamento e Gestão do Ceará,07954480000179,ESTADO DO CEARA,N,E,2,Compras,7,Empenho,Ceará,CE,Fortaleza,228023,EEFM SALES CAMPOS,2304400
07954480000179-1-021704/2026,,,2026,36094,2026-09-26T00:40:12,PJ,25179741000102,EXPRESSO DISTRIBUIDORA EIRELI,,,,MATERIAL DE LIMPEZA E PROD DE HIGIENIZAÇÃO - CEJA PAULO FREIRE - (SEFOR 1),1385.8,1385.8,1385.8,0.0,2026-09-22,2026-09-22,2026-12-31,,,2026-09-26T00:39:59,2026-09-26T00:40:12,False,1,0,False,False,1457219,,,,False,22001.136055/202627,07954480000179-2-036094/2026,Secretaria do Planejamento e Gestão do Ceará,07954480000179,ESTADO DO CEARA,N,E,2,Compras,7,Empenho,Ceará,CE,Fortaleza,228032,CEJA PAULO FREIRE,2304400
07954480000179-1-021765/2026,,,2026,36095,2026-09-26T00:40:44,PJ,35071489000177,FRANCISCO ANTONIO DA SILVA GOMES -ME,,,,"Aquisição de Uniforme, Tecidos e Aviamentos para atender a demanda da EEMTI Franklin Távora, ano 2026. ITAPIUNA - CREDE 8",1935.0,1935.0,1935.0,0.0,2026-09-23,2026-09-23,2026-12-31,,,2026-09-26T00:40:31,2026-09-26T00:40:44,False,1,0,False,False,1457699,,,,False,22001.138866/202662,07954480000179-2-036095/2026,Secretaria do Planejamento e Gestão do Ceará,07954480000179,ESTADO DO CEARA,N,E,2,Compras,7,Empenho,Ceará,CE,Itapiúna,228397,EEM FRANKLIN TÁVORA,2306504
07954480000179-1-021752/2026,,,2026,36096,2026-09-26T00:41:00,PJ,12321127000191,EDUQUE & BRINQUE EIRELI,,,,"Aquisição de Material de Expediente para atender a demanda da EEMTI Franklin Távora, ano 2026. ITAPIUNA - CREDE 8 -",2043.05,2043.05,2043.05,0.0,2026-09-23,2026-09-23,2026-12-31,,,2026-09-26T00:40:51,2026-09-26T00:41:00,False,1,0,False,False,1457719,,,,False,22001.138871/202675,07954480000179-2-036096/2026,Secretaria do Planejamento e Gestão do Ceará,07954480000179,ESTADO DO CEARA,N,E,2,Compras,7,Empenho,Ceará,CE,Itapiúna,228397,EEM FRANKLIN TÁVORA,2306504
07954480000179-1-014869/2025,07954480000179-1-014869/2025-000001,,2026,36097,2026-09-26T00:41:07,PJ,14361780000290,MEDICAL LIFE COMERCIO DE PRODUTOS HOSPITALARES LTDA,,,,Aquisição de material médico hospitalar de acordo com ATA 2026/09366 para atender as necessidade do HCASG.,9800.0,9800.0,9800.0,0.0,2026-09-22,2026-09-22,2026-12-31,,,2026-09-26T00:41:03,2026-09-26T00:41:07,False,1,0,False,False,1458241,,,,False,24001.067121/202637,07954480000179-2-036097/2026,Secretaria do Planejamento e Gestão do Ceará,07954480000179,ESTADO DO CEARA,N,E,2,Compras,7,Empenho,Ceará,CE,Fortaleza,241291,HOSPITAL DR CARLOS ALBERTO STUDART GOMES - MESSEJANA,2304400
07954480000179-1-003363/2023,07954480000179-1-003363/2023-000001,,2026,36098,2026-09-26T00:41:21,PJ,10922543000110,KG CONSTRUÇÕES LTDA - EPP,,,,"MANUTENÇÃO PREDIAL ¿ Serviço comum de engenharia para manutenção preventiva e corretiva das instalações físicas prediais em imóveis, com o fornecimento da mão de obra especializada, materiais e peças de reposição, Zona Leste da Região Metropolitana de Fortaleza.",200000.0,200000.0,200000.0,0.0,2026-09-23,2026-09-23,2026-12-31,,,2026-09-26T00:41:17,2026-09-26T00:41:21,False,1,0,False,False,1458424,,,,False,43022.001925/202416,07954480000179-2-036098/2026,Secretaria do Planejamento e Gestão do Ceará,07954480000179,ESTADO DO CEARA,N,E,9,Serviços de Engenharia,7,Empenho,Ceará,CE,Fortaleza,430001,SECRETARIA DAS CIDADES,2304400
07954480000179-1-022682/2025,07954480000179-1-022682/2025-000001,,2026,36099,2026-09-26T00:41:33,PJ,08183359000153,PRODIET NUTRIÇÃO CLINICA LTDA,,,,Aquisição de gênero alimentício por meio da ATA N° 2026/07440 para atender as necessidades do HCASG.,1425.6,1425.6,1425.6,0.0,2026-09-23,2026-09-23,2026-12-31,,,2026-09-26T00:41:29,2026-09-26T00:41:33,False,1,0,False,False,1458442,,,,False,24001.075050/202646,07954480000179-2-036099/2026,Secretaria do Planejamento e Gestão do Ceará,07954480000179,ESTADO DO CEARA,N,E,2,Compras,7,Empenho,Ceará,CE,Fortaleza,241291,HOSPITAL DR CARLOS ALBERTO STUDART GOMES - MESSEJANA,2304400
07954480000179-1-022682/2025,07954480000179-1-022682/2025-000001,,2026,36100,2026-09-26T00:41:44,PJ,33089180000260,PRLV INDÚSTRIA DE SUPLEMENTOS ALIMENTARES LTDA,,,,Aquisição de gênero alimentício por meio da ATA N° 2026/07440 para atender as necessidades do HCASG.,3182.4,3182.4,3182.4,0.0,2026-09-23,2026-09-23,2026-12-31,,,2026-09-26T00:41:41,2026-09-26T00:41:44,False,1,0,False,False,1458449,,,,False,24001.075047/202622,07954480000179-2-036100/2026,Secretaria do Planejamento e Gestão do Ceará,07954480000179,ESTADO DO CEARA,N,E,2,Compras,7,Empenho,Ceará,CE,Fortaleza,241291,HOSPITAL DR CARLOS ALBERTO STUDART GOMES - MESSEJANA,2304400
07954480000179-1-008862/2025,07954480000179-1-008862/2025-000001,,2026,36101,2026-09-26T00:41:54,PJ,01391755000127,NEKTAR COMERCIO E REPRESENTAÇÕES LTDA EPP,,,,"AQUISIÇÃO DE EXTENSOR, PERFUSOR 20CM, TUBO TRANSPARENTE EM PVC GRAU MEDICO, FLEXIVEL, ISENTO DE LATEX, BIOCOMPATIVEL, ATOXICO, VOLUME DE PREENCHIMENTO PRIMING REDUZIDO PARA 0,16 A 0,25ML, USO EM NEONATOLOGIA E PEDIATRIA, CONECTOR LUER FEMEA EM UMA EXTREMIDADE E LUER LOCK REVERSIVEL NA OUTRA EXTREMIDADE. PARA ATENDER A UNIDADES DE SAÚDE DO ESTADO DO CEARÁ/SESA",8720.0,8720.0,8720.0,0.0,2026-09-23,2026-09-23,2026-12-31,,,2026-09-26T00:41:50,2026-09-26T00:41:54,False,1,0,False,False,1458467,,,,False,24001.081510/202675,07954480000179-2-036101/2026,Secretaria do Planejamento e Gestão do Ceará,07954480000179,ESTADO DO CEARA,N,E,2,Compras,7,Empenho,Ceará,CE,Fortaleza,980008,Célula de Execução de Compras de Recursos Biomédicos,2304400
07954480000179-1-024954/2024,07954480000179-1-024954/2024-000001,,2026,36102,2026-09-26T00:42:07,PJ,01490595000173,DIAGNOCEL COMERCIO E REPRESENTACOES LTDA,,,,AQUISIÇÃO DE MATERIAL LABORATORIAL DE ACORDO COM A ORDEM DE COMPRA/SERVIÇO Nº 79704/2026 - ATA DE REGISTRO DE PREÇO Nº 2025/33577 (ITEM 19 - REAGENTES).,46000.0,46000.0,46000.0,0.0,2026-09-23,2026-09-23,2026-12-31,,,2026-09-26T00:42:03,2026-09-26T00:42:07,False,1,0,False,False,1458472,,,,False,24001.079999/202615,07954480000179-2-036102/2026,Secretaria do Planejamento e Gestão do Ceará,07954480000179,ESTADO DO CEARA,N,E,2,Compras,7,Empenho,Ceará,CE,Fortaleza,241531,LABORATORIO CENTRAL DE SAUDE PUBLICA,2304400
07954480000179-1-020276/2025,07954480000179-1-020276/2025-000001,,2026,36103,2026-09-26T00:42:14,PJ,28153691000182,LUZ INTERMED PRODUTOS HOSPITALARES LTDA,,,,"AQUISICAO DE OPME PARA ATENDER DEMANDA ADMINISTRATIVA - COMUNICAÇÃO INTERNA Nº 000159/2026/SESA/CEDEF
NUP: 24001.081009/2026-17",750.0,750.0,750.0,0.0,2026-09-23,2026-09-23,2026-12-31,,,2026-09-26T00:42:10,2026-09-26T00:42:14,False,1,0,False,False,1458552,,,,False,24001.081009/202617,07954480000179-2-036103/2026,Secretaria do Planejamento e Gestão do Ceará,07954480000179,ESTADO DO CEARA,N,E,2,Compras,7,Empenho,Ceará,CE,Fortaleza,907235,GRUPO DE TRABALHO SOCIAL,2304400
07954480000179-1-014420/2025,07954480000179-1-014420/2025-000001,,2026,36104,2026-09-26T00:42:23,PJ,20339865000194,MARIMAX COMÉRCIO E IMPORTAÇÃO DE PRODUTOS PARA SAUDE E VETERINARIOS EIRELI,,,,"AQUISIÇÃO DE MATERIAL MÉDICO HOSPITALAR, ( ACESSORIO, ORIGINAL OU COMPATIVEL, USO EM MONITOR MULTIPARAMETRICO DRAGER DELTA XL, MANGUEIRA DE CONEXAO PARA PNI ADULTO) PARA O HOSPITAL GERAL DE FORTALEZA -HGF / SESA ; ORDEM DE COMPRA/SERVIÇO Nº 75663/2026 - ATA DE REGISTRO DE PREÇO Nº 2025/02280",1233.3,1233.3,1233.3,0.0,2026-09-23,2026-09-23,2026-12-31,,,2026-09-26T00:42:20,2026-09-26T00:42:23,False,1,0,False,False,1458557,,,,False,24001.077364/202683,07954480000179-2-036104/2026,Secretaria do Planejamento e Gestão do Ceará,07954480000179,ESTADO DO CEARA,N,E,2,Compras,7,Empenho,Ceará,CE,Fortaleza,241281,HOSPITAL GERAL DE FORTALEZA,2304400
07954480000179-1-024954/2024,07954480000179-1-024954/2024-000001,,2026,36105,2026-09-26T00:42:35,PJ,01490595000173,DIAGNOCEL COMERCIO E REPRESENTACOES LTDA,,,,"AQUISIÇÃO DE MATERIAL LABORATORIAL, (REAGENTE, DOSAGEM DE BETA- HCG PLASMATICO, BHCG, POR POR IMUNOENSAIO
AUTOMATIZADO) PARA O HOSPITAL GERAL DE FORTALEZA-HGF/SESA.",6195.0,6195.0,6195.0,0.0,2026-09-23,2026-09-23,2026-12-31,,,2026-09-26T00:42:32,2026-09-26T00:42:35,False,1,0,False,False,1458576,,,,False,24001.079423/202658,07954480000179-2-036105/2026,Secretaria do Planejamento e Gestão do Ceará,07954480000179,ESTADO DO CEARA,N,E,2,Compras,7,Empenho,Ceará,CE,Fortaleza,241281,HOSPITAL GERAL DE FORTALEZA,2304400
07954480000179-1-025659/2025,07954480000179-1-025659/2025-000001,,2026,36106,2026-09-26T00:42:44,PJ,10588595001335,SANOFI MEDLEY FARMACEUTICA LTDA,,,,"AQUISIÇÃO DE MEDICAMENTO PARA ATENDER DEMANDA DA PPI - INSULINA, ANALOGA DE ACAO PROLONGADA, 100UI/ML, SOLUCAO INJETAVEL CANETA PREENCHIDA 3ML",121750.0,121750.0,121750.0,0.0,2026-09-23,2026-09-23,2026-12-31,,,2026-09-26T00:42:41,2026-09-26T00:42:44,False,1,0,False,False,1458754,,,,False,24001.081955/202655,07954480000179-2-036106/2026,Secretaria do Planejamento e Gestão do Ceará,07954480000179,ESTADO DO CEARA,N,E,2,Compras,7,Empenho,Ceará,CE,Fortaleza,980008,Célula de Execução de Compras de Recursos Biomédicos,2304400
07954480000179-1-021052/2026,,,2026,36107,2026-09-26T00:43:29,PJ,12321127000191,EDUQUE & BRINQUE EIRELI,,,,"Aquisição de Material de Consumo - Material de Expediente, em favor da EEMTI Prefeito Dário Campos  Feijó. MARTINOPOLE - CREDE 4 -",3083.2,3083.2,3083.2,0.0,2026-09-22,2026-09-22,2026-12-31,,,2026-09-26T00:43:16,2026-09-26T00:43:29,False,1,0,False,False,1455124,,,,False,22001.133072/202611,07954480000179-2-036107/2026,Secretaria do Planejamento e Gestão do Ceará,07954480000179,ESTADO DO CEARA,N,E,2,Compras,7,Empenho,Ceará,CE,Martinópole,228788,EEM PREFEITO DARIO CAMPOS FEIJO,2307908
07954480000179-1-023440/2024,07954480000179-1-023440/2024-000001,BRA,2026,36108,2026-09-26T00:43:40,PJ,50344473000184,F C COMERCIO DE MATERIAIS DE LIMPEZA LTDA,,,,"AQUISIÇÃO DE FITA ADESIVA, PAPEL MADEIRA, GOMADA, DIMENSOES 45MM X 50M VARIACAO +/- 5%, EMBALAGEM SEPARADA COM MATERIAL ANTI-ADESIVO, CONTENDO MARCA DO FABRICANTE, EMBALAGEM 1.0 UNIDADE. MARCA: ADERE.",31668.0,31668.0,31668.0,0.0,2026-09-22,2026-09-22,2026-12-31,,,2026-09-26T00:43:37,2026-09-26T00:43:40,False,1,0,False,False,1454709,,,,False,08012.983312/202662,07954480000179-2-036108/2026,Secretaria do Planejamento e Gestão do Ceará,07954480000179,ESTADO DO CEARA,N,E,2,Compras,7,Empenho,Ceará,CE,Fortaleza,080301,DEPARTAMENTO ESTADUAL DE TRANSITO,2304400
07954480000179-1-023322/2026,,,2026,36109,2026-09-26T00:43:55,PJ,57546670000125,LIARTES PAPELARIA LTDA,,,,MATERIAL DE EXPEDIENTE - EEEP GUILHERME TELES GOUVEIA - GRANJA - CREDE 4 -,2636.04,2636.04,2636.04,0.0,2026-09-23,2026-09-23,2026-12-31,,,2026-09-26T00:43:46,2026-09-26T00:43:55,False,1,0,False,False,1457390,,,,False,22001.142839/202694,07954480000179-2-036109/2026,Secretaria do Planejamento e Gestão do Ceará,07954480000179,ESTADO DO CEARA,N,E,2,Compras,7,Empenho,Ceará,CE,Granja,228299,EEEP GUILHERME TELES GOUVEIA,2304707
07954480000179-1-022215/2026,,,2026,36110,2026-09-26T00:44:08,PF,06328744307,JOÃO CARLOS SILVA DE OLIVEIRA,,,,CONTRATAÇÃO DE ARTESÃO DE PEÇAS ARTESANAIS PARA AS LOJAS CEART PORTARIA 094/2025.,3153.6,3153.6,3153.6,0.0,2026-09-22,2026-09-22,2026-12-31,,,2026-09-26T00:44:00,2026-09-26T00:44:08,False,1,0,False,False,1456718,,,,False,47001.016610/202626,07954480000179-2-036110/2026,Secretaria do Planejamento e Gestão do Ceará,07954480000179,ESTADO DO CEARA,N,E,2,Compras,7,Empenho,Ceará,CE,Fortaleza,470001,"SECRETARIA DA PROTEÇÃO SOCIAL, JUSTIÇA, CIDADANIA, MULHERES E DH",2304400
07954480000179-1-021713/2026,,,2026,36111,2026-09-26T00:44:22,PJ,58702086000184,58.702.086 GERSON BRUCY OLIVEIRA DA SILVA,,,,AQUISIÇÃO DE GÁS E OUTROS MATERIAIS ENGARRAFADOS (RECARGA DE EXTINTORES) - COLÉGIO DA POLÍCIA MILITAR DO CEARÁ CORONEL HERVANO MACEDO JÚNIOR - JUAZEIRO DO NORTE - CREDE 19,1259.82,1259.82,1259.82,0.0,2026-09-23,2026-09-23,2026-12-31,,,2026-09-26T00:44:13,2026-09-26T00:44:22,False,1,0,False,False,1456731,,,,False,22001.080252/202684,07954480000179-2-036111/2026,Secretaria do Planejamento e Gestão do Ceará,07954480000179,ESTADO DO CEARA,N,E,2,Compras,7,Empenho,Ceará,CE,Juazeiro do Norte,228616,COLEGIO DA POLICIA MILITAR DO CE CEL HERVANO ,2307304
07954480000179-1-021752/2026,,,2026,36112,2026-09-26T00:44:39,PJ,57546670000125,LIARTES PAPELARIA LTDA,,,,"Aquisição de Material de Expediente para atender a demanda da EEMTI Franklin Távora, ano 2026. ITAPIUNA - CREDE 8 -",1000.0,1000.0,1000.0,0.0,2026-09-23,2026-09-23,2026-12-31,,,2026-09-26T00:44:29,2026-09-26T00:44:39,False,1,0,False,False,1457737,,,,False,22001.138871/202675,07954480000179-2-036112/2026,Secretaria do Planejamento e Gestão do Ceará,07954480000179,ESTADO DO CEARA,N,E,2,Compras,7,Empenho,Ceará,CE,Itapiúna,228397,EEM FRANKLIN TÁVORA,2306504
07954480000179-1-011423/2025,07954480000179-1-011423/2025-000001,,2026,36113,2026-09-26T00:44:57,PJ,62042351000112,ALD COMERCIO DE MATERIAIS EM GERAL LTDA,,,,Aquisição de Papel Alcalino A4.,13200.0,13200.0,13200.0,0.0,2026-09-22,2026-09-22,2026-12-31,,,2026-09-26T00:44:45,2026-09-26T00:44:57,False,1,0,False,False,1458073,,,,False,10011.005364/202658,07954480000179-2-036113/2026,Secretaria do Planejamento e Gestão do Ceará,07954480000179,ESTADO DO CEARA,N,E,2,Compras,7,Empenho,Ceará,CE,Fortaleza,101071,PERICIA FORENSE DO ESTADO DO CEARA,2304400
07954480000179-1-025744/2025,07954480000179-1-025744/2025-000001,,2026,36114,2026-09-26T00:45:10,PJ,08773990000102,O MOVELEIRO CIA LTDA,,,,Aquisição de aparelhos de ar-condicionado ATA DE REGISTRO DE PREÇOS Nº 2026/23010 PREGÃO ELETRÔNICO Nº 20250039/SEPLAG.,327600.0,327600.0,327600.0,0.0,2026-09-23,2026-09-23,2026-12-31,,,2026-09-26T00:45:04,2026-09-26T00:45:10,False,1,0,False,False,1458159,,,,False,18001.032598/202607,07954480000179-2-036114/2026,Secretaria do Planejamento e Gestão do Ceará,07954480000179,ESTADO DO CEARA,N,E,2,Compras,7,Empenho,Ceará,CE,Fortaleza,180001,SECRETARIA DA JUSTICA E CIDADANIA,2304400
07954480000179-1-013632/2026,07954480000179-1-013632/2026-000001,,2026,36115,2026-09-26T00:45:19,PJ,08077211000134,T S COMERCIAL DE MEDICAMENTOS E REPRESENTACAO LTDA,,,,"AQUISIÇÃO DE ADALIMUMABE, 40 MG, SOLUCAO INJETAVEL, SERINGA OU CANETA PREENCHIDA PARA ATENDER DEMANDAS JUDICIAIS.",21528.0,21528.0,21528.0,0.0,2026-09-23,2026-09-23,2026-12-31,,,2026-09-26T00:45:16,2026-09-26T00:45:19,False,1,0,False,False,1458521,,,,False,24001.081516/202642,07954480000179-2-036115/2026,Secretaria do Planejamento e Gestão do Ceará,07954480000179,ESTADO DO CEARA,N,E,2,Compras,7,Empenho,Ceará,CE,Fortaleza,907742,SESA - DEMANDA JUDICIAL,2304400
07954480000179-1-022456/2026,,,2026,36116,2026-09-26T00:45:38,PJ,45014432000190,JW COMERCIAL E SERVICOS LTDA,,,,AQUISIÇÃO - MATERIAL DE CONSUMO - MATERIAL DE LIMPEZA E PRODUÇÃO DE HIGIENIZAÇÃO - EEMTI LIONS JANGADA - (SEFOR 1),3532.7,3532.7,3532.7,0.0,2026-09-22,2026-09-22,2026-12-31,,,2026-09-26T00:45:30,2026-09-26T00:45:38,False,1,0,False,False,1457186,,,,False,22001.139563/202667,07954480000179-2-036116/2026,Secretaria do Planejamento e Gestão do Ceará,07954480000179,ESTADO DO CEARA,N,E,2,Compras,7,Empenho,Ceará,CE,Fortaleza,228017,EEFM LIONS JANGADA,2304400
07954480000179-1-024640/2024,07954480000179-1-024640/2024-000001,,2026,36117,2026-09-26T00:46:12,PJ,05921476000189,F C SOARES E SILVA - ME,,,,"RECURSO DESTINADO AQUISIÇÃO DE MATERIAL DE EXPEDIENTE, REFERENTE A ATA DO RP 2026/00063 - PARA O HSJ.",161.36,161.36,161.36,0.0,2026-09-22,2026-09-22,2026-12-31,,,2026-09-26T00:45:57,2026-09-26T00:46:12,False,1,0,False,False,1456886,,,,False,24001.078389/202602,07954480000179-2-036117/2026,Secretaria do Planejamento e Gestão do Ceará,07954480000179,ESTADO DO CEARA,N,E,2,Compras,7,Empenho,Ceará,CE,Fortaleza,241331,HOSPITAL SAO JOSE DE DOENCAS INFECCIOSAS,2304400
07954480000179-1-023440/2024,07954480000179-1-023440/2024-000001,BRA,2026,36118,2026-09-26T00:46:27,PJ,50344473000184,F C COMERCIO DE MATERIAIS DE LIMPEZA LTDA,,,,"RECURSO DESTINADO AQUISIÇÃO DE MATERIAL DE EXPEDIENTE, REFERENTE A ATA DO RP 2025/35173 - PARA O HSJ.",904.8,904.8,904.8,0.0,2026-09-22,2026-09-22,2026-12-31,,,2026-09-26T00:46:22,2026-09-26T00:46:27,False,1,0,False,False,1456905,,,,False,24001.078357/202607,07954480000179-2-036118/2026,Secretaria do Planejamento e Gestão do Ceará,07954480000179,ESTADO DO CEARA,N,E,2,Compras,7,Empenho,Ceará,CE,Fortaleza,241331,HOSPITAL SAO JOSE DE DOENCAS INFECCIOSAS,2304400
07954480000179-1-024015/2024,07954480000179-1-024015/2024-000001,,2026,36119,2026-09-26T00:47:28,PJ,06053353000136,SANTA BRANCA DISTRIBUIDORA DE MEDICAMENTOS LTDA - EPP,,,,"Aquisição do item (ESPIRONOLACTONA 25MG), objetivando o atendimento das demandas da Saúde Prisional do Estado do Ceará.",1488.51,1488.51,1488.51,0.0,2026-09-22,2026-09-22,2026-12-31,,,2026-09-26T00:46:56,2026-09-26T00:47:28,False,1,0,False,False,1457953,,,,False,24001.080171/202618,07954480000179-2-036119/2026,Secretaria do Planejamento e Gestão do Ceará,07954480000179,ESTADO DO CEARA,N,E,2,Compras,7,Empenho,Ceará,CE,Fortaleza,980009,Saúde Prisional - Superintendência da Região de Fortaleza,2304400
07954480000179-1-022447/2025,07954480000179-1-022447/2025-000001,,2026,36120,2026-09-26T00:47:39,PJ,28102490000156,F7 MEDICAL PRODUTOS HOSPITALARES LTDA,,,,"SELANTE, DE FIBRINA, COMPOSICAO I FIBRINOGENIO HUMANO + FATOR XIII DE COAGULACAO + APROTININA, COMPOSICAO II TROMBINA HUMANA + CLORETO DE CALCIO, PO LIOFILIZADO PARA SOLUCAO INJETVEL + SOLUCAO DILUENTE + DISPOSITIVO DE TRANSFERENCIA, KIT COM FRASCO DE 3ML, FACIL PREPARO, SEM NECESSIDADE DE AQUECIMENTO, KIT 1.0 UNIDADE",269468.0,269468.0,269468.0,0.0,2026-09-22,2026-09-22,2026-12-31,,,2026-09-26T00:47:32,2026-09-26T00:47:39,False,1,0,False,False,1458112,,,,False,24001.081094/202613,07954480000179-2-036120/2026,Secretaria do Planejamento e Gestão do Ceará,07954480000179,ESTADO DO CEARA,N,E,2,Compras,7,Empenho,Ceará,CE,Fortaleza,980008,Célula de Execução de Compras de Recursos Biomédicos,2304400
07954480000179-1-026354/2025,07954480000179-1-026354/2025-000001,,2026,36121,2026-09-26T00:47:51,PJ,64171697000499,ACCORD FARMACEUTICA LTDA,,,,"AQUISIÇÃO DE FAMPRIDINA, 10MG, COMPRIMIDO REVESTIDO DE LIBERACAO PROLONGADA PARA ATENDER DEMANDAS JUDICIAIS.",5040.0,5040.0,5040.0,0.0,2026-09-22,2026-09-22,2026-12-31,,,2026-09-26T00:47:47,2026-09-26T00:47:51,False,1,0,False,False,1458117,,,,False,24001.081001/202642,07954480000179-2-036121/2026,Secretaria do Planejamento e Gestão do Ceará,07954480000179,ESTADO DO CEARA,N,E,2,Compras,7,Empenho,Ceará,CE,Fortaleza,907742,SESA - DEMANDA JUDICIAL,2304400
07954480000179-1-024825/2024,07954480000179-1-024825/2024-000001,BRA,2026,36122,2026-09-26T00:48:00,PJ,01146404000150,HOSP TRADE DO BRASIL LTDA,,,,"AQUISIÇÃO DE MATERIAL HOSPITALAR (FILTRO, DE AR PARA INCUBADORA ) E OUTRO ITEM PARA O HOSPITAL GERAL DE FORTALEZA - HGF/SESA. ORDEM DE COMPRA/SERVIÇO Nº 75407/2026 - ATA DE REGISTRO DE PREÇO Nº 2026/11630",5065.0,5065.0,5065.0,0.0,2026-09-23,2026-09-23,2026-12-31,,,2026-09-26T00:47:57,2026-09-26T00:48:00,False,1,0,False,False,1458628,,,,False,24001.077368/202661,07954480000179-2-036122/2026,Secretaria do Planejamento e Gestão do Ceará,07954480000179,ESTADO DO CEARA,N,E,2,Compras,7,Empenho,Ceará,CE,Fortaleza,241281,HOSPITAL GERAL DE FORTALEZA,2304400
07954480000179-1-007449/2024,07954480000179-1-007449/2024-000001,,2026,36123,2026-09-26T00:48:08,PJ,11407854000103,DIALISE CONSULTORIA COMERCIO E REPRESENTAÇÕES LTDA - ME,,,,"AQUISIÇÃO DE MATERIAL MÉDICO HOSPITALAR, (SOLUCAO, PARA SELAGEM DE CATETER VENOSO CENTRAL, A BASE DE CICLOTAUROLIDINA + HEPARINA 500UI/ML + CITRATO DE 4%, SUBSTANCIAS
ANTICOAGULANTES E ANTIMICROBIANA, FRASCO AMPOLA MINIMO 5ML, USO NO PREENCHIMENTO DO CATETER DE HEMODIALISE) PARA O HOSPITAL GERAL DE FORTALEZA-HGF/SESA.",126000.0,126000.0,126000.0,0.0,2026-09-23,2026-09-23,2026-12-31,,,2026-09-26T00:48:06,2026-09-26T00:48:08,False,1,0,False,False,1458655,,,,False,24001.080247/202605,07954480000179-2-036123/2026,Secretaria do Planejamento e Gestão do Ceará,07954480000179,ESTADO DO CEARA,N,E,2,Compras,7,Empenho,Ceará,CE,Fortaleza,241281,HOSPITAL GERAL DE FORTALEZA,2304400
07954480000179-1-022888/2026,,,2026,36124,2026-09-26T00:48:27,PJ,00885618000186,CENTRO DEFORMAÇÃO DE CONDUTORES CAÇULA LTDA,,,,"Prestação de serviços, por Centros de Formação de Condutores (CFC), referentes à realização de Cursos de Formação Teórico-Técnico e Prática de Direção Veicular, visando a formação e capacitação de candidatos à obtenção da primeira habilitação no âmbito do programa CNH Popular.",2503.52,2503.52,2503.52,0.0,2026-09-23,2026-09-23,2026-12-31,,,2026-09-26T00:48:17,2026-09-26T00:48:27,False,1,0,False,False,1455269,,,,False,08012.966551/202658,07954480000179-2-036124/2026,Secretaria do Planejamento e Gestão do Ceará,07954480000179,ESTADO DO CEARA,N,E,8,Serviços,7,Empenho,Ceará,CE,Fortaleza,080301,DEPARTAMENTO ESTADUAL DE TRANSITO,2304400
07954480000179-1-020299/2026,,,2026,36125,2026-09-26T00:48:40,PJ,13916880000192,13.916.880 JOSE RAIMUNDO DE ARAUJO,,,,AQUISIÇÃO DE MATERIAL DE COPA E COZINHA PARA ATENDER A DEMANDA DA ESCOLA. CEJA PADRE ANTÔNIO TOMÁS - ACARAU - CREDE 3 -,913.0,913.0,913.0,0.0,2026-09-22,2026-09-22,2026-12-31,,,2026-09-26T00:48:31,2026-09-26T00:48:40,False,1,0,False,False,1457070,,,,False,22001.050741/202610,07954480000179-2-036125/2026,Secretaria do Planejamento e Gestão do Ceará,07954480000179,ESTADO DO CEARA,N,E,2,Compras,7,Empenho,Ceará,CE,Acaraú,228279,CEJA PADRE ANTÔNIO TOMÁS,2300200
07954480000179-1-003491/2023,07954480000179-1-003491/2023-000001,,2026,36126,2026-09-26T00:48:54,PJ,32469869000176,M C VITORIANO DE QUEIROZ,,,,"RECURSO DESTINADO AQUISIÇÃO DE MATERIAL DE EXPEDIENTE, REFERENTE A ATA DO RP 2025/31591 - PARA O HSJ.",47.7,47.7,47.7,0.0,2026-09-22,2026-09-22,2026-12-31,,,2026-09-26T00:48:49,2026-09-26T00:48:54,False,1,0,False,False,1456877,,,,False,24001.078386/202661,07954480000179-2-036126/2026,Secretaria do Planejamento e Gestão do Ceará,07954480000179,ESTADO DO CEARA,N,E,2,Compras,7,Empenho,Ceará,CE,Fortaleza,241331,HOSPITAL SAO JOSE DE DOENCAS INFECCIOSAS,2304400
07954480000179-1-022544/2026,,,2026,36127,2026-09-26T00:49:12,PF,05400386369,NADIA RISOCELIA DA COSTA BARROS,,,,CONTRATAÇÃO DE ARTESÃO DE PEÇAS ARTESANAIS PARA AS LOJAS CEART PORTARIA 094/2025.,1818.0,1818.0,1818.0,0.0,2026-09-22,2026-09-22,2026-12-31,,,2026-09-26T00:49:04,2026-09-26T00:49:12,False,1,0,False,False,1457994,,,,False,47001.018000/202667,07954480000179-2-036127/2026,Secretaria do Planejamento e Gestão do Ceará,07954480000179,ESTADO DO CEARA,N,E,2,Compras,7,Empenho,Ceará,CE,Fortaleza,470001,"SECRETARIA DA PROTEÇÃO SOCIAL, JUSTIÇA, CIDADANIA, MULHERES E DH",2304400
07954480000179-1-024015/2024,07954480000179-1-024015/2024-000001,,2026,36128,2026-09-26T00:49:20,PJ,02814497001260,CIMED INDUSTRIA S.A.,,,,"Aquisição do item ( HIDROCLOROTIAZIDA, 25MG), objetivando o atendimento das demandas da Saúde Prisional do Estado do Ceará.",1275.0,1275.0,1275.0,0.0,2026-09-22,2026-09-22,2026-12-31,,,2026-09-26T00:49:20,2026-09-26T00:49:20,False,1,0,False,False,1458022,,,,False,24001.080170/202665,07954480000179-2-036128/2026,Secretaria do Planejamento e Gestão do Ceará,07954480000179,ESTADO DO CEARA,N,E,2,Compras,7,Empenho,Ceará,CE,Fortaleza,980009,Saúde Prisional - Superintendência da Região de Fortaleza,2304400
07954480000179-1-024564/2024,07954480000179-1-024564/2024-000001,,2026,36129,2026-09-26T00:49:26,PJ,01513946000114,BOSTON SCIENTIFIC DO BRASIL LTDA,,,,Aquisição de material médico hospitalar de acordo com ATA 2026/23761 para atender as necessidade do HCASG.,18000.0,18000.0,18000.0,0.0,2026-09-22,2026-09-22,2026-12-31,,,2026-09-26T00:49:24,2026-09-26T00:49:26,False,1,0,False,False,1458079,,,,False,24001.067103/202655,07954480000179-2-036129/2026,Secretaria do Planejamento e Gestão do Ceará,07954480000179,ESTADO DO CEARA,N,E,2,Compras,7,Empenho,Ceará,CE,Fortaleza,241291,HOSPITAL DR CARLOS ALBERTO STUDART GOMES - MESSEJANA,2304400
07954480000179-1-024038/2024,07954480000179-1-024038/2024-000001,,2026,36130,2026-09-26T00:49:33,PJ,38282883000142,IN MEDIC DISTRIBUIDORA DE PRODUTOS HOSPITALARES LTDA,,,,"AQUISIÇÃO DE LUVA, CIRURGICA ESTERIL, N° 7,5, MINIMO 27CM, EM LATEX BORRACHA NATURAL, FORMATO ANATOMICO, LUBRIFICADA, MATERIAL ATOXICO E APIROGENICO, PARA ATENDER A UNIDADES DE SAÚDE DO ESTADO DO CEARÁ/SESA",17550.0,17550.0,17550.0,0.0,2026-09-22,2026-09-22,2026-12-31,,,2026-09-26T00:49:30,2026-09-26T00:49:33,False,1,0,False,False,1458102,,,,False,24001.080962/202630,07954480000179-2-036130/2026,Secretaria do Planejamento e Gestão do Ceará,07954480000179,ESTADO DO CEARA,N,E,2,Compras,7,Empenho,Ceará,CE,Fortaleza,980008,Célula de Execução de Compras de Recursos Biomédicos,2304400
07954480000179-1-022884/2025,07954480000179-1-022884/2025-000001,,2026,36131,2026-09-26T00:49:55,PJ,08183359000153,PRODIET NUTRIÇÃO CLINICA LTDA,,,,Aquisição de gênero alimentício por meio da ATA N° 2026/24560 para atender as necessidades do HCASG.,705.6,705.6,705.6,0.0,2026-09-23,2026-09-23,2026-12-31,,,2026-09-26T00:49:51,2026-09-26T00:49:55,False,1,0,False,False,1458253,,,,False,24001.075105/202618,07954480000179-2-036131/2026,Secretaria do Planejamento e Gestão do Ceará,07954480000179,ESTADO DO CEARA,N,E,2,Compras,7,Empenho,Ceará,CE,Fortaleza,241291,HOSPITAL DR CARLOS ALBERTO STUDART GOMES - MESSEJANA,2304400
07954480000179-1-018391/2024,07954480000179-1-018391/2024-000001,,2026,36132,2026-09-26T00:50:01,PJ,34707920000166,ONMED DISTRIBUIDORA DE MEDICAMENTOS LTDA,,,,"AQUISIÇÃO DE VILDAGLIPTINA + METFORMINA, CLORIDRATO 50MG + 850MG, COMPRIMIDO REVESTIDO PARA ATENDER DEMANDAS JUDICIAIS.",1325.52,1325.52,1325.52,0.0,2026-09-22,2026-09-22,2026-12-31,,,2026-09-26T00:49:59,2026-09-26T00:50:01,False,1,0,False,False,1458338,,,,False,24001.081396/202683,07954480000179-2-036132/2026,Secretaria do Planejamento e Gestão do Ceará,07954480000179,ESTADO DO CEARA,N,E,2,Compras,7,Empenho,Ceará,CE,Fortaleza,907742,SESA - DEMANDA JUDICIAL,2304400
07954480000179-1-024954/2024,07954480000179-1-024954/2024-000001,,2026,36133,2026-09-26T00:50:08,PJ,01490595000173,DIAGNOCEL COMERCIO E REPRESENTACOES LTDA,,,,"AQUISIÇÃO DE MATERIAL LABORATORIAL, (REAGENTE, DOSAGEM DE PRO-CALCITONINA EM SORO POR IMUNOENSAIO
AUTOMATIZADO) PARA O HOSPITAL GERAL DE FORTALEZA-HGF/SESA.",83363.0,83363.0,83363.0,0.0,2026-09-23,2026-09-23,2026-12-31,,,2026-09-26T00:50:06,2026-09-26T00:50:08,False,1,0,False,False,1458588,,,,False,24001.079431/202602,07954480000179-2-036133/2026,Secretaria do Planejamento e Gestão do Ceará,07954480000179,ESTADO DO CEARA,N,E,2,Compras,7,Empenho,Ceará,CE,Fortaleza,241281,HOSPITAL GERAL DE FORTALEZA,2304400
07954480000179-1-026367/2025,07954480000179-1-026367/2025-000001,,2026,36134,2026-09-26T00:50:12,PJ,60665981000975,UNIAO QUIMICA FARMACEUTICA NACIONAL S A,,,,"AQUISIÇÃO DE POLIMIXINA B (SULFATO), 500.000 UI, PO LIOFILIZADO PARA SOLUCAO INJETAVEL / TEICOPLANINA, 400MG, PO LIOFILIZADO PARA SOLUCAO INJETAVEL, FRASCO. PARA ATENDER A UNIDADES DE SAÚDE DO ESTADO DO CEARÁ/SESA",146805.25,146805.25,146805.25,0.0,2026-09-23,2026-09-23,2026-12-31,,,2026-09-26T00:50:12,2026-09-26T00:50:12,False,1,0,False,False,1458659,,,,False,24001.081560/202652,07954480000179-2-036134/2026,Secretaria do Planejamento e Gestão do Ceará,07954480000179,ESTADO DO CEARA,N,E,2,Compras,7,Empenho,Ceará,CE,Fortaleza,980008,Célula de Execução de Compras de Recursos Biomédicos,2304400
07954480000179-1-021971/2026,,,2026,36135,2026-09-26T00:50:20,PJ,48208907000177,LICITACENTER COMERCIO DE MATERIAIS LTDA,,,,AQUISIÇÃO MATERIAL PARA MANUTENÇÃO DE BENS IMOVEIS - EEEP EUSEBIO DE QUEIROZ - EUSEBIO - CREDE 1,5932.5,5932.5,5932.5,0.0,2026-09-23,2026-09-23,2026-12-31,,,2026-09-26T00:50:18,2026-09-26T00:50:20,False,1,0,False,False,1455723,,,,False,22001.136280/202663,07954480000179-2-036135/2026,Secretaria do Planejamento e Gestão do Ceará,07954480000179,ESTADO DO CEARA,N,E,2,Compras,7,Empenho,Ceará,CE,Caucaia,228223,EEEP EUSÉBIO DE QUEIROZ,2303709
07954480000179-1-022790/2026,,,2026,36136,2026-09-26T00:50:29,PJ,39540722000174,REI DAS FRUTAS DE ICO LTDA,,,,Material de Expediente - EEMTI PROFESSOR MIGUEL PORFÍRIO DE LIMA - ICO - CREDE 17,4246.5,4246.5,4246.5,0.0,2026-09-22,2026-09-22,2026-12-31,,,2026-09-26T00:50:24,2026-09-26T00:50:29,False,1,0,False,False,1457157,,,,False,22001.139734/202658,07954480000179-2-036136/2026,Secretaria do Planejamento e Gestão do Ceará,07954480000179,ESTADO DO CEARA,N,E,2,Compras,7,Empenho,Ceará,CE,Icó,228572,EEM PROFESSOR MIGUEL PORFÍRIO DE LIMA,2305407
07954480000179-1-017140/2026,,,2026,36137,2026-09-26T00:50:41,PJ,19455654000138,M R G DE ARAUJO LTDA,,,,Aquisição de Material Educativo e Esportivo para EEMTI Professor Antônio Martins Filho - MARACANAU - CREDE 1 -,1936.0,1936.0,1936.0,0.0,2026-09-22,2026-09-22,2026-12-31,,,2026-09-26T00:50:35,2026-09-26T00:50:41,False,1,0,False,False,1455432,,,,False,22001.080169/202613,07954480000179-2-036137/2026,Secretaria do Planejamento e Gestão do Ceará,07954480000179,ESTADO DO CEARA,N,E,2,Compras,7,Empenho,Ceará,CE,Maracanaú,228185,EEM PROFESSOR ANTÔNIO MARTINS FILHO,2307650
07954480000179-1-023632/2025,07954480000179-1-023632/2025-000001,,2026,36138,2026-09-26T00:50:48,PJ,06628333000146,FARMACE IND QUIMICO FARM CEARENSE       ,,,,"Aquisição do item (OLEO MINERAL PURO), objetivando o atendimento das demandas da Saúde Prisional do Estado do Ceará.",2958.0,2958.0,2958.0,0.0,2026-09-22,2026-09-22,2026-12-31,,,2026-09-26T00:50:46,2026-09-26T00:50:48,False,1,0,False,False,1458090,,,,False,24001.080172/202654,07954480000179-2-036138/2026,Secretaria do Planejamento e Gestão do Ceará,07954480000179,ESTADO DO CEARA,N,E,2,Compras,7,Empenho,Ceará,CE,Fortaleza,980009,Saúde Prisional - Superintendência da Região de Fortaleza,2304400
07954480000179-1-024410/2025,07954480000179-1-024410/2025-000001,,2026,36139,2026-09-26T00:50:55,PJ,62969589001402,CSL BEHRING COMERCIO DE PRODUTOS FARMACEUTICOS LTDA,,,,"COMPLEXO PROTROMBINICO, HUMANO 500U, FATORES II, VII, IX, X, PO LIOFILIZADO PARA SOLUCAO INJETAVEL, FRASCO/AMPOLA + DILUENTE 20ML, UNIDADE 1.0 FRASCO / AMPOLA",147600.0,147600.0,147600.0,0.0,2026-09-22,2026-09-22,2026-12-31,,,2026-09-26T00:50:54,2026-09-26T00:50:55,False,1,0,False,False,1458141,,,,False,24001.081100/202624,07954480000179-2-036139/2026,Secretaria do Planejamento e Gestão do Ceará,07954480000179,ESTADO DO CEARA,N,E,2,Compras,7,Empenho,Ceará,CE,Fortaleza,980008,Célula de Execução de Compras de Recursos Biomédicos,2304400
07954480000179-1-026217/2025,07954480000179-1-026217/2025-000001,,2026,36140,2026-09-26T00:51:01,PJ,06053353000136,SANTA BRANCA DISTRIBUIDORA DE MEDICAMENTOS LTDA - EPP,,,,"AQUSIÇÃO DE  SILDENAFILA CITRATO, 20 MG, COMPRIMIDO SIMPLES OU REVESTIDO, UNIDADE 1.0 COMPRIMIDO. MARCA: CITRATO DE SILDENAFILA 20MG COMP REV C/90. PARA ATENDER A UNIDADES DE SAÚDE DO ESTADO DO CEARÁ/SESA.",8405.1,8405.1,8405.1,0.0,2026-09-22,2026-09-22,2026-12-31,,,2026-09-26T00:51:00,2026-09-26T00:51:01,False,1,0,False,False,1458359,,,,False,24001.081077/202678,07954480000179-2-036140/2026,Secretaria do Planejamento e Gestão do Ceará,07954480000179,ESTADO DO CEARA,N,E,2,Compras,7,Empenho,Ceará,CE,Fortaleza,980008,Célula de Execução de Compras de Recursos Biomédicos,2304400
07954480000179-1-020854/2026,,,2026,36141,2026-09-26T00:51:19,PJ,48208907000177,LICITACENTER COMERCIO DE MATERIAIS LTDA,,,,AQUISIÇÃO - MATERIAL DE CONSUMO - MATERIAL PARA MANUTENÇÃO DE BENS IMÓVEIS - EEMTI PROFESSOR WALQUER CAVALCANTE MAIA  -(CREDE 10 - RUSSAS),9222.27,9222.27,9222.27,0.0,2026-09-23,2026-09-23,2026-12-31,,,2026-09-26T00:51:13,2026-09-26T00:51:19,False,1,0,False,False,1455332,,,,False,22001.144115/202685,07954480000179-2-036141/2026,Secretaria do Planejamento e Gestão do Ceará,07954480000179,ESTADO DO CEARA,N,E,2,Compras,7,Empenho,Ceará,CE,Russas,229321,EEMTI PROFESSOR WALQUER CAVALCANTE MAIA,2311801
07954480000179-1-021597/2026,,,2026,36142,2026-09-26T00:51:30,PJ,26237146000149,LUCIANA SOARES DE SOUSA MACIEL - ME,,,,AQUISIÇÃO - MATERIAL DE CONSUMO - MATERIAL DE PROTEÇÃO E SEGURANÇA - EEMTI PEDRO JORGE MOTA - CATARINA - CREDE 16 -,1864.83,1864.83,1864.83,0.0,2026-09-22,2026-09-22,2026-12-31,,,2026-09-26T00:51:23,2026-09-26T00:51:30,False,1,0,False,False,1455832,,,,False,22001.135114/202640,07954480000179-2-036142/2026,Secretaria do Planejamento e Gestão do Ceará,07954480000179,ESTADO DO CEARA,N,E,2,Compras,7,Empenho,Ceará,CE,Catarina,228552,EEM PEDRO JORGE MOTA,2303600
07954480000179-1-022638/2026,,,2026,36143,2026-09-26T00:51:42,PJ,51248814000180,CLEBER DA SILVA MOURAO LTDA,,,,"Aquisição de Material de Acondicionamento e Embalagem, destinado a atender as necessidades da EEEP MANUEL ABDIAS EVANGELISTA - NOVA RUSSAS - CREDE 13",7260.08,7260.08,7260.08,0.0,2026-09-18,2026-09-18,2026-12-31,,,2026-09-26T00:51:35,2026-09-26T00:51:42,False,1,0,False,False,1457255,,,,False,22001.142643/202608,07954480000179-2-036143/2026,Secretaria do Planejamento e Gestão do Ceará,07954480000179,ESTADO DO CEARA,N,E,2,Compras,7,Empenho,Ceará,CE,Nova Russas,228508,EEEP MANUEL ABDIAS EVANGELISTA,2309300
07954480000179-1-013243/2024,07954480000179-1-013243/2024-000001,,2026,36144,2026-09-26T00:51:54,PJ,00938703000165,HOLLISTER DO BRASIL LTDA,,,,"aquisição de bolsas e acessórios destinados ao
Programa de Atenção à Saúde da Pessoa Ostomizada - PASPO - CSM/SESA,
através da ARP nº 07415/2025, fornecido pela empresa HOLLISTER DO BRASIL
LTDA.",139194.0,139194.0,139194.0,0.0,2026-09-17,2026-09-17,2026-12-31,,,2026-09-26T00:51:51,2026-09-26T00:51:54,False,1,0,False,False,1457291,,,,False,24001.077394/202690,07954480000179-2-036144/2026,Secretaria do Planejamento e Gestão do Ceará,07954480000179,ESTADO DO CEARA,N,E,2,Compras,7,Empenho,Ceará,CE,Fortaleza,240001,SECRETARIA DA SAUDE,2304400
07954480000179-1-022983/2026,,,2026,36145,2026-09-26T00:52:06,PJ,55801553000135,INSERT PRINT PAPELARIA LTDA,,,,MATERIAL EXPEDIENTE - EEM PADRE CORIOLANO - PACAJUS - CREDE 9 -,475.0,475.0,475.0,0.0,2026-09-18,2026-09-18,2026-12-31,,,2026-09-26T00:51:58,2026-09-26T00:52:06,False,1,0,False,False,1457298,,,,False,22001.143593/202678,07954480000179-2-036145/2026,Secretaria do Planejamento e Gestão do Ceará,07954480000179,ESTADO DO CEARA,N,E,2,Compras,7,Empenho,Ceará,CE,Pacajus,228419,EEM PADRE CORIOLANO,2309607
07954480000179-1-023821/2025,07954480000179-1-023821/2025-000001,BRA,2026,36146,2026-09-26T00:52:14,PJ,07577570000198,CEPROF-CENTRO DE PROTESE E ORTESE DE FORTALEZA LTDA,,,,"AQUISICAO DE OPME PARA ATENDER DEMANDA ADMINISTRATIVA - COMUNICAÇÃO INTERNA Nº 000156/2026/SESA/CEDEF
NUP: 24001.080335/2026-07",8800.0,8800.0,8800.0,0.0,2026-09-21,2026-09-21,2026-12-31,,,2026-09-26T00:52:12,2026-09-26T00:52:14,False,1,0,False,False,1457498,,,,False,24001.080335/202607,07954480000179-2-036146/2026,Secretaria do Planejamento e Gestão do Ceará,07954480000179,ESTADO DO CEARA,N,E,2,Compras,7,Empenho,Ceará,CE,Fortaleza,907235,GRUPO DE TRABALHO SOCIAL,2304400
07954480000179-1-024683/2024,07954480000179-1-024683/2024-000001,,2026,36147,2026-09-26T00:52:22,PJ,26644910000109,"COMERCIAL RIOS PRODUTOS DE LIMPEZA, DESCARTAVEIS E PAPELARIA LTDA",,,,"SUPORTE PARA COPO, POUPA COPO, INJETADO EM PLASTICO ABS, TUBO EM POLIESTIRENO, SISTEMA DE BOTAO AUTOMATICO, DISPOSITIVOS SEMIAUTOMATICOS, CAPACIDADE 50 ML, MINIMO 80 COPOS, ACOMPANHA BUCHAS/PARAFUSOS DE INSTALACAO, EMBALAGEM 1.0 UNIDADE. MARCA: NOBRE",246.48,246.48,246.48,0.0,2026-09-17,2026-09-17,2026-12-31,,,2026-09-26T00:52:20,2026-09-26T00:52:22,False,1,0,False,False,1457565,,,,False,24001.080443/202671,07954480000179-2-036147/2026,Secretaria do Planejamento e Gestão do Ceará,07954480000179,ESTADO DO CEARA,N,E,2,Compras,7,Empenho,Ceará,CE,Fortaleza,241521,INSTITUTO DE PREVENCAO DO CANCER,2304400
07954480000179-1-003263/2023,07954480000179-1-003263/2023-000001,,2026,36148,2026-09-26T00:52:38,PJ,08747635000169,ROSS MEDICAL LTDA,,,,Aquisição de material médico hospitalar de acordo com ATA 2024/28293 para atender as necessidade do HCASG.,39000.0,39000.0,39000.0,0.0,2026-09-23,2026-09-23,2026-12-31,,,2026-09-26T00:52:36,2026-09-26T00:52:38,False,1,0,False,False,1458246,,,,False,24001.051455/202699,07954480000179-2-036148/2026,Secretaria do Planejamento e Gestão do Ceará,07954480000179,ESTADO DO CEARA,N,E,2,Compras,7,Empenho,Ceará,CE,Fortaleza,241291,HOSPITAL DR CARLOS ALBERTO STUDART GOMES - MESSEJANA,2304400
07954480000179-1-023473/2026,,,2026,36149,2026-09-26T00:53:22,PJ,38183766000121,LEONARDO FERREIRA GOMES,,,,AQUISIÇÃO DE MATERIAL DE COPA E COZINHA. EEMTI LUIZA TÁVORA - PROMORAR -  (SEFOR 2),11087.0,11087.0,11087.0,0.0,2026-09-23,2026-09-23,2026-12-31,,,2026-09-26T00:53:17,2026-09-26T00:53:22,False,1,0,False,False,1458111,,,,False,22001.054635/202605,07954480000179-2-036149/2026,Secretaria do Planejamento e Gestão do Ceará,07954480000179,ESTADO DO CEARA,N,E,2,Compras,7,Empenho,Ceará,CE,Fortaleza,228094,EEFM DONA LUÍZA TÁVORA - PROMORAR,2304400
07954480000179-1-004131/2024,07954480000179-1-004131/2024-000001,,2026,36150,2026-09-26T00:53:28,PJ,13656820000420,SMITH & NEPHEW COMÉRCIO DE PRODUTOS MÉDICOS LTDA,,,,Aquisição de material médico hospitalar de acordo com ATA 2026/06703 para atender as necessidade do HCASG.,41250.0,41250.0,41250.0,0.0,2026-09-23,2026-09-23,2026-12-31,,,2026-09-26T00:53:27,2026-09-26T00:53:28,False,1,0,False,False,1458244,,,,False,24001.078066/202619,07954480000179-2-036150/2026,Secretaria do Planejamento e Gestão do Ceará,07954480000179,ESTADO DO CEARA,N,E,2,Compras,7,Empenho,Ceará,CE,Fortaleza,241291,HOSPITAL DR CARLOS ALBERTO STUDART GOMES - MESSEJANA,2304400
07954480000179-1-013227/2025,07954480000179-1-013227/2025-000001,,2026,36151,2026-09-26T00:53:33,PJ,23548662000104,PRO-VIDA COMERCIO DE PRODUTOS MEDICOS LTDA ,,,,"AQUISIÇÃO DE MATERIAL MÉDICO HOSPITALAR, ( ACESSORIO, CONECTOR PINO BANANA DIAMETRO 3.97MM, SUPORTAR NO MINIMO 40 CICLOS DE ESTERILIZACAO, ORIGINAL OU COMPATIVEL, USO COM BISTURI WEM,CANETA PARA BISTURI, COMANDO POR PEDAL);  PARA O HOSPITAL GERAL DE FORTALEZA -HGF / SESA - ORDEM DE COMPRA/SERVIÇO Nº 75737/2026 - ATA DE REGISTRO DE PREÇO Nº 2026/00429",9614.5,9614.5,9614.5,0.0,2026-09-23,2026-09-23,2026-12-31,,,2026-09-26T00:53:31,2026-09-26T00:53:33,False,1,0,False,False,1458593,,,,False,24001.077637/202690,07954480000179-2-036151/2026,Secretaria do Planejamento e Gestão do Ceará,07954480000179,ESTADO DO CEARA,N,E,2,Compras,7,Empenho,Ceará,CE,Fortaleza,241281,HOSPITAL GERAL DE FORTALEZA,2304400
07954480000179-1-013227/2025,07954480000179-1-013227/2025-000001,,2026,36152,2026-09-26T00:53:37,PJ,23453855000173,CEQUIMICA LICITACOES LTDA,,,,"AQUISIÇÃO DE MATERIAL HOSPITALAR ( ACESSORIO, CABO REUTILIZAVEL PARA PLACA DE RETORNO DESCARTAVEL,CONECTOR 2 PINOS, CONECTOR DIAMETRO 3.97MM E CONECTOR POR PRESSAO,ORIGINAL OU COMPATIVEL) PARA O HOSPITAL GERAL DE FORTALEZA - HGF/SESA. ORDEM DE COMPRA/SERVIÇO Nº 75742/2026 - ATA DE REGISTRO DE PREÇO Nº 2026/00429",3932.25,3932.25,3932.25,0.0,2026-09-23,2026-09-23,2026-12-31,,,2026-09-26T00:53:36,2026-09-26T00:53:37,False,1,0,False,False,1458610,,,,False,24001.077636/202645,07954480000179-2-036152/2026,Secretaria do Planejamento e Gestão do Ceará,07954480000179,ESTADO DO CEARA,N,E,2,Compras,7,Empenho,Ceará,CE,Fortaleza,241281,HOSPITAL GERAL DE FORTALEZA,2304400
07954480000179-1-026367/2025,07954480000179-1-026367/2025-000001,,2026,36153,2026-09-26T00:53:42,PJ,08778201000126,DROGAFONTE LTDA,,,,"AQUISIÇÃO DE OXACILINA (SODICO), FRASCO/AMPOLA, 500MG, PO PARA SOLUCAO INJETAVEL, PARA ATENDER A UNIDADES DE SAÚDE DO ESTADO DO CEARÁ/SESA.",50640.0,50640.0,50640.0,0.0,2026-09-23,2026-09-23,2026-12-31,,,2026-09-26T00:53:41,2026-09-26T00:53:42,False,1,0,False,False,1458695,,,,False,24001.081575/202611,07954480000179-2-036153/2026,Secretaria do Planejamento e Gestão do Ceará,07954480000179,ESTADO DO CEARA,N,E,2,Compras,7,Empenho,Ceará,CE,Fortaleza,980008,Célula de Execução de Compras de Recursos Biomédicos,2304400
07954480000179-1-006788/2026,07954480000179-1-006788/2026-000001,,2026,36154,2026-09-26T00:53:45,PJ,07484373000124,UNI HOSPITALAR LTDA,,,,"LANREOTIDA (ACETATO), 120MG, SOLUCAO INJETAVEL DE LIBERACAO PROLONGADA, SERINGA PREENCHIDA COM 0,5ML, UNIDADE 1.0 SERINGA PREENCHIDA",194831.0,194831.0,194831.0,0.0,2026-09-23,2026-09-23,2026-12-31,,,2026-09-26T00:53:45,2026-09-26T00:53:45,False,1,0,False,False,1458787,,,,False,24001.082015/202683,07954480000179-2-036154/2026,Secretaria do Planejamento e Gestão do Ceará,07954480000179,ESTADO DO CEARA,N,E,2,Compras,7,Empenho,Ceará,CE,Fortaleza,980008,Célula de Execução de Compras de Recursos Biomédicos,2304400
07954480000179-1-022295/2026,,,2026,36155,2026-09-26T00:53:54,PJ,57546670000125,LIARTES PAPELARIA LTDA,,,,AQUISIÇÃO DE MATERIAL DE EXPEDIENTE EM FAVOR DA EEEP EUSÉBIO DE QUEIROZ - EUSEBIO - CREDE 1,15328.5,15328.5,15328.5,0.0,2026-09-23,2026-09-23,2026-12-31,,,2026-09-26T00:53:50,2026-09-26T00:53:54,False,1,0,False,False,1455727,,,,False,22001.141661/202664,07954480000179-2-036155/2026,Secretaria do Planejamento e Gestão do Ceará,07954480000179,ESTADO DO CEARA,N,E,2,Compras,7,Empenho,Ceará,CE,Caucaia,228223,EEEP EUSÉBIO DE QUEIROZ,2303709
07954480000179-1-022955/2026,,,2026,36156,2026-09-26T00:54:04,PJ,47340800000115,JRP MATERIAL E SERVICOS DE CONSTRUCAO LTDA,,,,Mat. Limpeza 02 - EEMTI MIRIAN PORTO MOTA -  (SEFOR 2),1880.0,1880.0,1880.0,0.0,2026-09-23,2026-09-23,2026-12-31,,,2026-09-26T00:54:00,2026-09-26T00:54:04,False,1,0,False,False,1457836,,,,False,22001.141863/202614,07954480000179-2-036156/2026,Secretaria do Planejamento e Gestão do Ceará,07954480000179,ESTADO DO CEARA,N,E,2,Compras,7,Empenho,Ceará,CE,Fortaleza,228099,EEFM MIRIAN PORTO MOTA,2304400
07954480000179-1-021282/2026,,BRA,2026,36157,2026-09-26T00:54:10,PF,26116111300,MANOEL RODRIGUES NETO,,,,CONTRATAÇÃO DE ARTESÃO DE PEÇAS ARTESANAIS PARA AS LOJAS CEART PORTARIA 094/2025.,1580.0,1580.0,1580.0,0.0,2026-09-22,2026-09-22,2026-12-31,,,2026-09-26T00:54:06,2026-09-26T00:54:10,False,1,0,False,False,1457990,,,,False,47001.014270/202607,07954480000179-2-036157/2026,Secretaria do Planejamento e Gestão do Ceará,07954480000179,ESTADO DO CEARA,N,E,2,Compras,7,Empenho,Ceará,CE,Fortaleza,470001,"SECRETARIA DA PROTEÇÃO SOCIAL, JUSTIÇA, CIDADANIA, MULHERES E DH",2304400
07954480000179-1-023917/2026,,,2026,36158,2026-09-26T00:54:15,PJ,38404532000167,RODRIGO LUIS LOPES REIS,,,,MATERIAL DE CONSUMO - GÊNEROS DE ALIMENTAÇÃO (ENEM) DA CREDE 8.,2602.6,2602.6,2602.6,0.0,2026-09-22,2026-09-22,2026-12-31,,,2026-09-26T00:54:12,2026-09-26T00:54:15,False,1,0,False,False,1458003,,,,False,22001.148263/202679,07954480000179-2-036158/2026,Secretaria do Planejamento e Gestão do Ceará,07954480000179,ESTADO DO CEARA,N,E,2,Compras,7,Empenho,Ceará,CE,Baturité,227008,COORDENADORIA REGIONAL DE DESENVOLVIMENTO DA EDUCACAO - CREDE 08 - BATURITE,2302107
07954480000179-1-023000/2025,07954480000179-1-023000/2025-000001,,2026,36159,2026-09-26T00:54:24,PJ,59089998000195,JUMBO SAUDE IMPORTACAO E EXPORTACAO LTDA,,,,Aquisições de Material de Consumo - Café e Açúcar,39270.0,39270.0,39270.0,0.0,2026-09-22,2026-09-22,2026-12-31,,,2026-09-26T00:54:23,2026-09-26T00:54:24,False,1,0,False,False,1458175,,,,False,21001.007101/202619,07954480000179-2-036159/2026,Secretaria do Planejamento e Gestão do Ceará,07954480000179,ESTADO DO CEARA,N,E,2,Compras,7,Empenho,Ceará,CE,Fortaleza,210001,SECRETARIA DO DESENVOLVIMENTO AGRARIO,2304400
07954480000179-1-021794/2025,07954480000179-1-021794/2025-000001,,2026,36160,2026-09-26T00:54:28,PJ,35865938000159,PHL DISTRIBUIDORA LABORATORIAL LTDA,,,,AQUISIÇÃO DE MATERIAL LABORATORIAL DE ACORDO COM A ORDEM DE COMPRA/SERVIÇO Nº 79599/2026 - ATA DE REGISTRO DE PREÇO Nº 2026/07464 (ITEM 25 - REAGENTES).,129.6,129.6,129.6,0.0,2026-09-23,2026-09-23,2026-12-31,,,2026-09-26T00:54:27,2026-09-26T00:54:28,False,1,0,False,False,1458454,,,,False,24001.080002/202670,07954480000179-2-036160/2026,Secretaria do Planejamento e Gestão do Ceará,07954480000179,ESTADO DO CEARA,N,E,2,Compras,7,Empenho,Ceará,CE,Fortaleza,241531,LABORATORIO CENTRAL DE SAUDE PUBLICA,2304400
07954480000179-1-011513/2026,07954480000179-1-011513/2026-000001,,2026,36161,2026-09-26T00:54:34,PJ,07291198000159,ORTOFOR ORTOPEDIA FORTALEZA LTDA,,,,COLETE 3D RIGO-CHENEAU SOB MEDIDA,3900.0,3900.0,3900.0,0.0,2026-09-22,2026-09-22,2026-12-31,,,2026-09-26T00:54:32,2026-09-26T00:54:34,False,1,0,False,False,1458457,,,,False,24001.075848/202698,07954480000179-2-036161/2026,Secretaria do Planejamento e Gestão do Ceará,07954480000179,ESTADO DO CEARA,N,E,2,Compras,7,Empenho,Ceará,CE,Fortaleza,907742,SESA - DEMANDA JUDICIAL,2304400
07954480000179-1-012564/2025,07954480000179-1-012564/2025-000001,,2026,36162,2026-09-26T00:54:40,PJ,42705829000130,HUB HEALTH DISTRIBUIDORA DE PRODUTOS HOSPITALARES LTDA,,,,"AQUISIÇÃO DE ACIDO TIOCTICO, COMPRIMIDO REVESTIDO, 600 MG PARA ATENDER DEMANDAS JUDICIAIS.",1320.0,1320.0,1320.0,0.0,2026-09-23,2026-09-23,2026-12-31,,,2026-09-26T00:54:37,2026-09-26T00:54:40,False,1,0,False,False,1458489,,,,False,24001.081531/202691,07954480000179-2-036162/2026,Secretaria do Planejamento e Gestão do Ceará,07954480000179,ESTADO DO CEARA,N,E,2,Compras,7,Empenho,Ceará,CE,Fortaleza,907742,SESA - DEMANDA JUDICIAL,2304400
07954480000179-1-023583/2024,07954480000179-1-023583/2024-000001,,2026,36163,2026-09-26T00:54:51,PJ,05329222000176,SELLENE COMÉRCIO E REPRESENTAÇÕES LTDA,,,,Aquisição de gênero alimentício por meio da ATA N° 2025/29925 para atender as necessidades do HCASG.,5641.2,5641.2,5641.2,0.0,2026-09-23,2026-09-23,2026-12-31,,,2026-09-26T00:54:49,2026-09-26T00:54:51,False,1,0,False,False,1458497,,,,False,24001.075078/202683,07954480000179-2-036163/2026,Secretaria do Planejamento e Gestão do Ceará,07954480000179,ESTADO DO CEARA,N,E,2,Compras,7,Empenho,Ceará,CE,Fortaleza,241291,HOSPITAL DR CARLOS ALBERTO STUDART GOMES - MESSEJANA,2304400
07954480000179-1-024825/2024,07954480000179-1-024825/2024-000001,,2026,36164,2026-09-26T00:54:55,PJ,03967966000190,ENFERMED COMERCIO DE MATERIAIS MEDICO-HOSPITALARES LTDA,,,,"AQUISIÇÃO DE MATERIAL HOSPITALAR (CONECTOR, UNIVERSAL EM ""Y"", POLISULFONA, AUTOCLAVAVEL, COM COTOVELO NA VERTICAL ACOPLADO, ADAPTAVEL AO CIRCUITO VENTILATORIO PULMONAR PEDIATRICO DE 15MM  ) - PARA O HOSPITAL GERAL DE FORTALEZA - HGF/SESA. ORDEM DE COMPRA/SERVIÇO Nº 77454/2026 - ATA DE REGISTRO DE PREÇO Nº 2026/11630",1219.25,1219.25,1219.25,0.0,2026-09-23,2026-09-23,2026-12-31,,,2026-09-26T00:54:54,2026-09-26T00:54:55,False,1,0,False,False,1458736,,,,False,24001.078767/202640,07954480000179-2-036164/2026,Secretaria do Planejamento e Gestão do Ceará,07954480000179,ESTADO DO CEARA,N,E,2,Compras,7,Empenho,Ceará,CE,Fortaleza,241281,HOSPITAL GERAL DE FORTALEZA,2304400
07954480000179-1-022845/2026,,,2026,36165,2026-09-26T00:55:13,PJ,66848160000101,NEXUS COMERCIO E SERVICOS DE LICITACOES LTDA,,,,AQUISIÇÃO - MATERIAL DE CONSUMO - MATERIAL PARA MANUTENÇÃO DE BENS IMÓVEIS - EEMTI DESEMBARGADOR RAIMUNDO CARVALHO LIMA - PACATUBA - CREDE 1,1796.1,1796.1,1796.1,0.0,2026-09-22,2026-09-22,2026-12-31,,,2026-09-26T00:55:09,2026-09-26T00:55:13,False,1,0,False,False,1457457,,,,False,22001.142315/202601,07954480000179-2-036165/2026,Secretaria do Planejamento e Gestão do Ceará,07954480000179,ESTADO DO CEARA,N,E,2,Compras,7,Empenho,Ceará,CE,Pacatuba,228206,EEFM DESEMBARGADOR RAIMUNDO CARVALHO LIMA,2309706
07954480000179-1-021209/2026,,,2026,36166,2026-09-26T00:55:23,PJ,66848160000101,NEXUS COMERCIO E SERVICOS DE LICITACOES LTDA,,,,AQUISIÇÃO DE MATERIAL ELÉTRICO E ELETRÔNICO. EEEPPL DE ITAITINGA - ITAITINGA  - CREDE 1,280.52,280.52,280.52,0.0,2026-09-23,2026-09-23,2026-12-31,,,2026-09-26T00:55:18,2026-09-26T00:55:23,False,1,0,False,False,1455380,,,,False,22001.123120/202654,07954480000179-2-036166/2026,Secretaria do Planejamento e Gestão do Ceará,07954480000179,ESTADO DO CEARA,N,E,2,Compras,7,Empenho,Ceará,CE,Itaitinga,229310,EEPPL DE ITAITINGA,2306256
07954480000179-1-019227/2026,07954480000179-1-019227/2026-000001,,2026,36167,2026-09-26T00:55:28,PJ,61771120000187,SUTCARE LTDA,,,,"AQUISIÇÃO DE MATERIAL MÉDICO HOSPITALAR, (FIO DE SUTURA, POLIAMIDA 5-0, AGULHA 3/8 20/22MM CIRCULO CORTANTE,
ESTERIL) PARA O HOSPITAL GERAL DE FORTALEZA-HGF/SESA.",96.48,96.48,96.48,0.0,2026-09-22,2026-09-22,2026-12-31,,,2026-09-26T00:55:27,2026-09-26T00:55:28,False,1,0,False,False,1457907,,,,False,24001.075164/202696,07954480000179-2-036167/2026,Secretaria do Planejamento e Gestão do Ceará,07954480000179,ESTADO DO CEARA,N,E,2,Compras,7,Empenho,Ceará,CE,Fortaleza,241281,HOSPITAL GERAL DE FORTALEZA,2304400
07954480000179-1-022551/2026,,,2026,36168,2026-09-26T00:55:34,PJ,38404532000167,RODRIGO LUIS LOPES REIS,,,,GÊNEROS DE ALIMENTAÇÃO (ÁGUA MINERAL E BARRA DE CEREAL) PARA COMPOSIÇÃO DO KIT LANCHE ENEM 2026 DA COORDENADORIA REGIONAL DE DESENVOLVIMENTO DA EDUCAÇÃO (CREDE 3 - ACARAÚ),9906.58,9906.58,9906.58,0.0,2026-09-22,2026-09-22,2026-12-31,,,2026-09-26T00:55:31,2026-09-26T00:55:34,False,1,0,False,False,1458007,,,,False,22001.142117/202630,07954480000179-2-036168/2026,Secretaria do Planejamento e Gestão do Ceará,07954480000179,ESTADO DO CEARA,N,E,2,Compras,7,Empenho,Ceará,CE,Acaraú,227003,COORDENADORIA REGIONAL DE DESENVOLVIMENTO DA EDUCACAO - CREDE 03 -  ACARAU,2300200
07954480000179-1-025170/2025,07954480000179-1-025170/2025-000001,,2026,36169,2026-09-26T00:55:40,PJ,11034934001485,NDS DISTRIBUIDORA DE MEDICAMENTOS LTDA,,,,"Aquisição do item ( METRONIDAZOL, 100MG/G), objetivando o atendimento das demandas da Saúde Prisional do Estado do Ceará.",2075.64,2075.64,2075.64,0.0,2026-09-23,2026-09-23,2026-12-31,,,2026-09-26T00:55:40,2026-09-26T00:55:40,False,1,0,False,False,1458060,,,,False,24001.080179/202676,07954480000179-2-036169/2026,Secretaria do Planejamento e Gestão do Ceará,07954480000179,ESTADO DO CEARA,N,E,2,Compras,7,Empenho,Ceará,CE,Fortaleza,980009,Saúde Prisional - Superintendência da Região de Fortaleza,2304400
07954480000179-1-025218/2025,07954480000179-1-025218/2025-000001,,2026,36170,2026-09-26T00:55:45,PJ,08958628000378,ONCOEXO DISTRIBUIDORA DE MEDICAMENTOS LTDA,,,,"AQUISIÇÃO DE MEDICAMENTO PARA ATENDER DEMANDA DO CEAF - VALSARTANA, SACUBITRIL, 100MG, COMPRIMIDO REVESTIDO - VALSARTANA, SACUBITRIL, 200MG, COMPRIMIDO REVESTIDO",409932.0,409932.0,409932.0,0.0,2026-09-22,2026-09-22,2026-12-31,,,2026-09-26T00:55:44,2026-09-26T00:55:45,False,1,0,False,False,1458084,,,,False,24001.080918/202620,07954480000179-2-036170/2026,Secretaria do Planejamento e Gestão do Ceará,07954480000179,ESTADO DO CEARA,N,E,2,Compras,7,Empenho,Ceará,CE,Fortaleza,980008,Célula de Execução de Compras de Recursos Biomédicos,2304400
07954480000179-1-024708/2024,07954480000179-1-024708/2024-000001,,2026,36171,2026-09-26T00:55:53,PJ,29725927000170,BMP DE SOUSA COMERCIAL LTDA ,,,,"Aquisições de material de consumo ¿ copos descartáveis, para atender a necessidade do HEMOCE, através de entrega imediata, OC 79861/2026, ARP 2025/29358, PE 0004/2025.",7485.0,7485.0,7485.0,0.0,2026-09-22,2026-09-22,2026-12-31,,,2026-09-26T00:55:52,2026-09-26T00:55:53,False,1,0,False,False,1458148,,,,False,24001.080693/202610,07954480000179-2-036171/2026,Secretaria do Planejamento e Gestão do Ceará,07954480000179,ESTADO DO CEARA,N,E,2,Compras,7,Empenho,Ceará,CE,Fortaleza,240424,CENTRO DE HEMATOLOGIA E HEMOTERAPIA DO CEARA  ,2304400
07954480000179-1-026217/2025,07954480000179-1-026217/2025-000001,,2026,36172,2026-09-26T00:55:57,PJ,09092152000136,EMMARKA DISTRIBUIDORADE MEDICAMENTOS LTDA,,,,"PANCURONIO (BROMETO), AMPOLA 2 ML, 2MG/ML, SOLUCAO INJETAVEL, AMPOLA 1.0 UNIDADE",2487.45,2487.45,2487.45,0.0,2026-09-22,2026-09-22,2026-12-31,,,2026-09-26T00:55:56,2026-09-26T00:55:57,False,1,0,False,False,1458195,,,,False,24001.081106/202600,07954480000179-2-036172/2026,Secretaria do Planejamento e Gestão do Ceará,07954480000179,ESTADO DO CEARA,N,E,2,Compras,7,Empenho,Ceará,CE,Fortaleza,980008,Célula de Execução de Compras de Recursos Biomédicos,2304400
07954480000179-1-003269/2023,07954480000179-1-003269/2023-000001,,2026,36173,2026-09-26T00:56:11,PJ,01645409000390,AUTO SUTURE DO BRASIL LTDA.,,,,"AQUISIÇÃO DE MATERIAL MÉDICO HOSPITALAR, (ENDOPROTESE, OU POLIESTER MARCAS RADIOPACAS ORIENTACAO DO POSICIONAMENTO, STENTS PROXIMAL RECOBERTO OU NAO ) PARA O HOSPITAL GERAL DE FORTALEZA -HGF / SESA. ORDEM DE COMPRA/SERVIÇO Nº 76834/2026 - ATA DE REGISTRO DE PREÇO Nº 2024/32212",21628.0,21628.0,21628.0,0.0,2026-09-23,2026-09-23,2026-12-31,,,2026-09-26T00:56:10,2026-09-26T00:56:11,False,1,0,False,False,1458239,,,,False,24001.078694/202696,07954480000179-2-036173/2026,Secretaria do Planejamento e Gestão do Ceará,07954480000179,ESTADO DO CEARA,N,E,2,Compras,7,Empenho,Ceará,CE,Fortaleza,241281,HOSPITAL GERAL DE FORTALEZA,2304400
07954480000179-1-022017/2024,07954480000179-1-022017/2024-000001,,2026,36174,2026-09-26T00:56:16,PJ,05608924000199,SURGICALLMED COMERCIO LTDA,,,,"AQUISIÇÃO DE MATERIAL MÉDICO HOSPITALAR, ( CLIP, TAMANHOS APROXIMADOS 3, 5, 7, 9, 11 ,15 MM, PARA ANEURISMA CEREBRAL EM TITANIO ) ; PARA O HOSPITAL GERAL DE FORTALEZA -HGF / SESA . ORDEM DE COMPRA/SERVIÇO Nº 75726/2026 - ATA DE REGISTRO DE PREÇO Nº 2025/15684.",3300.0,3300.0,3300.0,0.0,2026-09-23,2026-09-23,2026-12-31,,,2026-09-26T00:56:15,2026-09-26T00:56:16,False,1,0,False,False,1458262,,,,False,24001.076926/202671,07954480000179-2-036174/2026,Secretaria do Planejamento e Gestão do Ceará,07954480000179,ESTADO DO CEARA,N,E,2,Compras,7,Empenho,Ceará,CE,Fortaleza,241281,HOSPITAL GERAL DE FORTALEZA,2304400
07954480000179-1-003485/2023,07954480000179-1-003485/2023-000001,,2026,36175,2026-09-26T00:56:24,PJ,15099833000129,L F S COMERCIO E IMPORTACAO DE ALIMENTOS LTDA,,,,Aquisição de gênero alimentício por meio da ATA N° 2026/13659 para atender as necessidades do HCASG.,43121.0,43121.0,43121.0,0.0,2026-09-23,2026-09-23,2026-12-31,,,2026-09-26T00:56:22,2026-09-26T00:56:24,False,1,0,False,False,1458398,,,,False,24001.064605/202624,07954480000179-2-036175/2026,Secretaria do Planejamento e Gestão do Ceará,07954480000179,ESTADO DO CEARA,N,E,2,Compras,7,Empenho,Ceará,CE,Fortaleza,241291,HOSPITAL DR CARLOS ALBERTO STUDART GOMES - MESSEJANA,2304400
07954480000179-1-013163/2026,07954480000179-1-013163/2026-000001,,2026,36176,2026-09-26T00:56:29,PJ,08077211000134,T S COMERCIAL DE MEDICAMENTOS E REPRESENTACAO LTDA,,,,"AQUISIÇÃO DE SUNITINIBE (MALATO), 50MG, CAPSULA PARA ATENDER DEMANDAS JUDICIAIS.",2481.92,2481.92,2481.92,0.0,2026-09-23,2026-09-23,2026-12-31,,,2026-09-26T00:56:27,2026-09-26T00:56:29,False,1,0,False,False,1458501,,,,False,24001.081530/202646,07954480000179-2-036176/2026,Secretaria do Planejamento e Gestão do Ceará,07954480000179,ESTADO DO CEARA,N,E,2,Compras,7,Empenho,Ceará,CE,Fortaleza,907742,SESA - DEMANDA JUDICIAL,2304400
07954480000179-1-023583/2024,07954480000179-1-023583/2024-000001,,2026,36177,2026-09-26T00:56:38,PJ,05329222000176,SELLENE COMÉRCIO E REPRESENTAÇÕES LTDA,,,,Aquisição de gênero alimentício por meio da ATA N° 2025/29925 para atender as necessidades do HCASG.,13162.8,13162.8,13162.8,0.0,2026-09-23,2026-09-23,2026-12-31,,,2026-09-26T00:56:37,2026-09-26T00:56:38,False,1,0,False,False,1458503,,,,False,24001.075072/202614,07954480000179-2-036177/2026,Secretaria do Planejamento e Gestão do Ceará,07954480000179,ESTADO DO CEARA,N,E,2,Compras,7,Empenho,Ceará,CE,Fortaleza,241291,HOSPITAL DR CARLOS ALBERTO STUDART GOMES - MESSEJANA,2304400
07954480000179-1-013679/2025,07954480000179-1-013679/2025-000001,,2026,36178,2026-09-26T00:56:44,PJ,07197536000198,IMPORTEC IMPORTADORA CEARENSE LTDA,,,,"Aquisições de insumos de laboratório, com equipamento em regime de comodato, para atender a necessidade do HEMOCE, através de entrega imediata, OC 80713/2026, ARP 2025/04712, PE 871/2025.",98880.0,98880.0,98880.0,0.0,2026-09-23,2026-09-23,2026-12-31,,,2026-09-26T00:56:42,2026-09-26T00:56:44,False,1,0,False,False,1458731,,,,False,24001.081402/202601,07954480000179-2-036178/2026,Secretaria do Planejamento e Gestão do Ceará,07954480000179,ESTADO DO CEARA,N,E,2,Compras,7,Empenho,Ceará,CE,Fortaleza,240424,CENTRO DE HEMATOLOGIA E HEMOTERAPIA DO CEARA  ,2304400
07954480000179-1-022364/2026,,,2026,36179,2026-09-26T00:57:02,PJ,52588960000118,NEMA COMERCIO LTDA,,,,MATERIAL DE EXPEDIENTE - EEMTI ANTONIO LUIZ COELHO - MARANGUAPE - CREDE 1 -,689.7,689.7,689.7,0.0,2026-09-17,2026-09-17,2026-12-31,,,2026-09-26T00:56:58,2026-09-26T00:57:02,False,1,0,False,False,1455876,,,,False,22001.141801/202602,07954480000179-2-036179/2026,Secretaria do Planejamento e Gestão do Ceará,07954480000179,ESTADO DO CEARA,N,E,2,Compras,7,Empenho,Ceará,CE,Maranguape,228217,EEM ANTONIO LUIS COELHO,2307700
07954480000179-1-022767/2026,,,2026,36180,2026-09-26T00:57:08,PJ,33281513000177,FRANCISCO MATEUS DA ROCHA DO NASCIMENTO 27634641812,,,,REFERENTE À COTAÇÃO ELETRÔNICA 35/2026 PARA AQUISIÇÃO DE MATERIAL DE PROCESSAMENTO DE DADOS EM FAVOR DA UNIDADE - EEFM CONSTÂNÇA TÁVORA -  (SEFOR 2),468.95,468.95,468.95,0.0,2026-09-16,2026-09-16,2026-12-31,,,2026-09-26T00:57:05,2026-09-26T00:57:08,False,1,0,False,False,1456044,,,,False,22001.143307/202674,07954480000179-2-036180/2026,Secretaria do Planejamento e Gestão do Ceará,07954480000179,ESTADO DO CEARA,N,E,2,Compras,7,Empenho,Ceará,CE,Fortaleza,228081,EEFM CONSTÂNCIA TÁVORA,2304400
07954480000179-1-025406/2025,07954480000179-1-025406/2025-000001,,2026,36181,2026-09-26T00:57:14,PJ,06628333000146,FARMACE IND QUIMICO FARM CEARENSE       ,,,,"AQUISIÇÃO DE MATERIAL DE MEDICAMENTOS PARA ESTE CEO-CENTRO, CONFORME ORDEM DE COMPRAS Nº 76904/2026 E ATA Nº 2026/07533",90.0,90.0,90.0,0.0,2026-09-16,2026-09-16,2026-12-31,,,2026-09-26T00:57:13,2026-09-26T00:57:14,False,1,0,False,False,1457154,,,,False,24001.079512/202602,07954480000179-2-036181/2026,Secretaria do Planejamento e Gestão do Ceará,07954480000179,ESTADO DO CEARA,N,E,2,Compras,7,Empenho,Ceará,CE,Fortaleza,241501,CENTRO ODONTOLOGICO - TIPO I,2304400
07954480000179-1-026407/2025,07954480000179-1-026407/2025-000001,,2026,36182,2026-09-26T00:57:19,PJ,08077211000134,T S COMERCIAL DE MEDICAMENTOS E REPRESENTACAO LTDA,,,,"AQUISIÇÃO DE MATERIAL DE MEDICAMENTOS PARA ESTE CEO-CENTRO, CONFORME ORDEM DE COMPRAS Nº 76897/2026 E ATA Nº 2026/26887",703.35,703.35,703.35,0.0,2026-09-16,2026-09-16,2026-12-31,,,2026-09-26T00:57:18,2026-09-26T00:57:19,False,1,0,False,False,1457166,,,,False,24001.079513/202649,07954480000179-2-036182/2026,Secretaria do Planejamento e Gestão do Ceará,07954480000179,ESTADO DO CEARA,N,E,2,Compras,7,Empenho,Ceará,CE,Fortaleza,241501,CENTRO ODONTOLOGICO - TIPO I,2304400
07954480000179-1-023643/2025,07954480000179-1-023643/2025-000001,,2026,36183,2026-09-26T00:57:25,PJ,08773990000102,O MOVELEIRO CIA LTDA,,,,"Aquisição de 02 (dois) aparelhos de ar condicionado, conforme ordem de fornecimento nº 23/2026.",12305.0,12305.0,12305.0,0.0,2026-09-16,2026-09-16,2026-12-31,,,2026-09-26T00:57:24,2026-09-26T00:57:25,False,1,0,False,False,1457193,,,,False,29022.001358/202621,07954480000179-2-036183/2026,Secretaria do Planejamento e Gestão do Ceará,07954480000179,ESTADO DO CEARA,N,E,2,Compras,7,Empenho,Ceará,CE,Fortaleza,290101,SUPERINTENDENCIA DE OBRAS HIDRAULICAS,2304400
07954480000179-1-024949/2024,07954480000179-1-024949/2024-000001,,2026,36184,2026-09-26T00:57:30,PJ,12889035000293,INOVAMED HOSPITALAR LTDA,,,,"AQUISIÇÃO DE MATERIAL FARMACOLÓGICO,(SUPLEMENTO ALIMENTAR, CALCIO ELEMENTAR 600MG + COLECALCIFEROL 400UI ) PARA O HOSPITAL GERAL DE FORTALEZA ¿ HGF / SESA. - ORDEM DE COMPRA/SERVIÇO Nº 76597/2026 - ATA DE REGISTRO DE PREÇO Nº 2026/00163",282.0,282.0,282.0,0.0,2026-09-16,2026-09-16,2026-12-31,,,2026-09-26T00:57:29,2026-09-26T00:57:30,False,1,0,False,False,1457267,,,,False,24001.076756/202625,07954480000179-2-036184/2026,Secretaria do Planejamento e Gestão do Ceará,07954480000179,ESTADO DO CEARA,N,E,2,Compras,7,Empenho,Ceará,CE,Fortaleza,241281,HOSPITAL GERAL DE FORTALEZA,2304400
07954480000179-1-022983/2026,,,2026,36185,2026-09-26T00:57:40,PJ,12321127000191,EDUQUE & BRINQUE EIRELI,,,,MATERIAL EXPEDIENTE - EEM PADRE CORIOLANO - PACAJUS - CREDE 9 -,199.9,199.9,199.9,0.0,2026-09-18,2026-09-18,2026-12-31,,,2026-09-26T00:57:33,2026-09-26T00:57:40,False,1,0,False,False,1457282,,,,False,22001.143593/202678,07954480000179-2-036185/2026,Secretaria do Planejamento e Gestão do Ceará,07954480000179,ESTADO DO CEARA,N,E,2,Compras,7,Empenho,Ceará,CE,Pacajus,228419,EEM PADRE CORIOLANO,2309607
07954480000179-1-013243/2024,07954480000179-1-013243/2024-000001,,2026,36186,2026-09-26T00:57:50,PJ,15496297000103,SYSMEDICA COMERCIO DE MATERIAIS HOSPITALARES LTDA,,,,"aquisição de bolsas e acessórios destinados ao
Programa de Atenção à Saúde da Pessoa Ostomizada - PASPO - CSM/SESA,
através da ARP nº 07415/2025, fornecido pela empresa SYSMEDICA COMER.
DE MATERIAIS HOSPITALARES LTDA.",98329.7,98329.7,98329.7,0.0,2026-09-17,2026-09-17,2026-12-31,,,2026-09-26T00:57:49,2026-09-26T00:57:50,False,1,0,False,False,1457283,,,,False,24001.077383/202618,07954480000179-2-036186/2026,Secretaria do Planejamento e Gestão do Ceará,07954480000179,ESTADO DO CEARA,N,E,2,Compras,7,Empenho,Ceará,CE,Fortaleza,240001,SECRETARIA DA SAUDE,2304400
07954480000179-1-023151/2026,,,2026,36187,2026-09-26T00:57:58,PJ,12321127000191,EDUQUE & BRINQUE EIRELI,,,,AQUISIÇÃO DE MATERIAL DE EXPEDIENTE PARA ATENDER AS NECESSIDADES DA EEMTI ETELVINA GOMES BEZERRA - PENTECOSTE/CE - CREDE 2 -,5116.4,5116.4,5116.4,0.0,2026-09-22,2026-09-22,2026-12-31,,,2026-09-26T00:57:53,2026-09-26T00:57:58,False,1,0,False,False,1457296,,,,False,22001.142992/202611,07954480000179-2-036187/2026,Secretaria do Planejamento e Gestão do Ceará,07954480000179,ESTADO DO CEARA,N,E,2,Compras,7,Empenho,Ceará,CE,Pentecoste,228257,EEM ETELVINA GOMES BEZERRA,2310704
07954480000179-1-021434/2026,,,2026,36188,2026-09-26T00:58:08,PJ,60760233000114,LM NOGUEIRA DISTRIBUIDORA E SERVICOS LTDA,,,,MATERIAL DE LIMPEZA E PRODUÇÃO DE HIGIENIZAÇÃO CREDE 09 EM FAVOR EEEP. PROFESSOR JOSE CARLOS REBOLÇAS E EEMTI PROFESSORA DALVA QUEIROZ DE CARVALHO - HORIZONTE - CREDE 9,1022.95,1022.95,1022.95,0.0,2026-09-18,2026-09-18,2026-12-31,,,2026-09-26T00:58:03,2026-09-26T00:58:08,False,1,0,False,False,1457356,,,,False,22001.133561/202664,07954480000179-2-036188/2026,Secretaria do Planejamento e Gestão do Ceará,07954480000179,ESTADO DO CEARA,N,E,2,Compras,7,Empenho,Ceará,CE,Horizonte,227009,COORDENADORIA REGIONAL DE DESENVOLVIMENTO DA EDUCACAO - CREDE 09 - HORIZONTE,2305233
07954480000179-1-011684/2026,07954480000179-1-011684/2026-000001,,2026,36189,2026-09-26T00:58:13,PJ,08958628000378,ONCOEXO DISTRIBUIDORA DE MEDICAMENTOS LTDA,,,,"RITUXIMABE, 10MG/ML, SOLUCAO PARA DILUICAO PARA INFUSAO, FRASCO 50ML",55800.0,55800.0,55800.0,0.0,2026-09-17,2026-09-17,2026-12-31,,,2026-09-26T00:58:12,2026-09-26T00:58:13,False,1,0,False,False,1457361,,,,False,24001.080204/202611,07954480000179-2-036189/2026,Secretaria do Planejamento e Gestão do Ceará,07954480000179,ESTADO DO CEARA,N,E,2,Compras,7,Empenho,Ceará,CE,Fortaleza,907742,SESA - DEMANDA JUDICIAL,2304400
07954480000179-1-011505/2025,07954480000179-1-011505/2025-000001,,2026,36190,2026-09-26T00:58:18,PJ,09511423000140,AGF MEDICAL LTDA,,,,"AQUISIÇÃO DE CATETER, SWAN GANZ, PARA TERMODILUICAO COM INTRODUTOR, EM POLIETILENO HEPARINIZADO COM 100CM, 6 VIAS, VIA DISTAL COM ORIFICIO NA PONTA, VIA PROXIMAL A 30CM DA PONTA, VIA PARA O BALONETE COM CAPACIDADE DE 1,5CC, VIA DO TERMOSTATO, VIA PARA MEDICAO DAS PRESSOES
PULMONAR E VENOSA CENTRAL, APURACAO DO DEBITO CARDIACO CONTINUO. PARA ATENDER A UNIDADES DE SAÚDE DO ESTADO DO CEARÁ/SESA.",118000.0,118000.0,118000.0,0.0,2026-09-17,2026-09-17,2026-12-31,,,2026-09-26T00:58:17,2026-09-26T00:58:18,False,1,0,False,False,1457376,,,,False,24001.080263/202690,07954480000179-2-036190/2026,Secretaria do Planejamento e Gestão do Ceará,07954480000179,ESTADO DO CEARA,N,E,2,Compras,7,Empenho,Ceará,CE,Fortaleza,980008,Célula de Execução de Compras de Recursos Biomédicos,2304400
07954480000179-1-022840/2026,,,2026,36191,2026-09-26T00:58:27,PJ,35061495000143,PAPELARIA CHAO DE GIZ LTDA ,,,,AQUISIÇÃO - MATERIAL DE CONSUMO - MATERIAL DE COPA E COZINHA. EEMTI DESEMBARGADOR RAIMUNDO CARVALHO LIMA - PACATUBA - CREDE 1,862.0,862.0,862.0,0.0,2026-09-18,2026-09-18,2026-12-31,,,2026-09-26T00:58:22,2026-09-26T00:58:27,False,1,0,False,False,1457427,,,,False,22001.142314/202659,07954480000179-2-036191/2026,Secretaria do Planejamento e Gestão do Ceará,07954480000179,ESTADO DO CEARA,N,E,2,Compras,7,Empenho,Ceará,CE,Pacatuba,228206,EEFM DESEMBARGADOR RAIMUNDO CARVALHO LIMA,2309706
07954480000179-1-022056/2026,,,2026,36192,2026-09-26T00:58:34,PJ,06106789000146,RAIMUNDO ANASTACIO DE SOUSA ANDRADE - ME,,,,AQUISIÇÃO - MATERIAL DE CONSUMO - MATERIAL DE EXPEDIENTE - EEMTI MARIA ZENÓBIA RODRIGUES BRAGA - CAUCAIA - CREDE 1,4565.0,4565.0,4565.0,0.0,2026-09-22,2026-09-22,2026-12-31,,,2026-09-26T00:58:30,2026-09-26T00:58:34,False,1,0,False,False,1456316,,,,False,22001.138903/202632,07954480000179-2-036192/2026,Secretaria do Planejamento e Gestão do Ceará,07954480000179,ESTADO DO CEARA,N,E,2,Compras,7,Empenho,Ceará,CE,Caucaia,229218,EEM MARIA ZENOBIA RODRIGUES BRAGA,2303709
07954480000179-1-021273/2026,,,2026,36193,2026-09-26T00:58:43,PJ,25179741000102,EXPRESSO DISTRIBUIDORA EIRELI,,,,SEGUNDA AQUISIÇÃO DE MATERIA DE LIMPEZA E PRODUÇÃO DE HIGIENIZAÇÃO - EEMTI DEPUTADO CESÁRIO BARRETO LIMA - SOBRAL - CREDE 6 -,2176.0,2176.0,2176.0,0.0,2026-09-15,2026-09-15,2026-12-31,,,2026-09-26T00:58:37,2026-09-26T00:58:43,False,1,0,False,False,1456568,,,,False,22001.134294/202642,07954480000179-2-036193/2026,Secretaria do Planejamento e Gestão do Ceará,07954480000179,ESTADO DO CEARA,N,E,2,Compras,7,Empenho,Ceará,CE,Sobral,228354,EEFM DEPUTADO CESÁRIO BARRETO LIMA,2312908
07954480000179-1-022634/2024,07954480000179-1-022634/2024-000001,,2026,36194,2026-09-26T00:58:57,PJ,40764896000108,PROLIMP PRODUTOS E SERVIÇOS  LTDA,,,,AQUISIÇÃO PARA MATERIAL DE CONSUMO PARA ATENDER AS NECESSIDADES DA COADS/CANINDÉ,105.0,105.0,105.0,0.0,2026-09-16,2026-09-16,2026-12-31,,,2026-09-26T00:58:56,2026-09-26T00:58:57,False,1,0,False,False,1456584,,,,False,24001.052094/202606,07954480000179-2-036194/2026,Secretaria do Planejamento e Gestão do Ceará,07954480000179,ESTADO DO CEARA,N,E,2,Compras,7,Empenho,Ceará,CE,Fortaleza,240001,SECRETARIA DA SAUDE,2304400
07954480000179-1-021533/2026,,,2026,36195,2026-09-26T00:59:02,PJ,36901695000120,C G C DE ARAUJO,,,,MATERIAL ELÉTRICO E ELÉTRÔNICO - EEM PADRE ARIMATÉIA DINIZ - CASCAVEL - CREDE 9,190.0,190.0,190.0,0.0,2026-09-18,2026-09-18,2026-12-31,,,2026-09-26T00:58:59,2026-09-26T00:59:02,False,1,0,False,False,1456684,,,,False,22001.138231/202665,07954480000179-2-036195/2026,Secretaria do Planejamento e Gestão do Ceará,07954480000179,ESTADO DO CEARA,N,E,2,Compras,7,Empenho,Ceará,CE,Cascavel,228418,EEM PADRE ARIMATÉIA DINIZ,2303501
07954480000179-1-023639/2026,,BRA,2026,36196,2026-09-26T00:59:08,PJ,07447519000161,CENTRO DE FORMACAO DE CONDUTORES VIEIRA E FEITOSA LTDA,,,,"Prestação de serviços, por Centros de Formação de Condutores (CFC), referentes à realização de Cursos de Formação Teórico-Técnico e Prática de Direção Veicular, visando a formação e capacitação de candidatos à obtenção da primeira habilitação no âmbito do programa CNH Popular.",4600.76,4600.76,4600.76,0.0,2026-09-15,2026-09-15,2026-12-31,,,2026-09-26T00:59:04,2026-09-26T00:59:08,False,1,0,False,False,1456825,,,,False,08012.966544/202656,07954480000179-2-036196/2026,Secretaria do Planejamento e Gestão do Ceará,07954480000179,ESTADO DO CEARA,N,E,8,Serviços,7,Empenho,Ceará,CE,Fortaleza,080301,DEPARTAMENTO ESTADUAL DE TRANSITO,2304400
07954480000179-1-022508/2024,07954480000179-1-022508/2024-000001,,2026,36197,2026-09-26T00:59:13,PJ,21551379000874,BECTON DICKINSON IND. CIRURGICAS LTDA,,,,"AQUISIÇÃO DE  CATETER, 3,0FR, PONTA ABERTA, CENTRAL DE INSERCAO PERIFERICA / CATETER, MONO LUMEN, COMPRIMENTO DE ATE 65 CM / CATETER, 4-0FR, PONTA ABERTA, CENTRAL DE INSERCAO PERIFERICA /CATETER, 5-0FR, PONTA ABERTA, CENTRAL DE INSERCAO PERIFERICA. PARA ATENDER A UNIDADES DE SAÚDE DO ESTADO DO CEARÁ/SESA",126720.0,126720.0,126720.0,0.0,2026-09-15,2026-09-15,2026-12-31,,,2026-09-26T00:59:12,2026-09-26T00:59:13,False,1,0,False,False,1456874,,,,False,24001.079019/202684,07954480000179-2-036197/2026,Secretaria do Planejamento e Gestão do Ceará,07954480000179,ESTADO DO CEARA,N,E,2,Compras,7,Empenho,Ceará,CE,Fortaleza,980008,Célula de Execução de Compras de Recursos Biomédicos,2304400
07954480000179-1-026221/2025,07954480000179-1-026221/2025-000001,,2026,36198,2026-09-26T00:59:18,PJ,21595464000168,UNI HOSPITALAR CEARA LTDA-EPP,,,,"AQUISIÇÃO DE ACIDO ZOLEDRONICO, 5 MG, SOLUCAO INJETAVEL, FRASCO OU BOLSA 100ML PARA ATENDER DEMANDAS JUDICIAIS.",270.27,270.27,270.27,0.0,2026-09-16,2026-09-16,2026-12-31,,,2026-09-26T00:59:17,2026-09-26T00:59:18,False,1,0,False,False,1456960,,,,False,24001.078774/202641,07954480000179-2-036198/2026,Secretaria do Planejamento e Gestão do Ceará,07954480000179,ESTADO DO CEARA,N,E,2,Compras,7,Empenho,Ceará,CE,Fortaleza,907742,SESA - DEMANDA JUDICIAL,2304400
07954480000179-1-021939/2025,07954480000179-1-021939/2025-000001,,2026,36199,2026-09-26T00:59:26,PJ,43022229000130,COMERCIAL LIMA DE EQUIPAMENTOS SUPRIMENTOS E SERVISSE LTDA,,,,"ATA de registro de preços Nº 2026/20627, Pregão eletrônico 282025, que tem como objeto aquisição - MATERIAL DE LIMPEZA E PRODUÇÃO DE HIGIENIZAÇÃO",2770.0,2770.0,2770.0,0.0,2026-09-17,2026-09-17,2026-12-31,,,2026-09-26T00:59:24,2026-09-26T00:59:26,False,1,0,False,False,1451236,,,,False,24001.066513/202689,07954480000179-2-036199/2026,Secretaria do Planejamento e Gestão do Ceará,07954480000179,ESTADO DO CEARA,N,E,2,Compras,7,Empenho,Ceará,CE,Fortaleza,241311,HOSPITAL INFANTIL DR. ALBERT SABIN,2304400
07954480000179-1-020825/2026,,,2026,36200,2026-09-26T00:59:33,PJ,38183766000121,LEONARDO FERREIRA GOMES,,,,Aquisição de Material de Expediente 02 para EEMTI Professor Antônio Martins Filho - MARACANAU - CREDE 1 -,10265.0,10265.0,10265.0,0.0,2026-09-16,2026-09-16,2026-12-31,,,2026-09-26T00:59:30,2026-09-26T00:59:33,False,1,0,False,False,1455604,,,,False,22001.116296/202650,07954480000179-2-036200/2026,Secretaria do Planejamento e Gestão do Ceará,07954480000179,ESTADO DO CEARA,N,E,2,Compras,7,Empenho,Ceará,CE,Maracanaú,228185,EEM PROFESSOR ANTÔNIO MARTINS FILHO,2307650
07954480000179-1-021652/2026,,,2026,36201,2026-09-26T00:59:41,PJ,36901695000120,C G C DE ARAUJO,,,,AQUISIÇÃO - MATERIAL DE CONSUMO - MATERIAL PARA MANUTENÇÃO DE BENS IMÓVEIS - EEMTI MONSENHOR JOSÉ GERARDO FERREIRA GOMES - SOBRAL - CREDE 6 -,3147.0,3147.0,3147.0,0.0,2026-09-16,2026-09-16,2026-12-31,,,2026-09-26T00:59:38,2026-09-26T00:59:41,False,1,0,False,False,1455648,,,,False,22001.144703/202619,07954480000179-2-036201/2026,Secretaria do Planejamento e Gestão do Ceará,07954480000179,ESTADO DO CEARA,N,E,2,Compras,7,Empenho,Ceará,CE,Sobral,228353,EEFM MONSENHOR JOSÉ GERARDO FERREIRA GOMES,2312908
07954480000179-1-021363/2026,,,2026,36202,2026-09-26T01:00:05,PJ,64042499000182,T. DE SOUSA LIMA LTDA,,,,Material de Copa e Cozinha - ESCOLA INDÍGENA NARCÍSIO FERREIRA MATOS - CAUCAIA - CREDE 1 -,1511.39,1511.39,1511.39,0.0,2026-09-23,2026-09-23,2026-12-31,,,2026-09-26T00:59:45,2026-09-26T01:00:05,False,1,0,False,False,1455656,,,,False,22001.137602/202691,07954480000179-2-036202/2026,Secretaria do Planejamento e Gestão do Ceará,07954480000179,ESTADO DO CEARA,N,E,2,Compras,7,Empenho,Ceará,CE,Caucaia,228698,ESCOLA INDÍGENA NARCÍSIO FERREIRA MATOS,2303709
07954480000179-1-003491/2023,07954480000179-1-003491/2023-000001,,2026,36203,2026-09-26T01:00:16,PJ,32469869000176,M C VITORIANO DE QUEIROZ,,,,"AQUISIÇÃO DE MATERIAL DE EXPEDIENTE, ( CANETA MARCADORA PARA CD, CORES DIVERSAS, PONTA DE POLIESTER, ESCRITA EM CD, DIVERSAS SUPERFICIES,) ; (CANETA PARA RETROPROJETOR, CORPO EM MATERIAL PLASTICO, GRAVADO NO CORPO) ;  PARA O HOSPITAL GERAL DE FORTALEZA- HGF/ SESA. - ORDEM DE COMPRA/SERVIÇO Nº 74151/2026 - ATA DE REGISTRO DE PREÇO Nº 2025/31591",181.75,181.75,181.75,0.0,2026-09-18,2026-09-18,2026-12-31,,,2026-09-26T01:00:14,2026-09-26T01:00:16,False,1,0,False,False,1457757,,,,False,24001.075679/202696,07954480000179-2-036203/2026,Secretaria do Planejamento e Gestão do Ceará,07954480000179,ESTADO DO CEARA,N,E,2,Compras,7,Empenho,Ceará,CE,Fortaleza,241281,HOSPITAL GERAL DE FORTALEZA,2304400
07954480000179-1-022634/2024,07954480000179-1-022634/2024-000001,,2026,36204,2026-09-26T01:00:34,PJ,52332054000158,FG COMERCIO TENDTUDO LTDA,,,,AQUISIÇÃO DE MATERIAL DE LIMPEZA E HIGIENIZAÇÃO (ÁGUA SANITÁRIA) ATRAVÉS DA ATA DE REGISTRO DE PREÇO N° 2025/27896,1557.6,1557.6,1557.6,0.0,2026-09-21,2026-09-21,2026-12-31,,,2026-09-26T01:00:32,2026-09-26T01:00:34,False,1,0,False,False,1457799,,,,False,24001.080659/202637,07954480000179-2-036204/2026,Secretaria do Planejamento e Gestão do Ceará,07954480000179,ESTADO DO CEARA,N,E,2,Compras,7,Empenho,Ceará,CE,Fortaleza,240001,SECRETARIA DA SAUDE,2304400
07954480000179-1-022634/2024,07954480000179-1-022634/2024-000001,,2026,36205,2026-09-26T01:00:42,PJ,52332054000158,FG COMERCIO TENDTUDO LTDA,,,,Ata tem por objeto o Registro de Preço para futuras e eventuais aquisições de Material de Consumo - Limpeza (Geral),7080.0,7080.0,7080.0,0.0,2026-09-22,2026-09-22,2026-12-31,,,2026-09-26T01:00:40,2026-09-26T01:00:42,False,1,0,False,False,1457861,,,,False,19001.332238/202667,07954480000179-2-036205/2026,Secretaria do Planejamento e Gestão do Ceará,07954480000179,ESTADO DO CEARA,N,E,2,Compras,7,Empenho,Ceará,CE,Fortaleza,190001,SECRETARIA DA FAZENDA,2304400
07954480000179-1-024573/2025,07954480000179-1-024573/2025-000001,,2026,36206,2026-09-26T01:00:49,PJ,10696932000174,T.D & V COMERCIO DE PRODUTOS ODONTOLÓGICOS E HOSPITALARES LTDA - ME,,,,AQUISIÇÃO DE MEDICAMENTO,2691.0,2691.0,2691.0,0.0,2026-09-21,2026-09-21,2026-12-31,,,2026-09-26T01:00:48,2026-09-26T01:00:49,False,1,0,False,False,1457982,,,,False,10061.054163/202699,07954480000179-2-036206/2026,Secretaria do Planejamento e Gestão do Ceará,07954480000179,ESTADO DO CEARA,N,E,2,Compras,7,Empenho,Ceará,CE,Fortaleza,101331,HOSPITAL E MATERNIDADE DA POLÍCIA MILITAR DO CEARÁ JOSÉ MARTINIANO DE ALENCAR,2304400
07954480000179-1-003485/2023,07954480000179-1-003485/2023-000001,,2026,36207,2026-09-26T01:00:58,PJ,18552033000100,FGM COMERCIO E SERVICOS LTDA,,,,Aquisição de gênero alimentício por meio da ATA N° 2026/13659 para atender as necessidades do HCASG.,1485.0,1485.0,1485.0,0.0,2026-09-23,2026-09-23,2026-12-31,,,2026-09-26T01:00:56,2026-09-26T01:00:58,False,1,0,False,False,1458433,,,,False,24001.064724/202687,07954480000179-2-036207/2026,Secretaria do Planejamento e Gestão do Ceará,07954480000179,ESTADO DO CEARA,N,E,2,Compras,7,Empenho,Ceará,CE,Fortaleza,241291,HOSPITAL DR CARLOS ALBERTO STUDART GOMES - MESSEJANA,2304400
07954480000179-1-021939/2025,07954480000179-1-021939/2025-000001,,2026,36208,2026-09-26T01:01:06,PJ,43022229000130,COMERCIAL LIMA DE EQUIPAMENTOS SUPRIMENTOS E SERVISSE LTDA,,,,AQUISIÇÃO DE MATERIAL DE LIMPEZA E PRODUÇÃO DE HIGIENIZAÇÃO DE ACORDO COM A ORDEM DE COMPRA/SERVIÇO Nº 79534/2026 - ATA DE REGISTRO DE PREÇO Nº 2026/20627 (ITEM 9 - DETERGENTE).,1329.6,1329.6,1329.6,0.0,2026-09-23,2026-09-23,2026-12-31,,,2026-09-26T01:01:05,2026-09-26T01:01:06,False,1,0,False,False,1458508,,,,False,24001.079403/202687,07954480000179-2-036208/2026,Secretaria do Planejamento e Gestão do Ceará,07954480000179,ESTADO DO CEARA,N,E,2,Compras,7,Empenho,Ceará,CE,Fortaleza,241531,LABORATORIO CENTRAL DE SAUDE PUBLICA,2304400
07954480000179-1-003514/2023,07954480000179-1-003514/2023-000001,,2026,36209,2026-09-26T01:01:13,PJ,07912362000106,TECNOVENT COMÉRCIO DE EQUIPAMENTOS MÉDICOS LTDA - ME,,,,"AQUISIÇÃO DE MATERIAL HOSPITALAR (ACESSORIO, CABO EXTENSOR PARA OXIMETRIA,) ; (ACESSORIO, SENSOR SPO2, TIPO CLIP, ADULTO, REUTILIZAVEL ) E OUTROS ITENS  PARA O HOSPITAL GERAL DE FORTALEZA - HGF/SESA. ORDEM DE COMPRA/SERVIÇO Nº 77328/2026 - ATA DE REGISTRO DE PREÇO Nº 2025/17121",36475.0,36475.0,36475.0,0.0,2026-09-23,2026-09-23,2026-12-31,,,2026-09-26T01:01:12,2026-09-26T01:01:13,False,1,0,False,False,1458743,,,,False,24001.078839/202659,07954480000179-2-036209/2026,Secretaria do Planejamento e Gestão do Ceará,07954480000179,ESTADO DO CEARA,N,E,2,Compras,7,Empenho,Ceará,CE,Fortaleza,241281,HOSPITAL GERAL DE FORTALEZA,2304400
07954480000179-1-019529/2026,,,2026,36210,2026-09-26T01:01:24,PJ,02618885000112,MIX DIST DE PRODUTOS DE LIMPEZA LTDA,,,,Aquisição de Material de limpeza - flanela.,2261.0,1130.5,2261.0,0.0,2026-09-14,2026-09-14,2026-12-31,,,2026-09-26T01:01:17,2026-09-26T01:01:24,False,2,0,False,False,1453859,,,,False,47001.013328/202697,07954480000179-2-036210/2026,Secretaria do Planejamento e Gestão do Ceará,07954480000179,ESTADO DO CEARA,N,E,2,Compras,7,Empenho,Ceará,CE,Fortaleza,470001,"SECRETARIA DA PROTEÇÃO SOCIAL, JUSTIÇA, CIDADANIA, MULHERES E DH",2304400
07954480000179-1-021722/2026,,,2026,36211,2026-09-26T01:01:44,PJ,12986376000104,OSMAR P. ALBUQUERQUE FILHO,,,,Aquisição de Material de Consumo - Material Educativo e Esportivo. EEMTI PREFEITO DÁRIO CAMPOS FEIJÓ - MARTINOPOLE - CREDE 4 -,809.73,809.73,809.73,0.0,2026-09-22,2026-09-22,2026-12-31,,,2026-09-26T01:01:39,2026-09-26T01:01:44,False,1,0,False,False,1455131,,,,False,22001.135873/202611,07954480000179-2-036211/2026,Secretaria do Planejamento e Gestão do Ceará,07954480000179,ESTADO DO CEARA,N,E,2,Compras,7,Empenho,Ceará,CE,Martinópole,228788,EEM PREFEITO DARIO CAMPOS FEIJO,2307908
07954480000179-1-022232/2026,,,2026,36212,2026-09-26T01:01:55,PJ,51658042000155,NT COMERCIO DE FERRAGENS E FERRAMENTAS LTDA,,,,MATERIAL DE CONSUMO - MATERIAL PARA MANUTENÇÃO DE BENS IMÓVEIS - EEEP PROFESSOR CÉSAR CAMPELO -  (SEFOR 3),2180.0,2180.0,2180.0,0.0,2026-09-16,2026-09-16,2026-12-31,,,2026-09-26T01:01:47,2026-09-26T01:01:55,False,1,0,False,False,1455186,,,,False,22001.138683/202647,07954480000179-2-036212/2026,Secretaria do Planejamento e Gestão do Ceará,07954480000179,ESTADO DO CEARA,N,E,2,Compras,7,Empenho,Ceará,CE,Fortaleza,228140,EEEP PROFESSOR CÉSAR CAMPELO,2304400
07954480000179-1-003269/2023,07954480000179-1-003269/2023-000001,,2026,36213,2026-09-26T01:02:09,PJ,01645409000390,AUTO SUTURE DO BRASIL LTDA.,,,,"AQUISIÇÃO DE MATERIAL MÉDICO HOSPITALAR, (ENDOPRÓTESE MODULAR AUTO-EXPANSÍVEL BIFURCADA COM CORPO PRINCIPAL E RAMO CONTRALATERAL PARA TRATAMENTO DE ANEURISMAS E DISSECÇÕES DA AORTA ABDOMINAL) PARA O HOSPITAL GERAL DE FORTALEZA -HGF / SESA. ORDEM DE COMPRA/SERVIÇO Nº 59841/2026 - ATA DE REGISTRO DE PREÇO Nº 2024/32212",30744.0,30744.0,30744.0,0.0,2026-09-22,2026-09-22,2026-12-31,,,2026-09-26T01:02:07,2026-09-26T01:02:09,False,1,0,False,False,1455297,,,,False,24001.071440/202647,07954480000179-2-036213/2026,Secretaria do Planejamento e Gestão do Ceará,07954480000179,ESTADO DO CEARA,N,E,2,Compras,7,Empenho,Ceará,CE,Fortaleza,241281,HOSPITAL GERAL DE FORTALEZA,2304400
07954480000179-1-020854/2026,,,2026,36214,2026-09-26T01:02:20,PJ,36901695000120,C G C DE ARAUJO,,,,AQUISIÇÃO - MATERIAL DE CONSUMO - MATERIAL PARA MANUTENÇÃO DE BENS IMÓVEIS - EEMTI PROFESSOR WALQUER CAVALCANTE MAIA  -(CREDE 10 - RUSSAS),5427.0,5427.0,5427.0,0.0,2026-09-23,2026-09-23,2026-12-31,,,2026-09-26T01:02:14,2026-09-26T01:02:20,False,1,0,False,False,1455320,,,,False,22001.132361/202694,07954480000179-2-036214/2026,Secretaria do Planejamento e Gestão do Ceará,07954480000179,ESTADO DO CEARA,N,E,2,Compras,7,Empenho,Ceará,CE,Russas,229321,EEMTI PROFESSOR WALQUER CAVALCANTE MAIA,2311801
07954480000179-1-022921/2025,07954480000179-1-022921/2025-000001,,2026,36215,2026-09-26T01:02:26,PJ,07291198000159,ORTOFOR ORTOPEDIA FORTALEZA LTDA,,,,"AQUISICAO DE OPME PARA ATENDER DEMANDA ADMINISTRATIVA - COMUNICAÇÃO INTERNA Nº 000148/2026/SESA/CEDEF
NUP: 24001.077234/2026-41",14000.0,14000.0,14000.0,0.0,2026-09-14,2026-09-14,2026-12-31,,,2026-09-26T01:02:25,2026-09-26T01:02:26,False,1,0,False,False,1455774,,,,False,24001.077234/202641,07954480000179-2-036215/2026,Secretaria do Planejamento e Gestão do Ceará,07954480000179,ESTADO DO CEARA,N,E,2,Compras,7,Empenho,Ceará,CE,Fortaleza,907235,GRUPO DE TRABALHO SOCIAL,2304400
07954480000179-1-022241/2026,,,2026,36216,2026-09-26T01:02:36,PJ,52588960000118,NEMA COMERCIO LTDA,,,,COT 33/2026 - MATERIAL DE EXPEDIENTE - EEM DEPUTADO FRANCISCO DE ALMEIDA MONTE - (SEFOR 1),1070.75,1070.75,1070.75,0.0,2026-09-14,2026-09-14,2026-12-31,,,2026-09-26T01:02:30,2026-09-26T01:02:36,False,1,0,False,False,1455858,,,,False,22001.140550/202631,07954480000179-2-036216/2026,Secretaria do Planejamento e Gestão do Ceará,07954480000179,ESTADO DO CEARA,N,E,2,Compras,7,Empenho,Ceará,CE,Fortaleza,228010,EEFM DEPUTADO FRANCISCO DE ALMEIDA MONTE,2304400
07954480000179-1-022663/2026,,,2026,36217,2026-09-26T01:02:45,PJ,50324245000142,RC COMERCIAL E SERVICOS MIX LTDA,,,,Material de Copa e Cozinha. EEMTI PROFESSORA MARIETA SANTOS - BELA CRUZ - CREDE 3 -,2980.0,2980.0,2980.0,0.0,2026-09-16,2026-09-16,2026-12-31,,,2026-09-26T01:02:39,2026-09-26T01:02:45,False,1,0,False,False,1456059,,,,False,22001.115027/202676,07954480000179-2-036217/2026,Secretaria do Planejamento e Gestão do Ceará,07954480000179,ESTADO DO CEARA,N,E,2,Compras,7,Empenho,Ceará,CE,Bela Cruz,228272,EEFM PROFESSORA MARIETA SANTOS,2302305
07954480000179-1-021925/2025,07954480000179-1-021925/2025-000001,,2026,36218,2026-09-26T01:02:53,PJ,06342699000154,PRISMA DISTRIBUIDORA DE PAPEIS LTDA,,,,"Aquisição de PILHA ALCALINA AA e PILHA ALCALINA TIPO
AAA PALITO, ambas CARTELA COM 02 UNIDADES, para atender os diversos serviços da
Secretaria da Educação - SEDUC. EMPRESA PRISMA DISTRIBUIDORA DE PAPEIS LTDA.",1475.0,1475.0,1475.0,0.0,2026-09-14,2026-09-14,2026-12-31,,,2026-09-26T01:02:49,2026-09-26T01:02:53,False,1,0,False,False,1456220,,,,False,22001.143492/202605,07954480000179-2-036218/2026,Secretaria do Planejamento e Gestão do Ceará,07954480000179,ESTADO DO CEARA,N,E,2,Compras,7,Empenho,Ceará,CE,Fortaleza,220001,SECRETARIA DA EDUCACAO,2304400
07954480000179-1-022834/2026,,,2026,36219,2026-09-26T01:03:00,PJ,56177567000192,DIMENSAO E-COMMERCE LTDA,,,,MATERIAL DE LIMPEZA - EEMTI JOÃO MATTOS - (SEFOR 3),490.0,490.0,490.0,0.0,2026-09-15,2026-09-15,2026-12-31,,,2026-09-26T01:02:56,2026-09-26T01:03:00,False,1,0,False,False,1456245,,,,False,22001.143651/202663,07954480000179-2-036219/2026,Secretaria do Planejamento e Gestão do Ceará,07954480000179,ESTADO DO CEARA,N,E,2,Compras,7,Empenho,Ceará,CE,Fortaleza,228123,EEFM JOÃO MATTOS,2304400
07954480000179-1-022532/2026,,BRA,2026,36220,2026-09-26T01:03:08,PJ,16925146000188,CENTRO DE FORMACAO DE CONDUTORES FONSECA LTDA - ME,,,,"Prestação de serviços, por Centros de Formação de Condutores (CFC), referentes à realização de Cursos de Formação Teórico-Técnico e Prática de Direção Veicular, visando a formação e capacitação de candidatos à obtenção da primeira habilitação no âmbito do programa CNH Popular.",1057.18,1057.18,1057.18,0.0,2026-09-23,2026-09-23,2026-12-31,,,2026-09-26T01:03:03,2026-09-26T01:03:08,False,1,0,False,False,1454705,,,,False,08012.913720/202657,07954480000179-2-036220/2026,Secretaria do Planejamento e Gestão do Ceará,07954480000179,ESTADO DO CEARA,N,E,8,Serviços,7,Empenho,Ceará,CE,Fortaleza,080301,DEPARTAMENTO ESTADUAL DE TRANSITO,2304400
07954480000179-1-023000/2025,07954480000179-1-023000/2025-000001,,2026,36221,2026-09-26T01:03:15,PJ,57088206000132,D. V. PINHEIRO LTDA,,,,"Aquisição de material de consumo AÇÚCAR, para atender a demanda da Secretaria de Segurança Pública e Defesa Social ¿ SSPDS, de acordo com as especificações e quantitativos previstos neste Termo.",6500.0,6500.0,6500.0,0.0,2026-09-22,2026-09-22,2026-12-31,,,2026-09-26T01:03:14,2026-09-26T01:03:15,False,1,0,False,False,1457068,,,,False,10001.014211/202611,07954480000179-2-036221/2026,Secretaria do Planejamento e Gestão do Ceará,07954480000179,ESTADO DO CEARA,N,E,2,Compras,7,Empenho,Ceará,CE,Fortaleza,100001,SECRETARIA DA SEGURANCA PUBLICA E DEFESA SOCIAL,2304400
07954480000179-1-003298/2023,07954480000179-1-003298/2023-000001,,2026,36222,2026-09-26T01:03:22,PJ,14012086000187,"NATAL SUTURA IMPORTACAO, EXPORTACAO E COMERCIO ATACADISTA DE MATERIAIS MEDICOS HOSPITALARES LTDA",,,,"AQUISIÇÃO DE CARGA PARA GRAMPEADOR LINEAR, ENDOSCOPICA FECHAMENTO DO GRAMPO 0,7 A 1,2MM / CARGA PARA GRAMPEADOR LINEAR, ENDOSCOPICA FECHAMENTO DO GRAMPO 1,5 MM A 1,9MM / GRAMPEADOR CIRURGICO, ENDOSCOPICO LINEAR CORTANTE ELETRICO OU AUTOMATICO, HASTE OU CARGA ARTICULAVEL, 45MM /  CARGA PARA GRAMPEADOR LINEAR, ENDOSCOPICA FECHAMENTO GRAMPO 0,7MM A 1,2MM / CARGA PARA GRAMPEADOR LINEAR, ENDOSCOPICA FECHAMENTO GRAMPO 1,5MM A 1,9MM/ CARGA PARA GRAMPEADOR LINEAR, ENDOSCOPICA FECHAMENTO GRAMPO 2MM A 3MM/ GRAMPEADOR CIRURGICO, ENDOSCOPICO LINEAR CORTANTE ELETRICO OU AUTOMATICO, HASTE OU CARGA ARTICULAVEL, 60MM/ GRAMPEADOR CIRURGICO, ENDOSCOPICO LINEAR CORTANTE ELETRICO OU AUTOMATICO, HASTE OU CARGA ARTICULAVEL, 60MM. PARA ATENDER A UNIDADES DE SAÚDE DO ESTADO DO CEARÁ/SESA.",131104.0,131104.0,131104.0,0.0,2026-09-17,2026-09-17,2026-12-31,,,2026-09-26T01:03:20,2026-09-26T01:03:22,False,1,0,False,False,1457247,,,,False,24001.079717/202680,07954480000179-2-036222/2026,Secretaria do Planejamento e Gestão do Ceará,07954480000179,ESTADO DO CEARA,N,E,2,Compras,7,Empenho,Ceará,CE,Fortaleza,980008,Célula de Execução de Compras de Recursos Biomédicos,2304400
07954480000179-1-003516/2023,07954480000179-1-003516/2023-000001,,2026,36223,2026-09-26T01:03:28,PJ,52781079000139,7SET COMERCIO E SERVICOS LTDA,,,,"PAPEL HIGIENICO, COR BRANCA, FICHA TECNICA DO PRODUTO, RELATORIO DE ENSAIO MICROBIOLOGICO EMITIDO POR LABORATORIO, EMBALAGEM COM IDENTIFICACAO DO PRODUTO E MARCA DO FABRICANTE, FOLHA DUPLA, MACIO, ALTA QUALIDADE, 100% CELULOSE VIRGEM, ALTA ABSORCAO, 250 METROS, FARDO 8.0 ROLOSPAPEL HIGIENICO, COR BRANCA, FICHA TECNICA DO PRODUTO, RELATORIO DE ENSAIO MICROBIOLOGICO EMITIDO POR LABORATORIO, EMBALAGEM COM IDENTIFICACAO DO PRODUTO E MARCA DO FABRICANTE, FOLHA DUPLA, MACIO, ALTA QUALIDADE, 100% CELULOSE VIRGEM, ALTA ABSORCAO, 250 METROS, FARDO 8.0 ROLOS.MARCA: LILLY",1474.75,1474.75,1474.75,0.0,2026-09-17,2026-09-17,2026-12-31,,,2026-09-26T01:03:27,2026-09-26T01:03:28,False,1,0,False,False,1457309,,,,False,30021.002500/202646,07954480000179-2-036223/2026,Secretaria do Planejamento e Gestão do Ceará,07954480000179,ESTADO DO CEARA,N,E,2,Compras,7,Empenho,Ceará,CE,Fortaleza,170001,CONSELHO ESTADUAL DE EDUCACAO,2304400
07954480000179-1-011843/2025,07954480000179-1-011843/2025-000001,,2026,36224,2026-09-26T01:03:34,PJ,08077211000134,T S COMERCIAL DE MEDICAMENTOS E REPRESENTACAO LTDA,,,,"AQUISIÇÃO DE DOMPERIDONA, 10MG, COMPRIMIDO E EZETIMIBA, 10MG, COMPRIMIDO PARA ATENDER DEMANDAS JUDICIAIS.",169.04,169.04,169.04,0.0,2026-09-17,2026-09-17,2026-12-31,,,2026-09-26T01:03:32,2026-09-26T01:03:34,False,1,0,False,False,1457324,,,,False,24001.080089/202685,07954480000179-2-036224/2026,Secretaria do Planejamento e Gestão do Ceará,07954480000179,ESTADO DO CEARA,N,E,2,Compras,7,Empenho,Ceará,CE,Fortaleza,907742,SESA - DEMANDA JUDICIAL,2304400
07954480000179-1-021434/2026,,,2026,36225,2026-09-26T01:03:45,PJ,15368126000190,M & M ANDRADE COMERCIO VAREJISTA DE PRODUTOS DE PAPELARIA EIRELI,,,,MATERIAL DE LIMPEZA E PRODUÇÃO DE HIGIENIZAÇÃO CREDE 09 EM FAVOR EEEP. PROFESSOR JOSE CARLOS REBOLÇAS E EEMTI PROFESSORA DALVA QUEIROZ DE CARVALHO - HORIZONTE - CREDE 9,1159.9,1159.9,1159.9,0.0,2026-09-18,2026-09-18,2026-12-31,,,2026-09-26T01:03:39,2026-09-26T01:03:45,False,1,0,False,False,1457395,,,,False,22001.133561/202664,07954480000179-2-036225/2026,Secretaria do Planejamento e Gestão do Ceará,07954480000179,ESTADO DO CEARA,N,E,2,Compras,7,Empenho,Ceará,CE,Horizonte,227009,COORDENADORIA REGIONAL DE DESENVOLVIMENTO DA EDUCACAO - CREDE 09 - HORIZONTE,2305233
07954480000179-1-025114/2025,07954480000179-1-025114/2025-000001,,2026,36226,2026-09-26T01:03:50,PJ,08958628000378,ONCOEXO DISTRIBUIDORA DE MEDICAMENTOS LTDA,,,,"AQUISIÇÃO DE ATOMOXETINA CLORIDRATO, 10MG, CAPSULA PARA ATENDER DEMANDAS JUDICIAIS.",198.0,198.0,198.0,0.0,2026-09-18,2026-09-18,2026-12-31,,,2026-09-26T01:03:49,2026-09-26T01:03:50,False,1,0,False,False,1457423,,,,False,24001.080239/202651,07954480000179-2-036226/2026,Secretaria do Planejamento e Gestão do Ceará,07954480000179,ESTADO DO CEARA,N,E,2,Compras,7,Empenho,Ceará,CE,Fortaleza,907742,SESA - DEMANDA JUDICIAL,2304400
07954480000179-1-019609/2026,,,2026,36227,2026-09-26T01:04:01,PJ,10593335000114,JM2 COMERCIAL MEDICO HOSPITALAR LTDA,,,,MANUTENÇÃO PREVENTIVA E CORRETIVA EM TORRE DE VIDEO.,6700.0,6700.0,6700.0,0.0,2026-09-17,2026-09-17,2026-12-31,,,2026-09-26T01:03:55,2026-09-26T01:04:01,False,1,0,False,False,1457471,,,,False,24001.060771/202651,07954480000179-2-036227/2026,Secretaria do Planejamento e Gestão do Ceará,07954480000179,ESTADO DO CEARA,N,E,8,Serviços,7,Empenho,Ceará,CE,Fortaleza,241521,INSTITUTO DE PREVENCAO DO CANCER,2304400
07954480000179-1-022225/2026,,,2026,36228,2026-09-26T01:04:08,PJ,59118704000106,GS DIAS COMERCIO E DISTRIBUICAO LTDA,,,,"Pagamento referente compra de Material Permanente - ESTANTE, FERRO - SUPORTE PARA EQUIPAMENTO, TV - PUFF, GOTA, COURINO.",3100.0,3100.0,3100.0,0.0,2026-09-17,2026-09-17,2026-12-31,,,2026-09-26T01:04:04,2026-09-26T01:04:08,False,1,0,False,False,1457482,,,,False,31052.002977/202627,07954480000179-2-036228/2026,Secretaria do Planejamento e Gestão do Ceará,07954480000179,ESTADO DO CEARA,N,E,2,Compras,7,Empenho,Ceará,CE,Fortaleza,310501,FUNDACAO CEARENSE DE APOIO AO DESENVOLVIMENTO CIENTIFICO E TECNOLOGICO,2304400
07954480000179-1-022082/2026,,,2026,36229,2026-09-26T01:04:18,PJ,11303281000178,MARIA ELIANE PEREIRA,,,,AQUISIÇÃO - MATERIAL DE CONSUMO - MATERIAL DE EXPEDIENTE 3 - EEMTI DOM JOSE TUPINAMBA DA FROTA  - SOBRAL - CREDE 6,348.5,348.5,348.5,0.0,2026-09-18,2026-09-18,2026-12-31,,,2026-09-26T01:04:12,2026-09-26T01:04:18,False,1,0,False,False,1457542,,,,False,22001.141029/202611,07954480000179-2-036229/2026,Secretaria do Planejamento e Gestão do Ceará,07954480000179,ESTADO DO CEARA,N,E,2,Compras,7,Empenho,Ceará,CE,Sobral,228355,COLÉGIO ESTADUAL DOM JOSÉ TUPINAMBÁ DA FROTA,2312908
07954480000179-1-022634/2024,07954480000179-1-022634/2024-000001,,2026,36230,2026-09-26T01:04:33,PJ,52332054000158,FG COMERCIO TENDTUDO LTDA,,,,"Aquisição de material de consumo/limpeza (água sanitária), de acordo com as especificações e
quantitativos.",6732.0,6732.0,6732.0,0.0,2026-09-14,2026-09-14,2026-12-31,,,2026-09-26T01:04:25,2026-09-26T01:04:33,False,1,0,False,False,1456297,,,,False,22001.142368/202614,07954480000179-2-036230/2026,Secretaria do Planejamento e Gestão do Ceará,07954480000179,ESTADO DO CEARA,N,E,2,Compras,7,Empenho,Ceará,CE,Fortaleza,220001,SECRETARIA DA EDUCACAO,2304400
07954480000179-1-017445/2026,,,2026,36231,2026-09-26T01:04:42,PJ,48293154000145,48.293.154 FRANCISCO DANIEL DE ARAUJO,,,,COTAÇÃO ELETRÔNICA REF. AQUISIÇÃO DE MATERIAL LABORATORIAL EM FAVOR DA EEMTI MARIA DOLORES PETROLA-ARNEIROZ-CE - CREDE 15,1992.38,1992.38,1992.38,0.0,2026-09-16,2026-09-16,2026-12-31,,,2026-09-26T01:04:37,2026-09-26T01:04:42,False,1,0,False,False,1456381,,,,False,22001.101140/202674,07954480000179-2-036231/2026,Secretaria do Planejamento e Gestão do Ceará,07954480000179,ESTADO DO CEARA,N,E,2,Compras,7,Empenho,Ceará,CE,Arneiroz,228531,EEM MARIA DOLORES PETROLA,2301505
07954480000179-1-018449/2026,,,2026,36232,2026-09-26T01:04:52,PJ,07121465000140,I M PEREIRA,,,,COTAÇÃO ELETRÔNICA REF. AQUISIÇÃO DE GÁS ENGARRAFADO- RECARGA DE EXTINTORES EM FAVOR DA EEMTI MARIA DOLORES PETROLA- ARNEIROZ-CE-CREDE 15,718.8,718.8,718.8,0.0,2026-09-15,2026-09-15,2026-12-31,,,2026-09-26T01:04:46,2026-09-26T01:04:52,False,1,0,False,False,1456391,,,,False,22001.113867/202602,07954480000179-2-036232/2026,Secretaria do Planejamento e Gestão do Ceará,07954480000179,ESTADO DO CEARA,N,E,2,Compras,7,Empenho,Ceará,CE,Arneiroz,228531,EEM MARIA DOLORES PETROLA,2301505
07954480000179-1-022488/2026,,,2026,36233,2026-09-26T01:05:01,PJ,58533299000120,TOTAL DEP MATERIAL E FERRAMENTAS LTDA,,,,COTAÇÃO ELETRÔNICA 38/2026 - AQUISIÇÃO DE MATERIAL ELÉTRICO E ELETRÔNICO EM PROL DA EEEP PROFESSORA ABIGAIL SAMPAIO - PARACURU - CREDE 2,1585.0,1585.0,1585.0,0.0,2026-09-17,2026-09-17,2026-12-31,,,2026-09-26T01:04:55,2026-09-26T01:05:01,False,1,0,False,False,1456424,,,,False,22001.142037/202684,07954480000179-2-036233/2026,Secretaria do Planejamento e Gestão do Ceará,07954480000179,ESTADO DO CEARA,N,E,2,Compras,7,Empenho,Ceará,CE,Paracuru,228268,EEEP PROFESSORA ABIGAIL SAMPAIO,2310209
07954480000179-1-021533/2026,,,2026,36234,2026-09-26T01:05:11,PJ,47174801000137,FRANCISCO RICARDO SOUSA DE BRITO 05915543308,,,,MATERIAL ELÉTRICO E ELÉTRÔNICO - EEM PADRE ARIMATÉIA DINIZ - CASCAVEL - CREDE 9,794.25,794.25,794.25,0.0,2026-09-18,2026-09-18,2026-12-31,,,2026-09-26T01:05:04,2026-09-26T01:05:11,False,1,0,False,False,1456694,,,,False,22001.138231/202665,07954480000179-2-036234/2026,Secretaria do Planejamento e Gestão do Ceará,07954480000179,ESTADO DO CEARA,N,E,2,Compras,7,Empenho,Ceará,CE,Cascavel,228418,EEM PADRE ARIMATÉIA DINIZ,2303501
07954480000179-1-022467/2026,,,2026,36235,2026-09-26T01:05:23,PJ,48208907000177,LICITACENTER COMERCIO DE MATERIAIS LTDA,,,,Suprir as necessidades na área de material manutenção de bens imóveis - EEMTI JOSÉ VALDO RIBEIRO RAMOS -  (SEFOR 1),524.0,524.0,524.0,0.0,2026-09-22,2026-09-22,2026-12-31,,,2026-09-26T01:05:16,2026-09-26T01:05:23,False,1,0,False,False,1456703,,,,False,22001.140176/202673,07954480000179-2-036235/2026,Secretaria do Planejamento e Gestão do Ceará,07954480000179,ESTADO DO CEARA,N,E,2,Compras,7,Empenho,Ceará,CE,Fortaleza,228015,EEFM JOSÉ VALDO RIBEIRO RAMOS,2304400
07954480000179-1-012950/2024,07954480000179-1-012950/2024-000001,,2026,36236,2026-09-26T01:05:32,PJ,33614493000109,ICLEANPRO COMERCIO E SERVICOS LTDA,,,,Aquisição de sacos para lixo destinados ao acondicionamento e descarte adequado dos resíduos gerados nas atividades administrativas e operacionais desenvolvidas nas unidades deste Departamento.,4860.0,4860.0,4860.0,0.0,2026-09-15,2026-09-15,2026-12-31,,,2026-09-26T01:05:28,2026-09-26T01:05:32,False,1,0,False,False,1456834,,,,False,08012.102003/020248,07954480000179-2-036236/2026,Secretaria do Planejamento e Gestão do Ceará,07954480000179,ESTADO DO CEARA,N,E,2,Compras,7,Empenho,Ceará,CE,Fortaleza,080301,DEPARTAMENTO ESTADUAL DE TRANSITO,2304400
07954480000179-1-022634/2024,07954480000179-1-022634/2024-000001,BRA,2026,36237,2026-09-26T01:05:47,PJ,35291038000307,WT DISTRIBUIDORA EIRELI,,,,"AQUISIÇÃO DE MATERIAL DE LIMPEZA PARA ESTE CEO-CENTRO, CONFORME ORDEM DE COMPRAS Nº 74842/2026 E ATA Nº 2025/27896",892.2,892.2,892.2,0.0,2026-09-15,2026-09-15,2026-12-31,,,2026-09-26T01:05:45,2026-09-26T01:05:47,False,1,0,False,False,1456849,,,,False,24001.076968/202611,07954480000179-2-036237/2026,Secretaria do Planejamento e Gestão do Ceará,07954480000179,ESTADO DO CEARA,N,E,2,Compras,7,Empenho,Ceará,CE,Fortaleza,241501,CENTRO ODONTOLOGICO - TIPO I,2304400
07954480000179-1-025333/2025,07954480000179-1-025333/2025-000001,,2026,36238,2026-09-26T01:05:53,PJ,49851154000186,JABOQUE DISTRIBUIDORA DE PRODUTOS HOSPITALARES LTDA,,,,"FREMANEZUMABE, 150MG/ML, SOLUCAO INJETAVEL, SERINGA PREENCHIDA 1,5ML",7160.0,7160.0,7160.0,0.0,2026-09-16,2026-09-16,2026-12-31,,,2026-09-26T01:05:52,2026-09-26T01:05:53,False,1,0,False,False,1456860,,,,False,24001.079327/202618,07954480000179-2-036238/2026,Secretaria do Planejamento e Gestão do Ceará,07954480000179,ESTADO DO CEARA,N,E,2,Compras,7,Empenho,Ceará,CE,Fortaleza,907742,SESA - DEMANDA JUDICIAL,2304400
07954480000179-1-023854/2024,07954480000179-1-023854/2024-000001,,2026,36239,2026-09-26T01:06:03,PJ,23533848000181,R T COSTA FELICIANO,,,,"Referente à aquisição de Material de Consumo - Limpeza, conforme ORDEM DE COMPRA/SERVIÇO Nº 77295/2026 - ATA DE REGISTRO DE PREÇO Nº 2025/26819",722.0,722.0,722.0,0.0,2026-09-16,2026-09-16,2026-12-31,,,2026-09-26T01:06:02,2026-09-26T01:06:03,False,1,0,False,False,1456955,,,,False,24001.079009/202649,07954480000179-2-036239/2026,Secretaria do Planejamento e Gestão do Ceará,07954480000179,ESTADO DO CEARA,N,E,2,Compras,7,Empenho,Ceará,CE,Fortaleza,241521,INSTITUTO DE PREVENCAO DO CANCER,2304400
07954480000179-1-020579/2026,,,2026,36240,2026-09-26T01:06:12,PJ,66204528000190,VSV COMERCIO E SERVICO LTDA,,,,MATERIAL EDUCATIVO E ESPORTIVO - 2026 - EEMTI CLÁUDIO MARTINS - (SEFOR 1),1262.09,1262.09,1262.09,0.0,2026-09-14,2026-09-14,2026-12-31,,,2026-09-26T01:06:06,2026-09-26T01:06:12,False,1,0,False,False,1452668,,,,False,22001.133575/202688,07954480000179-2-036240/2026,Secretaria do Planejamento e Gestão do Ceará,07954480000179,ESTADO DO CEARA,N,E,2,Compras,7,Empenho,Ceará,CE,Fortaleza,228005,EEFM CLÁUDIO MARTINS,2304400
07954480000179-1-023854/2024,07954480000179-1-023854/2024-000001,,2026,36241,2026-09-26T01:06:25,PJ,40764896000108,PROLIMP PRODUTOS E SERVIÇOS  LTDA,,,,Aquisição de material de limpeza- SABÃO EM BARRA.,3360.9,1680.45,3360.9,0.0,2026-09-16,2026-09-16,2026-12-31,,,2026-09-26T01:06:24,2026-09-26T01:06:25,False,2,0,False,False,1451913,,,,False,47001.016668/202670,07954480000179-2-036241/2026,Secretaria do Planejamento e Gestão do Ceará,07954480000179,ESTADO DO CEARA,N,E,2,Compras,7,Empenho,Ceará,CE,Fortaleza,470001,"SECRETARIA DA PROTEÇÃO SOCIAL, JUSTIÇA, CIDADANIA, MULHERES E DH",2304400
07954480000179-1-017956/2026,,,2026,36242,2026-09-26T01:06:34,PJ,12321127000191,EDUQUE & BRINQUE EIRELI,,,,"COTAÇÃO ELETRÔNICA REFERENTE A AQUISIÇÃO DE MATERIAL DE CAMA, MESA E BANHO EM FAVOR DA EEMTI JOSE FERREIRA BARBOSA - AIUABA - CREDE 15 - TAUÁ CE.",1366.0,1366.0,1366.0,0.0,2026-09-15,2026-09-15,2026-12-31,,,2026-09-26T01:06:29,2026-09-26T01:06:34,False,1,0,False,False,1455433,,,,False,22001.115169/202633,07954480000179-2-036242/2026,Secretaria do Planejamento e Gestão do Ceará,07954480000179,ESTADO DO CEARA,N,E,2,Compras,7,Empenho,Ceará,CE,Aiuaba,228532,EEM JOSÉ FERREIRA BARBOSA,2300408
07954480000179-1-022168/2026,,,2026,36243,2026-09-26T01:06:44,PJ,65702968000105,ATUALIZE DISTRIBUIDORA DE LIVROS LTDA,,,,AQUISIÇÃO - MATERIAL DE CONSUMO - MATERIAL DE EXPEDIENTE - EEFM SÃO FRANCISCO DE ASSIS - CANINDEZINHO -  (SEFOR 3),2288.5,2288.5,2288.5,0.0,2026-09-14,2026-09-14,2026-12-31,,,2026-09-26T01:06:37,2026-09-26T01:06:44,False,1,0,False,False,1455464,,,,False,22001.135695/202610,07954480000179-2-036243/2026,Secretaria do Planejamento e Gestão do Ceará,07954480000179,ESTADO DO CEARA,N,E,2,Compras,7,Empenho,Ceará,CE,Fortaleza,228143,EEF SÃO FRANCISCO DE ASSIS,2304400
07954480000179-1-022476/2026,,,2026,36244,2026-09-26T01:06:55,PJ,25179741000102,EXPRESSO DISTRIBUIDORA EIRELI,,,,AQUISIÇÃO DE MATERIAL DE LIMPEZA E PRODUÇÃO DE HIGIENIZAÇÃO. EEMTI LUIZA TÁVORA - PROMORAR - (SEFOR 2),11974.0,11974.0,11974.0,0.0,2026-09-16,2026-09-16,2026-12-31,,,2026-09-26T01:06:49,2026-09-26T01:06:55,False,1,0,False,False,1455591,,,,False,22001.116715/202653,07954480000179-2-036244/2026,Secretaria do Planejamento e Gestão do Ceará,07954480000179,ESTADO DO CEARA,N,E,2,Compras,7,Empenho,Ceará,CE,Fortaleza,228094,EEFM DONA LUÍZA TÁVORA - PROMORAR,2304400
07954480000179-1-024954/2024,07954480000179-1-024954/2024-000001,,2026,36245,2026-09-26T01:07:03,PJ,01490595000173,DIAGNOCEL COMERCIO E REPRESENTACOES LTDA,,,,"AQUISIÇÃO DE MATERIAL LABORATORIAL, (REAGENTE, PARA DOSAGEM DE ACIDO VALPROICO POR IMUNOENSAIO
AUTOMATIZADO E OUTRO) PARA O HOSPITAL GERAL DE FORTALEZA-HGF/SESA.",7808.0,7808.0,7808.0,0.0,2026-09-18,2026-09-18,2026-12-31,,,2026-09-26T01:07:02,2026-09-26T01:07:03,False,1,0,False,False,1457689,,,,False,24001.079275/202671,07954480000179-2-036245/2026,Secretaria do Planejamento e Gestão do Ceará,07954480000179,ESTADO DO CEARA,N,E,2,Compras,7,Empenho,Ceará,CE,Fortaleza,241281,HOSPITAL GERAL DE FORTALEZA,2304400
07954480000179-1-021752/2026,,,2026,36246,2026-09-26T01:07:13,PJ,35071489000177,FRANCISCO ANTONIO DA SILVA GOMES -ME,,,,"Aquisição de Material de Expediente para atender a demanda da EEMTI Franklin Távora, ano 2026. ITAPIUNA - CREDE 8 -",1274.0,1274.0,1274.0,0.0,2026-09-23,2026-09-23,2026-12-31,,,2026-09-26T01:07:07,2026-09-26T01:07:13,False,1,0,False,False,1457713,,,,False,22001.138871/202675,07954480000179-2-036246/2026,Secretaria do Planejamento e Gestão do Ceará,07954480000179,ESTADO DO CEARA,N,E,2,Compras,7,Empenho,Ceará,CE,Itapiúna,228397,EEM FRANKLIN TÁVORA,2306504
07954480000179-1-024954/2024,07954480000179-1-024954/2024-000001,,2026,36247,2026-09-26T01:07:23,PJ,01490595000173,DIAGNOCEL COMERCIO E REPRESENTACOES LTDA,,,,"AQUISIÇÃO DE MATERIAL DE LABORATÓRIO DE ACORDO COM A ORDEM DE COMPRA N° 78289/2026 - ATA DE REGISTRO DE PREÇO N° 2025/33577 (ITENS: 12, 14, 15, 22,23 - REAGENTES).",119305.0,119305.0,119305.0,0.0,2026-09-21,2026-09-21,2026-12-31,,,2026-09-26T01:07:21,2026-09-26T01:07:23,False,1,0,False,False,1457805,,,,False,24001.079848/202667,07954480000179-2-036247/2026,Secretaria do Planejamento e Gestão do Ceará,07954480000179,ESTADO DO CEARA,N,E,2,Compras,7,Empenho,Ceará,CE,Fortaleza,241531,LABORATORIO CENTRAL DE SAUDE PUBLICA,2304400
07954480000179-1-018932/2025,07954480000179-1-018932/2025-000001,,2026,36248,2026-09-26T01:07:31,PJ,26230868000171,BRILHARES PRODUTOS DE LIMPEZA LTDA ,,,,"Aquisições de material de consumo ¿ utensílios de limpeza, para atender a necessidade do HEMOCE, através de entrega imediata, OC 79613/2026, ARP 2026/27516, PE 0026/2025.",1100.94,1100.94,1100.94,0.0,2026-09-22,2026-09-22,2026-12-31,,,2026-09-26T01:07:29,2026-09-26T01:07:31,False,1,0,False,False,1458107,,,,False,24001.080670/202605,07954480000179-2-036248/2026,Secretaria do Planejamento e Gestão do Ceará,07954480000179,ESTADO DO CEARA,N,E,2,Compras,7,Empenho,Ceará,CE,Fortaleza,240424,CENTRO DE HEMATOLOGIA E HEMOTERAPIA DO CEARA  ,2304400
07954480000179-1-003269/2023,07954480000179-1-003269/2023-000001,,2026,36249,2026-09-26T01:07:46,PJ,21996505000128,JOTEC DO BRASIL IMPORTACAO E COMERCIO DE EQUIPAMENTOS HOSPITALARES LTDA,,,,"AQUISIÇÃO DE MATERIAL MÉDICO HOSPITALAR, (CATETER, BALAO DE LATEX OU POLIURETANO COMPLACENTE, ACOMODACAO DE ENDOPROTESE MODULAR COM STENTS) PARA O HOSPITAL GERAL DE FORTALEZA -HGF / SESA. ORDEM DE COMPRA/SERVIÇO Nº 72479/2026 - ATA DE REGISTRO DE PREÇO Nº 2024/32212",1000.0,1000.0,1000.0,0.0,2026-09-22,2026-09-22,2026-12-31,,,2026-09-26T01:07:44,2026-09-26T01:07:46,False,1,0,False,False,1458135,,,,False,24001.074325/202624,07954480000179-2-036249/2026,Secretaria do Planejamento e Gestão do Ceará,07954480000179,ESTADO DO CEARA,N,E,2,Compras,7,Empenho,Ceará,CE,Fortaleza,241281,HOSPITAL GERAL DE FORTALEZA,2304400
07954480000179-1-023000/2025,07954480000179-1-023000/2025-000001,,2026,36250,2026-09-26T01:07:55,PJ,59089998000195,JUMBO SAUDE IMPORTACAO E EXPORTACAO LTDA,,,,AQUISIÇÃO DE MATERIAL DE CONSUMO(CAFÉ) PARA ATENDER AS NECESSIDADES DA COADS ARACATI.,1458.6,1458.6,1458.6,0.0,2026-09-22,2026-09-22,2026-12-31,,,2026-09-26T01:07:54,2026-09-26T01:07:55,False,1,0,False,False,1458199,,,,False,24001.078620/202650,07954480000179-2-036250/2026,Secretaria do Planejamento e Gestão do Ceará,07954480000179,ESTADO DO CEARA,N,E,2,Compras,7,Empenho,Ceará,CE,Fortaleza,240001,SECRETARIA DA SAUDE,2304400
07954480000179-1-011423/2025,07954480000179-1-011423/2025-000001,,2026,36251,2026-09-26T01:08:06,PJ,62042351000112,ALD COMERCIO DE MATERIAIS EM GERAL LTDA,,,,AQUISIÇÃO DE MATERIAL DE CONSUMO(EXPEDIENTE) PARA ATENDER AS NECESSIDADES DA COADS ARACATI.,2200.0,2200.0,2200.0,0.0,2026-09-22,2026-09-22,2026-12-31,,,2026-09-26T01:08:05,2026-09-26T01:08:06,False,1,0,False,False,1458237,,,,False,24001.079494/202651,07954480000179-2-036251/2026,Secretaria do Planejamento e Gestão do Ceará,07954480000179,ESTADO DO CEARA,N,E,2,Compras,7,Empenho,Ceará,CE,Fortaleza,240001,SECRETARIA DA SAUDE,2304400
07954480000179-1-019946/2026,07954480000179-1-019946/2026-000001,,2026,36252,2026-09-26T01:08:11,PJ,42705829000130,HUB HEALTH DISTRIBUIDORA DE PRODUTOS HOSPITALARES LTDA,,,,"AQUISIÇÃO DE MEDICAMENTO PARA ATENDER DEMANDA DA PPI - ENOXAPARINA, SODICA, SERINGA PREENCHIDA SOLUCAO INJETAVEL, 40MG/0,4ML",88753.6,88753.6,88753.6,0.0,2026-09-23,2026-09-23,2026-12-31,,,2026-09-26T01:08:10,2026-09-26T01:08:11,False,1,0,False,False,1458343,,,,False,24001.081341/202673,07954480000179-2-036252/2026,Secretaria do Planejamento e Gestão do Ceará,07954480000179,ESTADO DO CEARA,N,E,2,Compras,7,Empenho,Ceará,CE,Fortaleza,980008,Célula de Execução de Compras de Recursos Biomédicos,2304400
07954480000179-1-022229/2025,07954480000179-1-022229/2025-000001,,2026,36253,2026-09-26T01:08:16,PJ,58950775000108,COTAÇÃO COM REPRESENTAÇÃO IMPORTAÇÃO E EXPORTAÇÃO LTDA,,,,"AQUISIÇÃO DE MATERIAL HOSPITALAR ( CAMARA, PARA INALACAO, MATERIAL ATOXICO, INQUEBRAVEL, CORPO TRANSPARENTE TIPO ESPACADOR, ACOPLADO A UM RECEPTOR DE ENCAIXE UNIVERSAL,) - PARA O HOSPITAL GERAL DE FORTALEZA - HGF/SESA. ORDEM DE COMPRA/SERVIÇO Nº 77375/2026 - ATA DE REGISTRO DE PREÇO Nº 2026/27649",228.6,228.6,228.6,0.0,2026-09-23,2026-09-23,2026-12-31,,,2026-09-26T01:08:15,2026-09-26T01:08:16,False,1,0,False,False,1458737,,,,False,24001.078835/202671,07954480000179-2-036253/2026,Secretaria do Planejamento e Gestão do Ceará,07954480000179,ESTADO DO CEARA,N,E,2,Compras,7,Empenho,Ceará,CE,Fortaleza,241281,HOSPITAL GERAL DE FORTALEZA,2304400
07954480000179-1-021758/2026,,BRA,2026,36254,2026-09-26T01:08:30,PF,49634542387,RIZEUDA BENTO DA SILVA,,,,CONTRATAÇÃO DE ARTESÃO DE PEÇAS ARTESANAIS PARA AS LOJAS CEART PORTARIA 094/2025.,12800.0,12800.0,12800.0,0.0,2026-09-16,2026-09-16,2026-12-31,,,2026-09-26T01:08:25,2026-09-26T01:08:30,False,1,0,False,False,1455877,,,,False,47001.016473/202620,07954480000179-2-036254/2026,Secretaria do Planejamento e Gestão do Ceará,07954480000179,ESTADO DO CEARA,N,E,2,Compras,7,Empenho,Ceará,CE,Fortaleza,470001,"SECRETARIA DA PROTEÇÃO SOCIAL, JUSTIÇA, CIDADANIA, MULHERES E DH",2304400
07954480000179-1-021945/2026,,,2026,36255,2026-09-26T01:08:38,PJ,36901695000120,C G C DE ARAUJO,,,,AQUISIÇÃO DE MATERIAL PARA MANUTENÇÃO DE BENS IMÓVEIS - EEMTI MARIA MENEZES CRISTINO - COREAU - CREDE 6,17013.0,17013.0,17013.0,0.0,2026-09-16,2026-09-16,2026-12-31,,,2026-09-26T01:08:34,2026-09-26T01:08:38,False,1,0,False,False,1456090,,,,False,22001.112137/202686,07954480000179-2-036255/2026,Secretaria do Planejamento e Gestão do Ceará,07954480000179,ESTADO DO CEARA,N,E,2,Compras,7,Empenho,Ceará,CE,Coreaú,228380,EEM MARIA MENEZES CRISTINO,2304004
07954480000179-1-023440/2024,07954480000179-1-023440/2024-000001,,2026,36256,2026-09-26T01:08:43,PJ,55692400000105,K. N. B. DA SILVA,,,,"Aquisição de barbante, material de uso auxiliar que se faz necessário para a organização, amarração, identificação, acondicionamento e movimentação de documentos, materiais e demais itens utilizados nas rotinas dos diversos setores deste Departamento Estadual de Transito.",815.0,815.0,815.0,0.0,2026-09-16,2026-09-16,2026-12-31,,,2026-09-26T01:08:42,2026-09-26T01:08:43,False,1,0,False,False,1456232,,,,False,08012.101389/920263,07954480000179-2-036256/2026,Secretaria do Planejamento e Gestão do Ceará,07954480000179,ESTADO DO CEARA,N,E,2,Compras,7,Empenho,Ceará,CE,Fortaleza,080301,DEPARTAMENTO ESTADUAL DE TRANSITO,2304400
07954480000179-1-021251/2026,,,2026,36257,2026-09-26T01:08:49,PJ,12321127000191,EDUQUE & BRINQUE EIRELI,,,,MATERIAL DE EXPEDIENTE DA CREDE 9 E EM FAVOR DAS ESCOLAS EEEP PROF° JOSÉ CARLOS REBOUÇAS E EEMTI PROFª DALVA QUEIROZ DE CARVALHO - HORIZONTE - CREDE 9,1875.22,1875.22,1875.22,0.0,2026-09-15,2026-09-15,2026-12-31,,,2026-09-26T01:08:46,2026-09-26T01:08:49,False,1,0,False,False,1454719,,,,False,22001.134743/202652,07954480000179-2-036257/2026,Secretaria do Planejamento e Gestão do Ceará,07954480000179,ESTADO DO CEARA,N,E,2,Compras,7,Empenho,Ceará,CE,Horizonte,227009,COORDENADORIA REGIONAL DE DESENVOLVIMENTO DA EDUCACAO - CREDE 09 - HORIZONTE,2305233
07954480000179-1-026407/2025,07954480000179-1-026407/2025-000001,,2026,36258,2026-09-26T01:08:54,PJ,49351786001152,BAXTER HOSPITALAR LTDA,,,,"AQUISIÇÃO DE MATERIAL FARMACOLÓGICO,(SOLUCAO, DE ELETROLITOS, CLORETO DE SODIO 526 MG + GLICONATO DE SODIO 502 MG + ACETATO DE SODIO TRIIDRATADO 368 MG + CLORETO DE POTASSIO 37 MG + CLORETO DE MAGNESIO 30 MG PH 7, 4 SOLUCAO INJETAVEL, BOLSA OU FRASCO AMPOLA 500ML, ) PARA O HOSPITAL GERAL DE FORTALEZA ¿ HGF / SESA. - ORDEM DE COMPRA/SERVIÇO Nº 76655/2026 - ATA DE REGISTRO DE PREÇO Nº 2026/26887",15750.0,15750.0,15750.0,0.0,2026-09-16,2026-09-16,2026-12-31,,,2026-09-26T01:08:53,2026-09-26T01:08:54,False,1,0,False,False,1457115,,,,False,24001.076738/202643,07954480000179-2-036258/2026,Secretaria do Planejamento e Gestão do Ceará,07954480000179,ESTADO DO CEARA,N,E,2,Compras,7,Empenho,Ceará,CE,Fortaleza,241281,HOSPITAL GERAL DE FORTALEZA,2304400
07954480000179-1-022509/2026,,,2026,36259,2026-09-26T01:09:03,PJ,51658042000155,NT COMERCIO DE FERRAGENS E FERRAMENTAS LTDA,,,,AQUISIÇÃO DE MATERIAL DE CONSUMO - PROTEÇÃO E SEGURANÇA - PARA EEMTI JOÃO PAULO II - COTAÇÃO ELETRÔNICA 014/2026 - EXERCÍCIO DE 2026. EEMTI JOÃO PAULO II -  (SEFOR 1),325.0,325.0,325.0,0.0,2026-09-22,2026-09-22,2026-12-31,,,2026-09-26T01:08:58,2026-09-26T01:09:03,False,1,0,False,False,1457169,,,,False,22001.090061/202621,07954480000179-2-036259/2026,Secretaria do Planejamento e Gestão do Ceará,07954480000179,ESTADO DO CEARA,N,E,2,Compras,7,Empenho,Ceará,CE,Fortaleza,228041,EEFM JOÃO PAULO II,2304400
07954480000179-1-022631/2026,,,2026,36260,2026-09-26T01:09:10,PJ,51248814000180,CLEBER DA SILVA MOURAO LTDA,,,,"AQUISIÇÃO DE MATERIAL DE EXPEDIENTE, destinado a atender as necessidades da EEEP Manuel Abdias Evangelista - NOVA RUSSAS - CREDE 13 -",19240.99,19240.99,19240.99,0.0,2026-09-18,2026-09-18,2026-12-31,,,2026-09-26T01:09:06,2026-09-26T01:09:10,False,1,0,False,False,1457273,,,,False,22001.139648/202645,07954480000179-2-036260/2026,Secretaria do Planejamento e Gestão do Ceará,07954480000179,ESTADO DO CEARA,N,E,2,Compras,7,Empenho,Ceará,CE,Nova Russas,228508,EEEP MANUEL ABDIAS EVANGELISTA,2309300
07954480000179-1-019110/2026,,,2026,36261,2026-09-26T01:09:16,PJ,44663450000130,IDEAL SERVICO E COMERCIO LTDA,,,,AQUISIÇÃO DE MATERIAL PERMANENTE PARA ATENDER AS NECESSIDADES DA FUNECE,5260.0,5260.0,5260.0,0.0,2026-09-22,2026-09-22,2026-12-31,,,2026-09-26T01:09:13,2026-09-26T01:09:16,False,1,0,False,False,1457293,,,,False,31032.002396/202623,07954480000179-2-036261/2026,Secretaria do Planejamento e Gestão do Ceará,07954480000179,ESTADO DO CEARA,N,E,2,Compras,7,Empenho,Ceará,CE,Fortaleza,310101,FUNDACAO UNIVERSIDADE ESTADUAL DO CEARA,2304400
07954480000179-1-021531/2025,07954480000179-1-021531/2025-000001,,2026,36262,2026-09-26T01:09:23,PJ,42705829000130,HUB HEALTH DISTRIBUIDORA DE PRODUTOS HOSPITALARES LTDA,,,,"AQUISIÇÃO DE ALGODAO, PH ENTRE 5.0 E 8.0 COM PROPRIEDADES HIDROFILICAS MENOR QUE 30 SEGUNDOS, COR BRANCO NEVE, HIDROFILO ROLO 500G, MANTA UNIFORME DE ALGODAO ABSORVENTE, LIVRE DE IMPUREZAS, MANCHAS OU QUALQUER OUTRO DEFEITO, LIVRE DE ALVEJANTE OPTICO E INGREDIENTES TOXICOS. PARA ATENDER A UNIDADES DE SAÚDE DO ESTADO DO CEARÁ/SESA.",80585.0,80585.0,80585.0,0.0,2026-09-17,2026-09-17,2026-12-31,,,2026-09-26T01:09:21,2026-09-26T01:09:23,False,1,0,False,False,1457392,,,,False,24001.080264/202634,07954480000179-2-036262/2026,Secretaria do Planejamento e Gestão do Ceará,07954480000179,ESTADO DO CEARA,N,E,2,Compras,7,Empenho,Ceará,CE,Fortaleza,980008,Célula de Execução de Compras de Recursos Biomédicos,2304400
07954480000179-1-024043/2026,,,2026,36263,2026-09-26T01:09:30,PJ,63371025000111,AUTO ESCOLA CLAUDIO LTDA,,,,"Prestação de serviços, por Centros de Formação de Condutores (CFC), referentes à realização de Cursos de Formação Teórico-Técnico e Prática de Direção Veicular, visando a formação e capacitação de candidatos à obtenção da primeira habilitação no âmbito do programa CNH Popular.",1251.76,1251.76,1251.76,0.0,2026-09-21,2026-09-21,2026-12-31,,,2026-09-26T01:09:26,2026-09-26T01:09:30,False,1,0,False,False,1457466,,,,False,08012.966859/202601,07954480000179-2-036263/2026,Secretaria do Planejamento e Gestão do Ceará,07954480000179,ESTADO DO CEARA,N,E,8,Serviços,7,Empenho,Ceará,CE,Fortaleza,080301,DEPARTAMENTO ESTADUAL DE TRANSITO,2304400
07954480000179-1-019719/2026,,,2026,36264,2026-09-26T01:09:43,PJ,57088206000132,D. V. PINHEIRO LTDA,,,,GÊNEROS DE ALIMENTAÇÃO - EEEP PROFESSOR ANTONIO VALMIR DA SILVA - CAUCAIA - CREDE 1 -,1519.0,1519.0,1519.0,0.0,2026-09-22,2026-09-22,2026-12-31,,,2026-09-26T01:09:39,2026-09-26T01:09:43,False,1,0,False,False,1457514,,,,False,22001.102016/202626,07954480000179-2-036264/2026,Secretaria do Planejamento e Gestão do Ceará,07954480000179,ESTADO DO CEARA,N,E,2,Compras,7,Empenho,Ceará,CE,Caucaia,228216,EEEP PROFESSOR ANTONIO VALMIR DA SILVA,2303709
07954480000179-1-020366/2026,,,2026,36265,2026-09-26T01:09:49,PJ,00062779000170,F M ARAUJO BEZERRA ME,,,,"AQUISIÇÃO DE MATERIAL GRÁFICO - CHAPA CONVENCIONAL, SOLNA125-ARAME PARA GRAMPEADOR FIO Nº22, CHAPA CONVENCIONAL, GTO 52- IMPRESSA UNIVESITÁRIA.",23800.0,23800.0,23800.0,0.0,2026-09-18,2026-09-18,2026-12-31,,,2026-09-26T01:09:46,2026-09-26T01:09:49,False,1,0,False,False,1457532,,,,False,31032.010427/202610,07954480000179-2-036265/2026,Secretaria do Planejamento e Gestão do Ceará,07954480000179,ESTADO DO CEARA,N,E,2,Compras,7,Empenho,Ceará,CE,Fortaleza,310101,FUNDACAO UNIVERSIDADE ESTADUAL DO CEARA,2304400
07954480000179-1-019353/2026,07954480000179-1-019353/2026-000001,,2026,36266,2026-09-26T01:09:53,PJ,08651657000120,ALL SOLUTIONS MEDICAL - PRODUTOS MEDICOS HOSPITALARES LTDA,,,,"Adesão à Ata de preços: 2026/09723, pregão eletrônico: 2026/0537, cujo objeto é  Aquisição de Materiais Hospitalares ¿ AGULHAS INTRAÓSSEAS (DISPOSITIVO ADULTO E PEDIÁTRICO) - AGULHA, DISPOSITIVO AUTOMATICO DE INFUSAO INTRA OSSEA ADULTO, 15G ( 50 unidades ) e AGULHA, DISPOSITIVO AUTOMATICO DE INFUSAO INTRA OSSEA PEDIATRICO, 18G (50 unidades)",90000.0,90000.0,90000.0,0.0,2026-09-17,2026-09-17,2026-12-31,,,2026-09-26T01:09:52,2026-09-26T01:09:53,False,1,0,False,False,1456306,,,,False,24001.071564/202622,07954480000179-2-036266/2026,Secretaria do Planejamento e Gestão do Ceará,07954480000179,ESTADO DO CEARA,N,E,2,Compras,7,Empenho,Ceará,CE,Fortaleza,240001,SECRETARIA DA SAUDE,2304400
07954480000179-1-022634/2024,07954480000179-1-022634/2024-000001,,2026,36267,2026-09-26T01:10:07,PJ,12309446000181,WELLINGTON IZIDIO DE OLIVEIRA,,,,AQUISIÇÃO PARA MATERIAL DE CONSUMO PARA ATENDER AS NECESSIDADES DA COADS/CANINDÉ,77.7,77.7,77.7,0.0,2026-09-16,2026-09-16,2026-12-31,,,2026-09-26T01:10:06,2026-09-26T01:10:07,False,1,0,False,False,1456585,,,,False,24001.052094/202606,07954480000179-2-036267/2026,Secretaria do Planejamento e Gestão do Ceará,07954480000179,ESTADO DO CEARA,N,E,2,Compras,7,Empenho,Ceará,CE,Fortaleza,240001,SECRETARIA DA SAUDE,2304400
07954480000179-1-024484/2024,07954480000179-1-024484/2024-000001,,2026,36268,2026-09-26T01:10:12,PJ,02908738000187,F G COMERCIAL DE PRODUTOS HOSPITALARES LTDA,,,,"AQUISIÇÃO DE PLACA, DE SILICONE PARA PLASTIFICACAO A VACUO, EVA BORRACHOIDE INCOLOR, 2MM/TIRA ODONTOLOGICA, DE PAPEL CARBONO FILME, DUPLA FACE NAS CORES VERMELHO E PRETO, CAPAZ DE FORNECER RGISTRO DUPLO SI0MULTANEO, EXPESSURA ULTRAFINA 19 MICRAS, SENSIBILIDADE ELEVADA, COM RUGOSIDADE E BOA DEFORMACAO PLASTICA, PARA ATENDER A UNIDADES DE SAÚDE DO ESTADO DO CEARÁ/SESA",3606.4,3606.4,3606.4,0.0,2026-09-14,2026-09-14,2026-12-31,,,2026-09-26T01:10:11,2026-09-26T01:10:12,False,1,0,False,False,1456597,,,,False,24001.078816/202644,07954480000179-2-036268/2026,Secretaria do Planejamento e Gestão do Ceará,07954480000179,ESTADO DO CEARA,N,E,2,Compras,7,Empenho,Ceará,CE,Fortaleza,980008,Célula de Execução de Compras de Recursos Biomédicos,2304400
07954480000179-1-024559/2025,07954480000179-1-024559/2025-000001,,2026,36269,2026-09-26T01:10:21,PJ,09092152000136,EMMARKA DISTRIBUIDORADE MEDICAMENTOS LTDA,,,,"AQUISIÇÃO DE COLAGENASE, 0,6U/G, POMADA DERMATOLOGICA, BISNAGA 30G PARA ATENDER DEMANDAS JUDICIAIS.",1059.44,1059.44,1059.44,0.0,2026-09-15,2026-09-15,2026-12-31,,,2026-09-26T01:10:16,2026-09-26T01:10:21,False,1,0,False,False,1456724,,,,False,24001.078636/202662,07954480000179-2-036269/2026,Secretaria do Planejamento e Gestão do Ceará,07954480000179,ESTADO DO CEARA,N,E,2,Compras,7,Empenho,Ceará,CE,Fortaleza,907742,SESA - DEMANDA JUDICIAL,2304400
07954480000179-1-018738/2026,,,2026,36270,2026-09-28T09:42:26,PJ,62602147000109,LION COMERCIAL E SERVICOS LTDA,,,,"Aquisição de 20 headfones, destinados ao analista da SPS.",6400.0,6400.0,6400.0,0.0,2026-09-21,2026-09-21,2026-12-31,,,2026-09-26T01:10:25,2026-09-28T09:42:26,False,1,1,False,False,1456738,,,,False,47001.001872/202696,07954480000179-2-036270/2026,Secretaria do Planejamento e Gestão do Ceará,07954480000179,ESTADO DO CEARA,N,E,2,Compras,7,Empenho,Ceará,CE,Fortaleza,470001,"SECRETARIA DA PROTEÇÃO SOCIAL, JUSTIÇA, CIDADANIA, MULHERES E DH",2304400
07954480000179-1-007441/2024,07954480000179-1-007441/2024-000001,,2026,36271,2026-09-26T01:10:34,PJ,10403238000111,AMED S/A,,,,"AQUISIÇÃO DE MATERIAL MÉDICO HOSPITALAR, (ATADURA, CREPOM, 20CM/42,8G) PARA O HOSPITAL GERAL DE FORTALEZA-HGF/SESA.",28330.0,28330.0,28330.0,0.0,2026-09-15,2026-09-15,2026-12-31,,,2026-09-26T01:10:32,2026-09-26T01:10:34,False,1,0,False,False,1456820,,,,False,24001.074660/202622,07954480000179-2-036271/2026,Secretaria do Planejamento e Gestão do Ceará,07954480000179,ESTADO DO CEARA,N,E,2,Compras,7,Empenho,Ceará,CE,Fortaleza,241281,HOSPITAL GERAL DE FORTALEZA,2304400
07954480000179-1-019782/2026,,,2026,36272,2026-09-26T01:10:44,PJ,66848160000101,NEXUS COMERCIO E SERVICOS DE LICITACOES LTDA,,,,"Aquisição de fita zebrada (preta com amarelo) para isolamento, largura mínima de 7cm com 200 metros de comprimento.",1860.0,1860.0,1860.0,0.0,2026-09-16,2026-09-16,2026-12-31,,,2026-09-26T01:10:39,2026-09-26T01:10:44,False,1,0,False,False,1456823,,,,False,29022.001300/202687,07954480000179-2-036272/2026,Secretaria do Planejamento e Gestão do Ceará,07954480000179,ESTADO DO CEARA,N,E,2,Compras,7,Empenho,Ceará,CE,Fortaleza,290101,SUPERINTENDENCIA DE OBRAS HIDRAULICAS,2304400
07954480000179-1-010452/2024,07954480000179-1-010452/2024-000001,BRA,2026,36273,2026-09-26T01:10:54,PJ,20541712000125,NEWLIFE COMERCIO E SERVICOS EIRELI,,,,RECURSO DESTINADO A AQUISIÇÃO DE MATERIAL DE LABORATÓRIO CONFORME ATA Nº 2025/08040 PARA HSJ,9640.0,9640.0,9640.0,0.0,2026-09-21,2026-09-21,2026-12-31,,,2026-09-26T01:10:53,2026-09-26T01:10:54,False,1,0,False,False,1456923,,,,False,24001.079638/202679,07954480000179-2-036273/2026,Secretaria do Planejamento e Gestão do Ceará,07954480000179,ESTADO DO CEARA,N,E,2,Compras,7,Empenho,Ceará,CE,Fortaleza,241331,HOSPITAL SAO JOSE DE DOENCAS INFECCIOSAS,2304400
07954480000179-1-026376/2025,07954480000179-1-026376/2025-000001,,2026,36274,2026-09-26T01:10:59,PJ,54565478000198,SISPACK MEDICAL LTDA,,,,INDICADOR BIOLÓGICO EM PACOTE PCD,14000.0,14000.0,14000.0,0.0,2026-09-16,2026-09-16,2026-12-31,,,2026-09-26T01:10:58,2026-09-26T01:10:59,False,1,0,False,False,1456939,,,,False,24001.079596/202676,07954480000179-2-036274/2026,Secretaria do Planejamento e Gestão do Ceará,07954480000179,ESTADO DO CEARA,N,E,2,Compras,7,Empenho,Ceará,CE,Fortaleza,980008,Célula de Execução de Compras de Recursos Biomédicos,2304400
07954480000179-1-018900/2026,07954480000179-1-018900/2026-000001,,2026,36275,2026-09-26T01:11:04,PJ,21595464000168,UNI HOSPITALAR CEARA LTDA-EPP,,,,"AQUISIÇÃO DE DIOSMINA + HESPERIDINA, 900MG + 100MG, COMPRIMIDO REVESTIDO PARA ATENDER DEMANDAS JUDICIAIS.",220.54,220.54,220.54,0.0,2026-09-16,2026-09-16,2026-12-31,,,2026-09-26T01:11:03,2026-09-26T01:11:04,False,1,0,False,False,1456974,,,,False,24001.079615/202664,07954480000179-2-036275/2026,Secretaria do Planejamento e Gestão do Ceará,07954480000179,ESTADO DO CEARA,N,E,2,Compras,7,Empenho,Ceará,CE,Fortaleza,907742,SESA - DEMANDA JUDICIAL,2304400
07954480000179-1-009862/2025,07954480000179-1-009862/2025-000001,,2026,36276,2026-09-26T01:11:08,PJ,61072393003906,PFIZER BRASIL LTDA,,,,"AQUISIÇÃO DE MEDICAMENTO PARA ATENDER DEMANDA DO CEAF - SIROLIMO, 1MG, DRAGEA",55699.2,55699.2,55699.2,0.0,2026-09-16,2026-09-16,2026-12-31,,,2026-09-26T01:11:07,2026-09-26T01:11:08,False,1,0,False,False,1457008,,,,False,24001.079419/202690,07954480000179-2-036276/2026,Secretaria do Planejamento e Gestão do Ceará,07954480000179,ESTADO DO CEARA,N,E,2,Compras,7,Empenho,Ceará,CE,Fortaleza,980008,Célula de Execução de Compras de Recursos Biomédicos,2304400
07954480000179-1-014543/2026,,,2026,36277,2026-09-26T01:11:16,PJ,51044835000184,DISTRIMIX SOLUÇÕES & SERVIÇOS BRASIL LTDA,,,,MATERIAL DE EXPEDIENTE - CENTRO DE EDUCAÇÃO COMPLEMENTAR DO CEARÁ - (SEFOR 1),3580.0,3580.0,3580.0,0.0,2026-09-14,2026-09-14,2026-12-31,,,2026-09-26T01:11:11,2026-09-26T01:11:16,False,1,0,False,False,1452626,,,,False,22001.097485/202616,07954480000179-2-036277/2026,Secretaria do Planejamento e Gestão do Ceará,07954480000179,ESTADO DO CEARA,N,E,2,Compras,7,Empenho,Ceará,CE,Fortaleza,229247,CENTRO DE EDUCAÇÃO COMPLEMENTAR,2304400
07954480000179-1-018803/2026,,,2026,36278,2026-09-26T01:11:25,PJ,51248814000180,CLEBER DA SILVA MOURAO LTDA,,,,Aquisição - Material de consumo - Material de expediente - CEJA DOUTOR GERARDO CAMELO MADEIRA - IPU - CREDE 5 -,2380.0,2380.0,2380.0,0.0,2026-09-17,2026-09-17,2026-12-31,,,2026-09-26T01:11:20,2026-09-26T01:11:25,False,1,0,False,False,1454353,,,,False,22001.116881/202650,07954480000179-2-036278/2026,Secretaria do Planejamento e Gestão do Ceará,07954480000179,ESTADO DO CEARA,N,E,2,Compras,7,Empenho,Ceará,CE,Ipu,228327,CEJA DOUTOR GERARDO CAMELO MADEIRA,2305803
07954480000179-1-020637/2026,,,2026,36279,2026-09-26T01:11:32,PJ,35972114000188,HELTON JHON OLIVEIRA ANJOS SILVA,,,,Material para Manutenção de Bens Imóveis - MONSENHOR WALDIR LOPES DE CASTRO EEEP - MARCO - CREDE 3 -,17482.95,17482.95,17482.95,0.0,2026-09-16,2026-09-16,2026-12-31,,,2026-09-26T01:11:28,2026-09-26T01:11:32,False,1,0,False,False,1454384,,,,False,22001.113537/202617,07954480000179-2-036279/2026,Secretaria do Planejamento e Gestão do Ceará,07954480000179,ESTADO DO CEARA,N,E,2,Compras,7,Empenho,Ceará,CE,Marco,228729,EEEP MONSENHOR WALDIR LOPES DE CASTRO,2307809
07954480000179-1-022033/2026,,,2026,36280,2026-09-26T01:11:41,PJ,51044835000184,DISTRIMIX SOLUÇÕES & SERVIÇOS BRASIL LTDA,,,,MATERIAL DE EXPEDIENTE - CENTRO DE REFERÊNCIA EM EDUCAÇÃO E ATENDIMENTO ESPECIALIZADO DO CEARÁ - CREAECE FORTALEZA - (SEFOR 3),3922.0,3922.0,3922.0,0.0,2026-09-14,2026-09-14,2026-12-31,,,2026-09-26T01:11:35,2026-09-26T01:11:41,False,1,0,False,False,1455366,,,,False,22001.136389/202609,07954480000179-2-036280/2026,Secretaria do Planejamento e Gestão do Ceará,07954480000179,ESTADO DO CEARA,N,E,2,Compras,7,Empenho,Ceará,CE,Fortaleza,229216,CENTRO DE REF EM ADUCAÇÃO E ATERND ESPECIAD DO CEARÁ,2304400
07954480000179-1-022070/2026,,,2026,36281,2026-09-26T01:11:50,PJ,33281513000177,FRANCISCO MATEUS DA ROCHA DO NASCIMENTO 27634641812,,,,MATERIAL ELÉTRICO E ELETRÔNICO - EEMTI DEPUTADO FAUSTO AGUIAR ARRUDA - PACATUBA -,376.9,376.9,376.9,0.0,2026-09-16,2026-09-16,2026-12-31,,,2026-09-26T01:11:46,2026-09-26T01:11:50,False,1,0,False,False,1455417,,,,False,22001.136490/202651,07954480000179-2-036281/2026,Secretaria do Planejamento e Gestão do Ceará,07954480000179,ESTADO DO CEARA,N,E,2,Compras,7,Empenho,Ceará,CE,Pacatuba,228209,EEFM DEPUTADO FAUSTO AGUIAR ARRUDA,2309706
07954480000179-1-021502/2026,,,2026,36282,2026-09-26T01:12:04,PJ,57417980000140,"LUDTECH TECNOLOGIA, SUPRIMENTOS E SERVICOS LTDA",,,,AQUISIÇÃO - MATERIAL DE CONSUMO - MATERIAL ELÉTRICO E ELETRÔNICO - EEMTI PROFESSOR LUIZ GONZAGA DA FONSECA MOTA - QUIXELO - CREDE 16 -,3196.7,3196.7,3196.7,0.0,2026-09-16,2026-09-16,2026-12-31,,,2026-09-26T01:11:59,2026-09-26T01:12:04,False,1,0,False,False,1454899,,,,False,22001.106353/202692,07954480000179-2-036282/2026,Secretaria do Planejamento e Gestão do Ceará,07954480000179,ESTADO DO CEARA,N,E,2,Compras,7,Empenho,Ceará,CE,Quixelô,228550,EEM PROFESSOR LUIZ GONZADA DA FONSECA MOTA,2311355
07954480000179-1-021939/2025,07954480000179-1-021939/2025-000001,,2026,36283,2026-09-26T01:12:10,PJ,53254670000109,EB DISTRIBUIDORA LTDA,,,,AQUISIÇÃO DE DETERGENTE LIQUIDO PARA O CMCB,360.0,360.0,360.0,0.0,2026-09-23,2026-09-23,2026-12-31,,,2026-09-26T01:12:08,2026-09-26T01:12:10,False,1,0,False,False,1457756,,,,False,10021.008492/202634,07954480000179-2-036283/2026,Secretaria do Planejamento e Gestão do Ceará,07954480000179,ESTADO DO CEARA,N,E,2,Compras,7,Empenho,Ceará,CE,Fortaleza,100611,FSPDS COLEGIO CORPO DE BOMBEIROS,2304400
07954480000179-1-003516/2023,07954480000179-1-003516/2023-000001,BRA,2026,36284,2026-09-26T01:12:17,PJ,40744626000127,AMPLA MASTER COMERCIO E REPRESETACAO LTDA,,,,AQUISIÇÃO DE MATERIAL DE CONSUMO (PAPEL HIGIÊNICO),11560.0,11560.0,11560.0,0.0,2026-09-21,2026-09-21,2026-12-31,,,2026-09-26T01:12:16,2026-09-26T01:12:17,False,1,0,False,False,1457936,,,,False,10061.063063/202653,07954480000179-2-036284/2026,Secretaria do Planejamento e Gestão do Ceará,07954480000179,ESTADO DO CEARA,N,E,2,Compras,7,Empenho,Ceará,CE,Fortaleza,101331,HOSPITAL E MATERNIDADE DA POLÍCIA MILITAR DO CEARÁ JOSÉ MARTINIANO DE ALENCAR,2304400
07954480000179-1-003489/2023,07954480000179-1-003489/2023-000001,BRA,2026,36285,2026-09-26T01:12:29,PJ,40744626000127,AMPLA MASTER COMERCIO E REPRESETACAO LTDA,,,,AQUISIÇÃO DE MATERIAL DE CONSUMO (PAPEL TOALHA),11400.0,11400.0,11400.0,0.0,2026-09-21,2026-09-21,2026-12-31,,,2026-09-26T01:12:28,2026-09-26T01:12:29,False,1,0,False,False,1457959,,,,False,10061.063064/202606,07954480000179-2-036285/2026,Secretaria do Planejamento e Gestão do Ceará,07954480000179,ESTADO DO CEARA,N,E,2,Compras,7,Empenho,Ceará,CE,Fortaleza,101331,HOSPITAL E MATERNIDADE DA POLÍCIA MILITAR DO CEARÁ JOSÉ MARTINIANO DE ALENCAR,2304400
07954480000179-1-022674/2026,,,2026,36286,2026-09-26T01:12:39,PJ,32955567000108,GLOBAL COMERCIO DE PRODUTOS HOSPITALARES E SERVICOS PARA LABORATORIOS LTDA,,,,MATERIAL LABORATORIAL - EEEP DR. JOSÉ ALVES DA SILVEIRA - QUIXERAMOBIM - CREDE 12 -,2405.0,2405.0,2405.0,0.0,2026-09-22,2026-09-22,2026-12-31,,,2026-09-26T01:12:33,2026-09-26T01:12:39,False,1,0,False,False,1457961,,,,False,22001.140970/202617,07954480000179-2-036286/2026,Secretaria do Planejamento e Gestão do Ceará,07954480000179,ESTADO DO CEARA,N,E,2,Compras,7,Empenho,Ceará,CE,Quixeramobim,228486,EEEP DR. JOSÉ ALVES DA SILVEIRA,2311405
07954480000179-1-014869/2025,07954480000179-1-014869/2025-000001,,2026,36287,2026-09-26T01:12:44,PJ,14361780000290,MEDICAL LIFE COMERCIO DE PRODUTOS HOSPITALARES LTDA,,,,Aquisição de material médico hospitalar de acordo com ATA 2026/09366 para atender as necessidade do HCASG.,7350.0,7350.0,7350.0,0.0,2026-09-21,2026-09-21,2026-12-31,,,2026-09-26T01:12:42,2026-09-26T01:12:44,False,1,0,False,False,1457970,,,,False,24001.067122/202681,07954480000179-2-036287/2026,Secretaria do Planejamento e Gestão do Ceará,07954480000179,ESTADO DO CEARA,N,E,2,Compras,7,Empenho,Ceará,CE,Fortaleza,241291,HOSPITAL DR CARLOS ALBERTO STUDART GOMES - MESSEJANA,2304400
07954480000179-1-020007/2026,,BRA,2026,36288,2026-09-26T01:13:12,PF,44078137334,CRISZELITA LEONARDO DE ALCANTARA SOUSA,,,,CONTRATAÇÃO DE ARTESÃO DE PEÇAS ARTESANAIS PARA AS LOJAS CEART PORTARIA 094/2025.,2386.6,2386.6,2386.6,0.0,2026-09-22,2026-09-22,2026-12-31,,,2026-09-26T01:13:07,2026-09-26T01:13:12,False,1,0,False,False,1457980,,,,False,47001.014574/202666,07954480000179-2-036288/2026,Secretaria do Planejamento e Gestão do Ceará,07954480000179,ESTADO DO CEARA,N,E,2,Compras,7,Empenho,Ceará,CE,Fortaleza,470001,"SECRETARIA DA PROTEÇÃO SOCIAL, JUSTIÇA, CIDADANIA, MULHERES E DH",2304400
07954480000179-1-023174/2026,,,2026,36289,2026-09-26T01:13:22,PJ,51044835000184,DISTRIMIX SOLUÇÕES & SERVIÇOS BRASIL LTDA,,,,MATERIAL DE LIMPEZA E PRODUÇÃO DE HIGIENIZAÇÃO - EEFM DOM HÉLDER CÂMARA -  (SEFOR 1),8528.0,8528.0,8528.0,0.0,2026-09-22,2026-09-22,2026-12-31,,,2026-09-26T01:13:17,2026-09-26T01:13:22,False,1,0,False,False,1458004,,,,False,22001.143303/202696,07954480000179-2-036289/2026,Secretaria do Planejamento e Gestão do Ceará,07954480000179,ESTADO DO CEARA,N,E,2,Compras,7,Empenho,Ceará,CE,Fortaleza,228011,EEFM DOM HÉLDER CÂMARA,2304400
07954480000179-1-024121/2024,07954480000179-1-024121/2024-000001,,2026,36290,2026-09-26T01:13:32,PJ,55692400000105,K. N. B. DA SILVA,,,,"Aquisições de material de consumo ¿ limpeza saneantes, para atender a necessidade do HEMOCE, através de entrega imediata, OC 79591/2026, ARP 2026/15656, PE 0027/2024.",1548.0,1548.0,1548.0,0.0,2026-09-23,2026-09-23,2026-12-31,,,2026-09-26T01:13:31,2026-09-26T01:13:32,False,1,0,False,False,1458227,,,,False,24001.080387/202675,07954480000179-2-036290/2026,Secretaria do Planejamento e Gestão do Ceará,07954480000179,ESTADO DO CEARA,N,E,2,Compras,7,Empenho,Ceará,CE,Fortaleza,240424,CENTRO DE HEMATOLOGIA E HEMOTERAPIA DO CEARA  ,2304400
07954480000179-1-021972/2026,,,2026,36291,2026-09-26T01:13:44,PJ,25179741000102,EXPRESSO DISTRIBUIDORA EIRELI,,,,Material de Limpeza SALDO 02 - EEM GOVERNADOR ADAUTO BEZERRA -  (SEFOR 3),11652.0,11652.0,11652.0,0.0,2026-09-15,2026-09-15,2026-12-31,,,2026-09-26T01:13:40,2026-09-26T01:13:44,False,1,0,False,False,1455107,,,,False,22001.138654/202685,07954480000179-2-036291/2026,Secretaria do Planejamento e Gestão do Ceará,07954480000179,ESTADO DO CEARA,N,E,2,Compras,7,Empenho,Ceará,CE,Fortaleza,228108,EEM GOVERNADOR ADAUTO BEZERRA,2304400
07954480000179-1-022424/2026,,,2026,36292,2026-09-26T01:13:54,PJ,52588960000118,NEMA COMERCIO LTDA,,,,MATERIAL DE CONSUMO - MATERIAL DE EXPEDIENTE - EEMTI RAIMUNDO MOACIR ALENCAR MOTA - ASSARE - CREDE 18,3620.3,3620.3,3620.3,0.0,2026-09-18,2026-09-18,2026-12-31,,,2026-09-26T01:13:49,2026-09-26T01:13:54,False,1,0,False,False,1455903,,,,False,22001.141632/202601,07954480000179-2-036292/2026,Secretaria do Planejamento e Gestão do Ceará,07954480000179,ESTADO DO CEARA,N,E,2,Compras,7,Empenho,Ceará,CE,Assaré,228587,EEFM RAIMUNDO MOACIR ALENCAR MOTA,2301604
07954480000179-1-021822/2026,,,2026,36293,2026-09-26T01:14:02,PJ,52588960000118,NEMA COMERCIO LTDA,,,,MATERIAL DE CONSUMO - MATERIAL DE EXPEDIENTE - EEEP MARIA CARMEM VIEIRA MOREIRA - MARACANAU - CREDE 1,3322.5,3322.5,3322.5,0.0,2026-09-18,2026-09-18,2026-12-31,,,2026-09-26T01:13:58,2026-09-26T01:14:02,False,1,0,False,False,1455928,,,,False,22001.139614/202651,07954480000179-2-036293/2026,Secretaria do Planejamento e Gestão do Ceará,07954480000179,ESTADO DO CEARA,N,E,2,Compras,7,Empenho,Ceará,CE,Maracanaú,228214,EEEP MARIA CARMEM VIEIRA MOREIRA,2307650
07954480000179-1-024708/2024,07954480000179-1-024708/2024-000001,,2026,36294,2026-09-26T01:14:08,PJ,29725927000170,BMP DE SOUSA COMERCIAL LTDA ,,,,MATERIAL DE CONSUMO - COPA E COZINHA -ARP - EEMTI PROFESSORA ADÉLIA BRASIL FEIJÓ - (SEFOR 3),169.28,169.28,169.28,0.0,2026-09-15,2026-09-15,2026-12-31,,,2026-09-26T01:14:07,2026-09-26T01:14:08,False,1,0,False,False,1456050,,,,False,22001.143999/202651,07954480000179-2-036294/2026,Secretaria do Planejamento e Gestão do Ceará,07954480000179,ESTADO DO CEARA,N,E,2,Compras,7,Empenho,Ceará,CE,Fortaleza,228134,EEFM PROFESSORA ADÉLIA BRASIL FEIJÓ,2304400
07954480000179-1-024959/2024,07954480000179-1-024959/2024-000001,,2026,36295,2026-09-26T01:14:13,PJ,20515304000107,VENDRAMINI COMERCIO E SERVIÇOS DE EQUIPAMENTO EIRELI,,,,"AQUISICAO DE OPME PARA ATENDER DEMANDA ADMINISTRATIVA - COMUNICAÇÃO INTERNA Nº 000149/2026/SESA/CEDEF
NUP: 24001.077992/2026-69",118508.0,118508.0,118508.0,0.0,2026-09-14,2026-09-14,2026-12-31,,,2026-09-26T01:14:12,2026-09-26T01:14:13,False,1,0,False,False,1456119,,,,False,24001.077992/202669,07954480000179-2-036295/2026,Secretaria do Planejamento e Gestão do Ceará,07954480000179,ESTADO DO CEARA,N,E,2,Compras,7,Empenho,Ceará,CE,Fortaleza,907235,GRUPO DE TRABALHO SOCIAL,2304400
07954480000179-1-023000/2025,07954480000179-1-023000/2025-000001,,2026,36296,2026-09-26T01:14:27,PJ,59089998000195,JUMBO SAUDE IMPORTACAO E EXPORTACAO LTDA,,,,"AQUISIÇÃO DE CAFE, TORRADO E MOIDO, PO HOMOGENEO FINO, AROMA E SABOR INTENSO,
CERTIFICADO QUALIDADE NA CATEGORIA TRADICIONAL, C/ NMQ (NIVEL MINIMO
DE QUALIDADE) MINIMO 4,5 PONTOS,EMITIDO PELA ABIC, CERTIFICADO PUREZA
ABIC, EMBALAGEM A VACUO, COM DADOS DE IDENTIFICACAO DO PRODUTO,
MARCA DO FABRICANTE, DATA DE FABRICACAO, PRAZO DE VALIDADE NO
MOMENTO DA ENTREGA COM NO MINIMO 80% DO PRAZO DETERMINADO PELO
FABRICANTE, PACOTE 250.0 GRAMAS. MARCA: CAFÉ SILVA",2805.0,2805.0,2805.0,0.0,2026-09-16,2026-09-16,2026-12-31,,,2026-09-26T01:14:26,2026-09-26T01:14:27,False,1,0,False,False,1456222,,,,False,61000.000131/202629,07954480000179-2-036296/2026,Secretaria do Planejamento e Gestão do Ceará,07954480000179,ESTADO DO CEARA,N,E,2,Compras,7,Empenho,Ceará,CE,Fortaleza,610001,SECRETARIA DA PESCA E AQUICULTURA ,2304400
07954480000179-1-022501/2026,,,2026,36297,2026-09-26T01:14:36,PJ,64042499000182,T. DE SOUSA LIMA LTDA,,,,AQUISIÇÃO - MATERIAL DE CONSUMO - MATERIAL DE COPA E COZINHA - EEMTI PROFESSORA MARIA ANTONIETA NUNES - (SEFOR 3),4533.99,4533.99,4533.99,0.0,2026-09-15,2026-09-15,2026-12-31,,,2026-09-26T01:14:30,2026-09-26T01:14:36,False,1,0,False,False,1456295,,,,False,22001.140695/202631,07954480000179-2-036297/2026,Secretaria do Planejamento e Gestão do Ceará,07954480000179,ESTADO DO CEARA,N,E,2,Compras,7,Empenho,Ceará,CE,Fortaleza,228158,EEFM PROFESSORA MARIA ANTONIETA NUNES,2304400
07954480000179-1-025717/2025,07954480000179-1-025717/2025-000001,,2026,36298,2026-09-26T01:14:41,PJ,01722296000117,PANORAMA COMERCIO DE PRODUTOS MEDICOS E FARMACEUTICOS LTDA,,,,"AQUISIÇÃO DE MATERIAL MÉDICO HOSPITALAR, (FIO DE SUTURA, POLIGLACTINA 6-0, AGULHA ½ 15/17MM CIRCULO CILINDRICA,
UROLOGIA, ESTERIL) PARA O HOSPITAL GERAL DE FORTALEZA-HGF/SESA.",1609.2,1609.2,1609.2,0.0,2026-09-17,2026-09-17,2026-12-31,,,2026-09-26T01:14:39,2026-09-26T01:14:41,False,1,0,False,False,1457185,,,,False,24001.075168/202674,07954480000179-2-036298/2026,Secretaria do Planejamento e Gestão do Ceará,07954480000179,ESTADO DO CEARA,N,E,2,Compras,7,Empenho,Ceará,CE,Fortaleza,241281,HOSPITAL GERAL DE FORTALEZA,2304400
07954480000179-1-023155/2026,,,2026,36299,2026-09-26T01:14:49,PJ,44714654000152,HERICA PIRES LIMA 04215201322,,,,Cotação eletrônica 22/2026: Aquisição de material para manutenção de bens imóveis II. EEMTI HILDEBERTO BARROSO - ITAPIPOCA - CREDE 2,1510.0,1510.0,1510.0,0.0,2026-09-22,2026-09-22,2026-12-31,,,2026-09-26T01:14:44,2026-09-26T01:14:49,False,1,0,False,False,1457259,,,,False,22001.144715/202643,07954480000179-2-036299/2026,Secretaria do Planejamento e Gestão do Ceará,07954480000179,ESTADO DO CEARA,N,E,2,Compras,7,Empenho,Ceará,CE,Itapipoca,228241,EEM HILDEBERTO BARROSO,2306405
07954480000179-1-017262/2025,07954480000179-1-017262/2025-000001,,2026,36300,2026-09-26T01:14:55,PJ,26762975000140,A N F LEAL CARVALHO,,,,"AQUISIÇÃO DE MATERIAL FARMACOLÓGICO,(HIDROCLOROTIAZIDA, MANIPULADO 5MG/ML) PARA O HOSPITAL GERAL DE FORTALEZA ¿ HGF / SESA. ORDEM DE COMPRA/SERVIÇO Nº 79302/2026 - ATA DE REGISTRO DE PREÇO Nº 2025/00458",75.6,75.6,75.6,0.0,2026-09-18,2026-09-18,2026-12-31,,,2026-09-26T01:14:54,2026-09-26T01:14:55,False,1,0,False,False,1457287,,,,False,24001.076769/202602,07954480000179-2-036300/2026,Secretaria do Planejamento e Gestão do Ceará,07954480000179,ESTADO DO CEARA,N,E,2,Compras,7,Empenho,Ceará,CE,Fortaleza,241281,HOSPITAL GERAL DE FORTALEZA,2304400
07954480000179-1-023044/2026,,,2026,36301,2026-09-26T01:15:04,PJ,38404532000167,RODRIGO LUIS LOPES REIS,,,,AQUISIÇÃO DE GÊNEROS DE ALIMENTAÇÃO (ENEM) DA CREDE 8.,2001.28,2001.28,2001.28,0.0,2026-09-16,2026-09-16,2026-12-31,,,2026-09-26T01:14:59,2026-09-26T01:15:04,False,1,0,False,False,1457289,,,,False,22001.144514/202646,07954480000179-2-036301/2026,Secretaria do Planejamento e Gestão do Ceará,07954480000179,ESTADO DO CEARA,N,E,2,Compras,7,Empenho,Ceará,CE,Baturité,227008,COORDENADORIA REGIONAL DE DESENVOLVIMENTO DA EDUCACAO - CREDE 08 - BATURITE,2302107
07954480000179-1-024986/2024,07954480000179-1-024986/2024-000001,,2026,36302,2026-09-26T01:15:10,PJ,08958628000378,ONCOEXO DISTRIBUIDORA DE MEDICAMENTOS LTDA,,,,"IVABRADINA , COMPRIMIDO REVESTIDO, 5 MG",2076.48,2076.48,2076.48,0.0,2026-09-17,2026-09-17,2026-12-31,,,2026-09-26T01:15:08,2026-09-26T01:15:10,False,1,0,False,False,1457371,,,,False,24001.080241/202620,07954480000179-2-036302/2026,Secretaria do Planejamento e Gestão do Ceará,07954480000179,ESTADO DO CEARA,N,E,2,Compras,7,Empenho,Ceará,CE,Fortaleza,907742,SESA - DEMANDA JUDICIAL,2304400
07954480000179-1-021830/2026,,,2026,36303,2026-09-26T01:15:19,PJ,66667894000186,66.667.894 IONY LARA MENDES TAVARES ALENCAR,,,,AQUISIÇÃO DE  MATERIAL PARA FESTIVIDADES E HOMENAGENS EM FAVOR DA EEEP IRMÃ ANA ZÉLIA DA FONSECA. MILAGRES - CREDE 20,1724.0,1724.0,1724.0,0.0,2026-09-22,2026-09-22,2026-12-31,,,2026-09-26T01:15:13,2026-09-26T01:15:19,False,1,0,False,False,1457405,,,,False,22001.135838/202693,07954480000179-2-036303/2026,Secretaria do Planejamento e Gestão do Ceará,07954480000179,ESTADO DO CEARA,N,E,2,Compras,7,Empenho,Ceará,CE,Milagres,228649,EEEP IRMÃ ANA ZÉLIA DA FONSECA,2308302
07954480000179-1-009805/2026,,,2026,36304,2026-09-26T01:15:27,PJ,24325496000131,CONCEICAO MARTINS DA SILVA ,,,,AQUISIÇAÕ DE MATERIAL DE ACONDICIONAMENTO E EMBALAGEM - EEMTI PADRE SARAIVA LEÃO - REDENCAO - CREDE 8 -,1042.9,1042.9,1042.9,0.0,2026-09-21,2026-09-21,2026-12-31,,,2026-09-26T01:15:23,2026-09-26T01:15:27,False,1,0,False,False,1457470,,,,False,22001.064611/202656,07954480000179-2-036304/2026,Secretaria do Planejamento e Gestão do Ceará,07954480000179,ESTADO DO CEARA,N,E,2,Compras,7,Empenho,Ceará,CE,Redenção,228410,EEM PADRE SARAIVA LEÃO,2311603
07954480000179-1-025934/2025,07954480000179-1-025934/2025-000001,,2026,36305,2026-09-26T01:15:33,PJ,21595464000168,UNI HOSPITALAR CEARA LTDA-EPP,,,,"AQUISIÇÃO DE DOXORRUBICINA (CLORIDRATO), 50MG, PO LIOFILIZADO PARA SOLUCAO INJETAVEL OU SOLUCAO INJETAVEL PRONTO PARA USO, FRASCO/AMPOLA, UNIDADE 1.0 FRASCO / AMPOLA. MARCA: GENÉRICO. PARA ATENDER A UNIDADES DE SAÚDE DO ESTADO DO CEARÁ/SESA.",8464.5,8464.5,8464.5,0.0,2026-09-18,2026-09-18,2026-12-31,,,2026-09-26T01:15:31,2026-09-26T01:15:33,False,1,0,False,False,1457515,,,,False,24001.080363/202616,07954480000179-2-036305/2026,Secretaria do Planejamento e Gestão do Ceará,07954480000179,ESTADO DO CEARA,N,E,2,Compras,7,Empenho,Ceará,CE,Fortaleza,980008,Célula de Execução de Compras de Recursos Biomédicos,2304400
07954480000179-1-022259/2026,,,2026,36306,2026-09-26T01:15:42,PJ,66848160000101,NEXUS COMERCIO E SERVICOS DE LICITACOES LTDA,,,,AQUISIÇÃO - MATERIAL DE CONSUMO - MATERIAL ELÉTRICO E ELETRÔNICO - EEMTI NOEL HUGNEN DE OLIVEIRA PAIVA -  (SEFOR 2),1228.25,1228.25,1228.25,0.0,2026-09-16,2026-09-16,2026-12-31,,,2026-09-26T01:15:37,2026-09-26T01:15:42,False,1,0,False,False,1456373,,,,False,22001.140733/202656,07954480000179-2-036306/2026,Secretaria do Planejamento e Gestão do Ceará,07954480000179,ESTADO DO CEARA,N,E,2,Compras,7,Empenho,Ceará,CE,Fortaleza,228069,EEFM NOEL HUGNEN DE OLIVEIRA PAIVA,2304400
07954480000179-1-019780/2026,07954480000179-1-019780/2026-000001,,2026,36307,2026-09-26T01:15:47,PJ,06053353000136,SANTA BRANCA DISTRIBUIDORA DE MEDICAMENTOS LTDA - EPP,,,,"AQUISIÇÃO DE MEDICAMENTO (CEAF) - DORZOLAMIDA (CLORIDRATO), 20MG/ML, SOLUCAO OFTALMICA, FRASCO 5ML",96728.8,96728.8,96728.8,0.0,2026-09-14,2026-09-14,2026-12-31,,,2026-09-26T01:15:45,2026-09-26T01:15:47,False,1,0,False,False,1456543,,,,False,24001.078664/202680,07954480000179-2-036307/2026,Secretaria do Planejamento e Gestão do Ceará,07954480000179,ESTADO DO CEARA,N,E,2,Compras,7,Empenho,Ceará,CE,Fortaleza,980008,Célula de Execução de Compras de Recursos Biomédicos,2304400
07954480000179-1-022197/2026,,,2026,36308,2026-09-26T01:15:59,PJ,25179741000102,EXPRESSO DISTRIBUIDORA EIRELI,,,,MATERIAL DE LIMPEZA E PRODUÇÃO DE HIGIENIZAÇÃO - EEMTI ELZA GOERSCH - FORQUILHA - CREDE 6 -,6640.0,6640.0,6640.0,0.0,2026-09-16,2026-09-16,2026-12-31,,,2026-09-26T01:15:51,2026-09-26T01:15:59,False,1,0,False,False,1456560,,,,False,22001.139783/202691,07954480000179-2-036308/2026,Secretaria do Planejamento e Gestão do Ceará,07954480000179,ESTADO DO CEARA,N,E,2,Compras,7,Empenho,Ceará,CE,Forquilha,228339,EEM ELZA GOERSCH,2304350
07954480000179-1-022680/2025,07954480000179-1-022680/2025-000001,,2026,36309,2026-09-26T01:16:05,PJ,07547205000130,CARDIOMEDIC DISTRIBUICAO DE PRODUTOS CARDIOLOGICOS LTDA,,,,Aquisição de material médico hospitalar de acordo com ATA 2026/26552 para atender as necessidade do HCASG.,11000.0,11000.0,11000.0,0.0,2026-09-17,2026-09-17,2026-12-31,,,2026-09-26T01:16:04,2026-09-26T01:16:05,False,1,0,False,False,1456795,,,,False,24001.069541/202658,07954480000179-2-036309/2026,Secretaria do Planejamento e Gestão do Ceará,07954480000179,ESTADO DO CEARA,N,E,2,Compras,7,Empenho,Ceará,CE,Fortaleza,241291,HOSPITAL DR CARLOS ALBERTO STUDART GOMES - MESSEJANA,2304400
07954480000179-1-024480/2024,07954480000179-1-024480/2024-000001,,2026,36310,2026-09-26T01:16:11,PJ,29931772000129,JF COMERCIO E SERVICO DE PRODUTOS VETERINARIOS LTDA,,,,AQUISIÇÃO DE MATERIAL DE CONSUMO (RAÇÃO PARA ANIMAIS) PARA ATENDER AS NECESSIDADES DA FUNECE.,47827.2,47827.2,47827.2,0.0,2026-09-15,2026-09-15,2026-12-31,,,2026-09-26T01:16:10,2026-09-26T01:16:11,False,1,0,False,False,1456828,,,,False,31032.007966/202671,07954480000179-2-036310/2026,Secretaria do Planejamento e Gestão do Ceará,07954480000179,ESTADO DO CEARA,N,E,2,Compras,7,Empenho,Ceará,CE,Fortaleza,310101,FUNDACAO UNIVERSIDADE ESTADUAL DO CEARA,2304400
07954480000179-1-019797/2026,07954480000179-1-019797/2026-000001,,2026,36311,2026-09-26T01:16:17,PJ,21595464000168,UNI HOSPITALAR CEARA LTDA-EPP,,,,"AQUISIÇÃO DE BECLOMETASONA DIPROPIONATO + FORMOTEROL FUMARATO, 100MCG/DOSE + 6MCG/DOSE, PO PARA INALACAO + DISPOSITIVO 120 DOSES PARA ATENDER DEMANDAS JUDICIAIS.",500.84,500.84,500.84,0.0,2026-09-16,2026-09-16,2026-12-31,,,2026-09-26T01:16:16,2026-09-26T01:16:17,False,1,0,False,False,1456867,,,,False,24001.078650/202666,07954480000179-2-036311/2026,Secretaria do Planejamento e Gestão do Ceará,07954480000179,ESTADO DO CEARA,N,E,2,Compras,7,Empenho,Ceará,CE,Fortaleza,907742,SESA - DEMANDA JUDICIAL,2304400
07954480000179-1-025949/2025,07954480000179-1-025949/2025-000001,,2026,36312,2026-09-26T01:16:23,PJ,39486087000194,ALRANTECH IMPORTACOES E COMERCIO LTDA,,,,"AQUISIÇÃO DE MATERIAL MÉDICO HOSPITALAR, (ELETRODO, 24FR, ALCA COM DIAMETRO 5MM, +/-1MM, HASTE 30CM, +/-1CM, PARA
UROLOGIA, BIPOLAR DE CORTE EM SOLUCAO SALINA) PARA O HOSPITAL GERAL DE FORTALEZA-HGF/SESA.",23980.0,23980.0,23980.0,0.0,2026-09-15,2026-09-15,2026-12-31,,,2026-09-26T01:16:22,2026-09-26T01:16:23,False,1,0,False,False,1456878,,,,False,24001.075677/202605,07954480000179-2-036312/2026,Secretaria do Planejamento e Gestão do Ceará,07954480000179,ESTADO DO CEARA,N,E,2,Compras,7,Empenho,Ceará,CE,Fortaleza,241281,HOSPITAL GERAL DE FORTALEZA,2304400
07954480000179-1-023434/2025,07954480000179-1-023434/2025-000001,,2026,36313,2026-09-26T01:16:29,PJ,14817957000130,CENTRAL COMÉRCIO DE PRODUTOS HOSPITALARES LTDA - ME,,,,AQUISIÇÃO DE MATERIAL FARMACOLÓGICO ATRAVÉS DA ATA DE REGISTRO DE PREÇO Nº 2026/24850,1095.0,1095.0,1095.0,0.0,2026-09-17,2026-09-17,2026-12-31,,,2026-09-26T01:16:28,2026-09-26T01:16:29,False,1,0,False,False,1456882,,,,False,24001.055942/202621,07954480000179-2-036313/2026,Secretaria do Planejamento e Gestão do Ceará,07954480000179,ESTADO DO CEARA,N,E,2,Compras,7,Empenho,Ceará,CE,Fortaleza,241561,CENTRO INTEGRADO DE DIABETES E HIPERTENSAO,2304400
07954480000179-1-026123/2025,07954480000179-1-026123/2025-000001,,2026,36314,2026-09-26T01:16:35,PJ,09092152000136,EMMARKA DISTRIBUIDORADE MEDICAMENTOS LTDA,,,,"AQUISIÇÃO DE ENOXAPARINA, SODICA, VIA DE ADMINISTRACAO SUBCUTANEA INTRAVENOSA COM DISPOSITIVO DE PROTECAO PARA DESCARTE DA AGULHA, USO EM PROFILAXIA E TRATAMENTO DA TROMBOSE VENOSA PROFUNDA, 60MG/0,6ML, PROFILAXIA E TRATAMENTO DO TROMBOEMBOLISMO PULMONAR. PARA ATENDER A UNIDADES DE SAÚDE DO ESTADO DO CEARÁ/SESA",86586.12,86586.12,86586.12,0.0,2026-09-16,2026-09-16,2026-12-31,,,2026-09-26T01:16:34,2026-09-26T01:16:35,False,1,0,False,False,1456972,,,,False,24001.079560/202692,07954480000179-2-036314/2026,Secretaria do Planejamento e Gestão do Ceará,07954480000179,ESTADO DO CEARA,N,E,2,Compras,7,Empenho,Ceará,CE,Fortaleza,980008,Célula de Execução de Compras de Recursos Biomédicos,2304400
07954480000179-1-019616/2026,,,2026,36315,2026-09-26T01:16:48,PJ,52887321000153,52.887.321 FERNANDA GONCALVES DE OLIVEIRA,,,,Aquisição de material de expediente - caixa arquivo papelão.,2200.0,1100.0,2200.0,0.0,2026-09-16,2026-09-16,2026-12-31,,,2026-09-26T01:16:42,2026-09-26T01:16:48,False,2,0,False,False,1453891,,,,False,47001.013572/202650,07954480000179-2-036315/2026,Secretaria do Planejamento e Gestão do Ceará,07954480000179,ESTADO DO CEARA,N,E,2,Compras,7,Empenho,Ceará,CE,Fortaleza,470001,"SECRETARIA DA PROTEÇÃO SOCIAL, JUSTIÇA, CIDADANIA, MULHERES E DH",2304400
07954480000179-1-021664/2026,,,2026,36316,2026-09-26T01:16:57,PJ,48208907000177,LICITACENTER COMERCIO DE MATERIAIS LTDA,,,,Aquisição para Manutenção de Bens e Imóveis - EEMTI MONSENHOR DOURADO -  (SEFOR 1),3876.4,3876.4,3876.4,0.0,2026-09-14,2026-09-14,2026-12-31,,,2026-09-26T01:16:51,2026-09-26T01:16:57,False,1,0,False,False,1454298,,,,False,22001.136828/202675,07954480000179-2-036316/2026,Secretaria do Planejamento e Gestão do Ceará,07954480000179,ESTADO DO CEARA,N,E,2,Compras,7,Empenho,Ceará,CE,Fortaleza,228035,EEFM MONSENHOR DOURADO,2304400
07954480000179-1-021504/2026,,,2026,36317,2026-09-26T01:17:12,PJ,57844287000153,M & F PRODUTOS SERVICOS E LOCACOES LTDA,,,,"AQUISIÇÃO - MATERIAL DE CONSUMO - MATERIAL DE CAMA, MESA E BANHO - EEMTI RAIMUNDO DA CUNHA BRITO - GRACA - CREDE 6",1650.0,1650.0,1650.0,0.0,2026-09-17,2026-09-17,2026-12-31,,,2026-09-26T01:17:07,2026-09-26T01:17:12,False,1,0,False,False,1455472,,,,False,22001.138301/202685,07954480000179-2-036317/2026,Secretaria do Planejamento e Gestão do Ceará,07954480000179,ESTADO DO CEARA,N,E,2,Compras,7,Empenho,Ceará,CE,Graça,228369,EEM RAIMUNDO DA CUNHA BRITO,2304657
07954480000179-1-017712/2026,,,2026,36318,2026-09-26T01:17:21,PJ,48481142000144,ATHOS NEGOCIOS E SOLUCOES LTDA,,,,MATERIAL DE LIMPEZA - EEEP MICHELSON NOBRE DA SILVA -  (SEFOR 3),5094.3,5094.3,5094.3,0.0,2026-09-15,2026-09-15,2026-12-31,,,2026-09-26T01:17:16,2026-09-26T01:17:21,False,1,0,False,False,1454964,,,,False,22001.111418/202611,07954480000179-2-036318/2026,Secretaria do Planejamento e Gestão do Ceará,07954480000179,ESTADO DO CEARA,N,E,2,Compras,7,Empenho,Ceará,CE,Fortaleza,228160,EEFM MICHELSON NOBRE DA SILVA,2304400
07954480000179-1-023300/2026,,,2026,36319,2026-09-26T01:17:31,PJ,57546670000125,LIARTES PAPELARIA LTDA,,,,AQUISIÇÃO DE MATERIAL DE EXPEDIENTE - EEMTI FRANCISCO SOARES DE OLIVEIRA - PIRES FERREIRA - CREDE 6,3613.4,3613.4,3613.4,0.0,2026-09-22,2026-09-22,2026-12-31,,,2026-09-26T01:17:25,2026-09-26T01:17:31,False,1,0,False,False,1457583,,,,False,22001.145343/202672,07954480000179-2-036319/2026,Secretaria do Planejamento e Gestão do Ceará,07954480000179,ESTADO DO CEARA,N,E,2,Compras,7,Empenho,Ceará,CE,Pires Ferreira,228347,EEM FRANCISCO SOARES DE OLIVEIRA,2310951
07954480000179-1-026103/2025,07954480000179-1-026103/2025-000001,,2026,36320,2026-09-26T01:17:36,PJ,55643555000143,INDUSTRIA FARMACEUTICA RIOQUIMICA LTDA,,,,"AQUISIÇÃO DE MATERIAL FARMACOLÓGICO, (SOLUÇÃO ANTISSEPTICA, CLOREXIDINA A 0,5%, ALCOOLICA, ) PARA O HOSPITAL GERAL DE FORTALEZA ¿ HGF / SESA. - ORDEM DE COMPRA/SERVIÇO Nº 76666/2026 - ATA DE REGISTRO DE PREÇO Nº 2026/16834.",11880.0,11880.0,11880.0,0.0,2026-09-18,2026-09-18,2026-12-31,,,2026-09-26T01:17:35,2026-09-26T01:17:36,False,1,0,False,False,1457643,,,,False,24001.076735/202618,07954480000179-2-036320/2026,Secretaria do Planejamento e Gestão do Ceará,07954480000179,ESTADO DO CEARA,N,E,2,Compras,7,Empenho,Ceará,CE,Fortaleza,241281,HOSPITAL GERAL DE FORTALEZA,2304400
07954480000179-1-026135/2025,07954480000179-1-026135/2025-000001,,2026,36321,2026-09-26T01:17:40,PJ,04307650002502, ONCO PROD DISTRIBUIDORA DE PRODUTOS HOSPITALARES E ONCOLOGICOS LTDA.,,,,"INSULINA ASPARTE, 100U/ML, SOLUCAO INJETAVEL, CANETA PREENCHIDA 3 ML",9751.5,9751.5,9751.5,0.0,2026-09-21,2026-09-21,2026-12-31,,,2026-09-26T01:17:39,2026-09-26T01:17:40,False,1,0,False,False,1457671,,,,False,24001.080346/202689,07954480000179-2-036321/2026,Secretaria do Planejamento e Gestão do Ceará,07954480000179,ESTADO DO CEARA,N,E,2,Compras,7,Empenho,Ceará,CE,Fortaleza,907742,SESA - DEMANDA JUDICIAL,2304400
07954480000179-1-021342/2026,,,2026,36322,2026-09-26T01:17:48,PJ,15368126000190,M & M ANDRADE COMERCIO VAREJISTA DE PRODUTOS DE PAPELARIA EIRELI,,,,Aquisição de gêneros alimentícios em favor da EEM PROFESSORA EUDES VERAS - MARACANAU - CREDE 1,150.0,150.0,150.0,0.0,2026-09-21,2026-09-21,2026-12-31,,,2026-09-26T01:17:44,2026-09-26T01:17:48,False,1,0,False,False,1457687,,,,False,22001.137513/202645,07954480000179-2-036322/2026,Secretaria do Planejamento e Gestão do Ceará,07954480000179,ESTADO DO CEARA,N,E,2,Compras,7,Empenho,Ceará,CE,Fortaleza,228652,EEM PROFESSORA EUDES VERAS,2304400
07954480000179-1-024967/2024,07954480000179-1-024967/2024-000001,,2026,36323,2026-09-26T01:17:54,PJ,07667561000198,ESSE ENE COMÉRCIO E SERVIÇOS LTDA,,,,Aquisição de insumos laboratoriais por meio da ATA 2026/00315 para atender as necessidades do HCASG.,228465.5,228465.5,228465.5,0.0,2026-09-21,2026-09-21,2026-12-31,,,2026-09-26T01:17:53,2026-09-26T01:17:54,False,1,0,False,False,1457784,,,,False,24001.078072/202668,07954480000179-2-036323/2026,Secretaria do Planejamento e Gestão do Ceará,07954480000179,ESTADO DO CEARA,N,E,2,Compras,7,Empenho,Ceará,CE,Fortaleza,241291,HOSPITAL DR CARLOS ALBERTO STUDART GOMES - MESSEJANA,2304400
07954480000179-1-018932/2025,07954480000179-1-018932/2025-000001,,2026,36324,2026-09-26T01:18:03,PJ,06342699000154,PRISMA DISTRIBUIDORA DE PAPEIS LTDA,,,,"Aquisições de material de consumo ¿ utensílios de limpeza, para atender a necessidade do HEMOCE, através de entrega imediata, OC 79839/2026, ARP 2026/27516, PE 0026/2025.",4686.0,4686.0,4686.0,0.0,2026-09-22,2026-09-22,2026-12-31,,,2026-09-26T01:18:01,2026-09-26T01:18:03,False,1,0,False,False,1458095,,,,False,24001.080690/202678,07954480000179-2-036324/2026,Secretaria do Planejamento e Gestão do Ceará,07954480000179,ESTADO DO CEARA,N,E,2,Compras,7,Empenho,Ceará,CE,Fortaleza,240424,CENTRO DE HEMATOLOGIA E HEMOTERAPIA DO CEARA  ,2304400
07954480000179-1-024038/2024,07954480000179-1-024038/2024-000001,,2026,36325,2026-09-26T01:18:10,PJ,26383079000170,NUTRIENTES MED DISTRIBUIDORA DE MEDICAMENTOS LTDA - ME,,,,"AQUISIÇÃO DE  LUVA, CIRURGICA ESTERIL, N° 6,5, MINIMO 26CM, LATEX DE BORRACHA NATURAL /  LUVA, CIRURGICA ESTERIL, N° 7,0, MINIMO 27CM, LATEX BORRACHA NATURAL, FORMATO ANATOMICO LUBRIFICADA COM MATERIAL ATOXICO E APIROGENICO / LUVA, CIRURGICA ESTERIL, N° 8,0, MINIMO 27CM, EM LATEX NATURAL, FORMATO ANATOMICO, LUBRIFICADA, MATERIAL ATOXICO E APIROGENICO, PARA ATENDER A UNIDADES DE SAÚDE DO ESTADO DO CEARÁ/SESA",53900.0,53900.0,53900.0,0.0,2026-09-22,2026-09-22,2026-12-31,,,2026-09-26T01:18:07,2026-09-26T01:18:10,False,1,0,False,False,1458131,,,,False,24001.080965/202673,07954480000179-2-036325/2026,Secretaria do Planejamento e Gestão do Ceará,07954480000179,ESTADO DO CEARA,N,E,2,Compras,7,Empenho,Ceará,CE,Fortaleza,980008,Célula de Execução de Compras de Recursos Biomédicos,2304400
07954480000179-1-026384/2025,07954480000179-1-026384/2025-000001,,2026,36326,2026-09-26T01:18:16,PJ,26383079000170,NUTRIENTES MED DISTRIBUIDORA DE MEDICAMENTOS LTDA - ME,,,,"FRASCO PARA DIETA ENTERAL, 300ML, POLIETILENO, GARGALHO ADEQUADO, TRANSPARENTE, MATERIAL ATOXICO, GRADUACAO A CADA 10 - 50ML, TAMPA ENROSCADA",25647.0,25647.0,25647.0,0.0,2026-09-22,2026-09-22,2026-12-31,,,2026-09-26T01:18:14,2026-09-26T01:18:16,False,1,0,False,False,1458222,,,,False,24001.081040/202640,07954480000179-2-036326/2026,Secretaria do Planejamento e Gestão do Ceará,07954480000179,ESTADO DO CEARA,N,E,2,Compras,7,Empenho,Ceará,CE,Fortaleza,980008,Célula de Execução de Compras de Recursos Biomédicos,2304400
07954480000179-1-003485/2023,07954480000179-1-003485/2023-000001,,2026,36327,2026-09-26T01:18:25,PJ,11914096000110,PH & B COMERCIO E SERVICOS EIRELI -ME,,,,Aquisição de gênero alimentício por meio da ATA N° 2026/13659 para atender as necessidades do HCASG.,29849.0,29849.0,29849.0,0.0,2026-09-23,2026-09-23,2026-12-31,,,2026-09-26T01:18:23,2026-09-26T01:18:25,False,1,0,False,False,1458392,,,,False,24001.075330/202654,07954480000179-2-036327/2026,Secretaria do Planejamento e Gestão do Ceará,07954480000179,ESTADO DO CEARA,N,E,2,Compras,7,Empenho,Ceará,CE,Fortaleza,241291,HOSPITAL DR CARLOS ALBERTO STUDART GOMES - MESSEJANA,2304400
07954480000179-1-003485/2023,07954480000179-1-003485/2023-000001,,2026,36328,2026-09-26T01:18:34,PJ,15099833000129,L F S COMERCIO E IMPORTACAO DE ALIMENTOS LTDA,,,,Aquisição de gênero alimentício por meio da ATA N° 2026/13659 para atender as necessidades do HCASG.,45986.0,45986.0,45986.0,0.0,2026-09-23,2026-09-23,2026-12-31,,,2026-09-26T01:18:32,2026-09-26T01:18:34,False,1,0,False,False,1458396,,,,False,24001.064610/202637,07954480000179-2-036328/2026,Secretaria do Planejamento e Gestão do Ceará,07954480000179,ESTADO DO CEARA,N,E,2,Compras,7,Empenho,Ceará,CE,Fortaleza,241291,HOSPITAL DR CARLOS ALBERTO STUDART GOMES - MESSEJANA,2304400
07954480000179-1-010388/2026,07954480000179-1-010388/2026-000001,,2026,36329,2026-09-26T01:18:41,PJ,59309302000199,INJEX INDUSTRIAS CIRURGICAS LTDA,,,,"AQUSIÇÃO DE SERINGA, SEM AGULHA, BICO LUER SLIP, EM POLIPROPILENO/PLASTICO TRANSPARENTE, DESCARTAVEL 20ML PAARA ATENDER A UNIDADES DE SAÚDE DO ESTADO DO CEARÁ/SESA.",47355.0,47355.0,47355.0,0.0,2026-09-23,2026-09-23,2026-12-31,,,2026-09-26T01:18:39,2026-09-26T01:18:41,False,1,0,False,False,1458417,,,,False,24001.081490/202632,07954480000179-2-036329/2026,Secretaria do Planejamento e Gestão do Ceará,07954480000179,ESTADO DO CEARA,N,E,2,Compras,7,Empenho,Ceará,CE,Fortaleza,980008,Célula de Execução de Compras de Recursos Biomédicos,2304400
07954480000179-1-002437/2023,07954480000179-1-002437/2023-000001,,2026,36330,2026-09-26T01:18:48,PJ,59309302000199,INJEX INDUSTRIAS CIRURGICAS LTDA,,,,"AQUISIÇÃO DE AGULHA DESCARTAVEL, BIANGULADO, PROTETOR DE ENCAIXE FIRME, CONECTOR, CODIFICADO POR CORES, 25X7, CANULA DE ACO INOX, SILICONIZADA, BISEL
TRIFACETADO, PROPORCIONANDO BOM CORTE, PARA ATENDER A UNIDADES DE SAÚDE DO ESTADO DO CEARÁ/SESA.",1840.0,1840.0,1840.0,0.0,2026-09-23,2026-09-23,2026-12-31,,,2026-09-26T01:18:47,2026-09-26T01:18:48,False,1,0,False,False,1458435,,,,False,24001.081509/202641,07954480000179-2-036330/2026,Secretaria do Planejamento e Gestão do Ceará,07954480000179,ESTADO DO CEARA,N,E,2,Compras,7,Empenho,Ceará,CE,Fortaleza,980008,Célula de Execução de Compras de Recursos Biomédicos,2304400
07954480000179-1-021658/2026,,,2026,36331,2026-09-26T01:18:57,PJ,59118704000106,59.118.704 GLERISTON SOUSA DIAS,,,,MATERIAL HOSPITALAR - EEMTI SENADOR FERNANDES TÁVORA -  (SEFOR 3),192.0,192.0,192.0,0.0,2026-09-23,2026-09-23,2026-12-31,,,2026-09-26T01:18:52,2026-09-26T01:18:57,False,1,0,False,False,1458573,,,,False,22001.133006/202632,07954480000179-2-036331/2026,Secretaria do Planejamento e Gestão do Ceará,07954480000179,ESTADO DO CEARA,N,E,2,Compras,7,Empenho,Ceará,CE,Fortaleza,228115,EEFM SENADOR FERNANDES TÁVORA,2304400
07954480000179-1-025400/2025,07954480000179-1-025400/2025-000001,,2026,36332,2026-09-26T01:19:04,PJ,21595464000168,UNI HOSPITALAR CEARA LTDA-EPP,,,,"AQUISIÇÃO DE ALTEPLASE, 50MG, PO LIOFILIZADO PARA SOLUCAO INJETAVEL, FRASCO/AMPOLA + DILUENTE 50ML, FRASCO 1.0 AMPOLA. MARCA: ACTILYSE. PARA ATENDER A UNIDADES DE SAÚDE DO ESTADO DO CEARÁ/SESA.",705587.4,705587.4,705587.4,0.0,2026-09-23,2026-09-23,2026-12-31,,,2026-09-26T01:19:02,2026-09-26T01:19:04,False,1,0,False,False,1458624,,,,False,24001.081559/202628,07954480000179-2-036332/2026,Secretaria do Planejamento e Gestão do Ceará,07954480000179,ESTADO DO CEARA,N,E,2,Compras,7,Empenho,Ceará,CE,Fortaleza,980008,Célula de Execução de Compras de Recursos Biomédicos,2304400
07954480000179-1-022019/2026,,,2026,36333,2026-09-26T01:20:24,PJ,41322314000198,F & L COMERCIO & SERVICOS LTDA,,,,COTAÇÃO ELETRÔNICA 34/2026 - AQUISIÇÃO DE SERVIÇOS TERCEIROS - FESTIVIDADE E HOMENAGENS EM PROL DA EEEP PROFESSORA ABIGAIL SAMPAIO - PARACURU - CREDE 2,1280.0,1280.0,1280.0,0.0,2026-09-14,2026-09-24,2027-09-24,,,2026-09-26T01:20:18,2026-09-26T01:20:24,False,1,0,False,False,1457313,,,,,22001.140345/202675,07954480000179-2-036333/2026,Secretaria do Planejamento e Gestão do Ceará,07954480000179,ESTADO DO CEARA,N,E,8,Serviços,1,Contrato (termo inicial),Ceará,CE,Paracuru,228268,EEEP PROFESSORA ABIGAIL SAMPAIO,2310209
07954480000179-1-019165/2026,,,2026,36334,2026-09-26T01:20:26,PJ,19295403000133,N MAYARA DO CARMO DE OLIVEIRA,,,,"Aquisição de material de consumo (cloro em pó, pano de chão, etc), por 12 (doze) meses , para atender as necessidades do HCASG.",1230.0,102.5,1230.0,0.0,2026-09-22,2026-09-29,2027-09-29,,,2026-09-26T01:20:26,2026-09-26T01:20:26,False,12,0,False,False,1458547,,,,,24001.007139/202680,07954480000179-2-036334/2026,Secretaria do Planejamento e Gestão do Ceará,07954480000179,ESTADO DO CEARA,N,E,2,Compras,1,Contrato (termo inicial),Ceará,CE,Fortaleza,241291,HOSPITAL DR CARLOS ALBERTO STUDART GOMES - MESSEJANA,2304400
07954480000179-1-020191/2026,,,2026,36335,2026-09-26T01:20:33,PJ,56942527000190,PANMEDICA NEGOCIOS HOSPITALARES LTDA,,,,"INEXIGIBILIDADE DE LICITAÇÃO PARA AQUISIÇÃO DE INSUMOS HOSPITALAR - (CONJUNTOS COMPLETOS DE PEÇA DE MÃO ULTRASSÔNICA MICRO (CANETA MICROASPIRADORA) ¿ E SEUS RESPECTIVOS ACESSÓRIOS DE PROTEÇÃO, ACONDICIONAMENTO E ESTERILIZAÇÃO, COMPATÍVEIS COM OS GERADORES ASPIRADORES ULTRASSÔNICOS SONOCA 300, MARCA SÖRING), PELO PERÍODO DE 12 (DOZE) MESES, PARA SUPRIR AS NECESSIDADES OPERACIONAIS DO HOSPITAL GERAL DE FORTALEZA - HGF, UNIDADE VINCULADA À SECRETARIA DA SAÚDE DO ESTADO DO CEARÁ (SESA).",208948.0,17412.3333,208948.0,0.0,2026-09-21,2026-09-29,2027-09-29,,,2026-09-26T01:20:29,2026-09-26T01:20:33,False,12,0,False,False,1458830,,,,,24001.051125/202601,07954480000179-2-036335/2026,Secretaria do Planejamento e Gestão do Ceará,07954480000179,ESTADO DO CEARA,N,E,2,Compras,1,Contrato (termo inicial),Ceará,CE,Fortaleza,241281,HOSPITAL GERAL DE FORTALEZA,2304400
07954480000179-1-022205/2026,,,2026,36336,2026-09-26T01:20:39,PJ,64525577000108,GCI ENGENHARIA E SEGURANCA DO TRABALHO LTDA,,,,Prestação dos serviços  de elaboração e implementação do Plano de Gerenciamento de Resíduos de Serviços de Saúde - PGRSS para atender as necessidades da Perícia Forense do Estado do Ceará e seus Núcleos Regionais.,16500.0,16500.0,16500.0,0.0,2026-09-23,2026-09-29,2027-09-29,,,2026-09-26T01:20:35,2026-09-26T01:20:39,False,1,0,False,False,1458801,,,,,10011.005919/202661,07954480000179-2-036336/2026,Secretaria do Planejamento e Gestão do Ceará,07954480000179,ESTADO DO CEARA,N,E,8,Serviços,1,Contrato (termo inicial),Ceará,CE,Fortaleza,101071,PERICIA FORENSE DO ESTADO DO CEARA,2304400
07954480000179-1-008516/2026,,,2026,36337,2026-09-26T01:20:45,PJ,04219922000145,TEMPO ENGENHARIA LTDA,,,,CONSTRUÇÃO DE SALA DE AULA - EEM JÚLIA ALENQUER FONTENELE - PINDORETAMA - CREDE 9 -,94497.0,94497.0,94497.0,0.0,2026-09-15,2026-09-29,2027-09-29,,,2026-09-26T01:20:41,2026-09-26T01:20:45,False,1,0,False,False,1457864,,,,,22001.067065/202613,07954480000179-2-036337/2026,Secretaria do Planejamento e Gestão do Ceará,07954480000179,ESTADO DO CEARA,N,E,7,Obras,1,Contrato (termo inicial),Ceará,CE,Pindoretama,228421,EEM JÚLIA ALENQUER FONTENELE,2310852
07954480000179-1-021917/2026,,,2026,36338,2026-09-26T01:20:53,PJ,51158968000181,"CAPISTRANO DEDETIZADORA, COMERCIO E SERVICOS LTDA",,,,AQUISIÇÃO - SERVIÇOS DE TERCEIROS - LIMPEZA E CONSERVAÇÃO  - EEMTI ANTONIO GERALDO DE LIMA - ITAITINGA - CREDE 1 -,1590.0,1590.0,1590.0,0.0,2026-09-14,2026-09-29,2027-09-29,,,2026-09-26T01:20:47,2026-09-26T01:20:53,False,1,0,False,False,1457825,,,,,22001.123999/202634,07954480000179-2-036338/2026,Secretaria do Planejamento e Gestão do Ceará,07954480000179,ESTADO DO CEARA,N,E,8,Serviços,1,Contrato (termo inicial),Ceará,CE,Itaitinga,228227,EEM ANTONIO GERALDO DE LIMA,2306256
07954480000179-1-020472/2026,,,2026,36339,2026-09-26T01:21:33,PJ,51044835000184,DISTRIMIX SOLUÇÕES & SERVIÇOS BRASIL LTDA,,,,AQUISIÇÃO DE GÊNEROS ALIMENTÍCIOS (ALIMENTAÇÃO ESCOLAR) EM FAVOR DA EEMTI DE BATURITÉ - BATURITE - CREDE 8,5027.45,5027.45,5027.45,0.0,2026-09-11,2026-09-29,2027-09-29,,,2026-09-26T01:21:27,2026-09-26T01:21:33,False,1,0,False,False,1454166,,,,,22001.132163/202621,07954480000179-2-036339/2026,Secretaria do Planejamento e Gestão do Ceará,07954480000179,ESTADO DO CEARA,N,E,2,Compras,1,Contrato (termo inicial),Ceará,CE,Baturité,229331,ESCOLA DE ENSINO MEDIO EM TEMPO INTEGRAL DE BATURITE,2302107
07954480000179-1-022200/2026,,,2026,36340,2026-09-26T01:21:47,PJ,46154250000187,INTERLOC EMPREENDIMENTOS LTDA,,,,SERVIÇOS DE TERCEIROS - MANUTENÇÃO E CONSERVAÇÃO DE BENS IMÓVEIS - EEMTI CÔNEGO LUIZ BRAGA ROCHA - IBARETAMA - CREDE 12,31197.6,31197.6,31197.6,0.0,2026-09-14,2026-09-29,2027-09-29,,,2026-09-26T01:21:43,2026-09-26T01:21:47,False,1,0,False,False,1457628,,,,,22001.087277/202617,07954480000179-2-036340/2026,Secretaria do Planejamento e Gestão do Ceará,07954480000179,ESTADO DO CEARA,N,E,8,Serviços,1,Contrato (termo inicial),Ceará,CE,Ibaretama,228481,EEM CÔNEGO LUIZ BRAGA ROCHA,2305266
07954480000179-1-021773/2026,,,2026,36341,2026-09-26T01:21:57,PJ,24317997000176,24.317.997 NAIME CAVALCANTE AUR,,,,AQUISIÇÃO - SERVIÇOS DE TERCEIROS - FORNECIMENTO DE ALIMENTAÇÃO - (SERVIÇO DE BUFFET) - EEMTI JOSÉ JOACY PEREIRA - ARATUBA - CREDE 8 -,6598.0,6598.0,6598.0,0.0,2026-09-17,2026-09-29,2027-09-29,,,2026-09-26T01:21:53,2026-09-26T01:21:57,False,1,0,False,False,1458088,,,,,22001.137759/202617,07954480000179-2-036341/2026,Secretaria do Planejamento e Gestão do Ceará,07954480000179,ESTADO DO CEARA,N,E,2,Compras,1,Contrato (termo inicial),Ceará,CE,Aratuba,228411,EEM JOSÉ JOACY PEREIRA,2301406
07954480000179-1-015689/2026,,,2026,36342,2026-09-26T01:22:05,PJ,25193345000130,HAELE COMERCIO E SERVICOS DIGITAIS LTDA,,,,AQUISIÇÃO DE SERVIÇOS GRÁFICOS E EDITORIAIS - 4º COLÉGIO DA POLÍCIA MILITAR DO CEARÁ MINISTRO JARBAS PASSARINHO - SOBRAL - CREDE 6,4999.0,4999.0,4999.0,0.0,2026-09-21,2026-09-29,2027-09-29,,,2026-09-26T01:21:59,2026-09-26T01:22:05,False,1,0,False,False,1458066,,,,,22001.097731/202630,07954480000179-2-036342/2026,Secretaria do Planejamento e Gestão do Ceará,07954480000179,ESTADO DO CEARA,N,E,8,Serviços,1,Contrato (termo inicial),Ceará,CE,Sobral,228359,EEFM MINISTRO JARBAS PASSARINHO,2312908
07954480000179-1-002849/2024,,,2026,36343,2026-09-26T01:22:11,PJ,13272584000104,RESMEDICAL EQUIPAMENTOS HOSPITALARES LTDA  EPP,,,,"INEXIGIBILIDADE DE LICITAÇÃO PARA QUE SEJA REALIZADO A CONTRATAÇÃO DE EMPRESA ESPECIALIZADA COM O OBJETIVO DE EXECUTAR SERVIÇOS DE MANUTENÇÃO CORRETIVA, PREVENTIVA, CALIBRAÇÃO E ANÁLISE DE SEGURANÇA ELÉTRICA, PARA 11 (ONZE) EQUIPAMENTOS DO TIPO VENTILADOR PULMONAR MODELO SERVO AIR MARCA MAQUET, PARA ATENDER AS NECESSIDADES DO HOSPITAL GERAL DE FORTALEZA - HGF/SESA, POR UM PRAZO DE 12 (DOZE) MESES.",330000.0,27500.0,330000.0,0.0,2026-09-18,2026-09-25,2027-09-25,,,2026-09-26T01:22:07,2026-09-26T01:22:11,False,12,0,False,False,1458181,,,,,24001.014734/202418,07954480000179-2-036343/2026,Secretaria do Planejamento e Gestão do Ceará,07954480000179,ESTADO DO CEARA,N,E,8,Serviços,1,Contrato (termo inicial),Ceará,CE,Fortaleza,241281,HOSPITAL GERAL DE FORTALEZA,2304400
07954480000179-1-009390/2026,,,2026,36344,2026-09-26T01:22:17,PJ,03967966000190,ENFERMED COMERCIO DE MATERIAIS MEDICO-HOSPITALARES LTDA,,,,"Aquisição de material médico hospitalar (kit injeção de contraste, extensor, catéter nasal tipo óculos, etc) por 12 (doze) meses para atender as necessidades do HCASG.",863040.0,71920.0,863040.0,0.0,2026-09-22,2026-09-29,2027-09-29,,,2026-09-26T01:22:13,2026-09-26T01:22:17,False,12,0,False,False,1458671,,,,,24001.024516/202645,07954480000179-2-036344/2026,Secretaria do Planejamento e Gestão do Ceará,07954480000179,ESTADO DO CEARA,N,E,2,Compras,1,Contrato (termo inicial),Ceará,CE,Fortaleza,241291,HOSPITAL DR CARLOS ALBERTO STUDART GOMES - MESSEJANA,2304400
07954480000179-1-023287/2026,,,2026,36345,2026-09-26T01:22:41,PJ,66725041000153,66.725.041 MARCELO PEQUENO BARBOSA,,,,MANUTENÇÃO E CONSERVAÇÃO DE BENS MÓVEIS DE OUTRAS NATUREZAS; SUPERINTENDÊNCIA DAS ESCOLAS ESTADUAIS DE FORTALEZA (SEFOR 2),4600.0,4600.0,4600.0,0.0,2026-09-17,2026-09-29,2027-09-29,,,2026-09-26T01:22:37,2026-09-26T01:22:41,False,1,0,False,False,1457632,,,,,22001.142281/202647,07954480000179-2-036345/2026,Secretaria do Planejamento e Gestão do Ceará,07954480000179,ESTADO DO CEARA,N,E,8,Serviços,1,Contrato (termo inicial),Ceará,CE,Fortaleza,221002,SUPERINTENDENCIA DAS ESCOLAS ESTADUAIS DE FORTALEZA - SEFOR2,2304400
07954480000179-1-020554/2026,,,2026,36346,2026-09-26T01:23:14,PJ,40841585000197,MIDAS DISTRIBUIDORA DE GAS LTDA,,,,"Aquisição de Material de Consumo - Gás Engarrafado (Gás de Cozinha Botijão 13,0 quilograma) - EEMTI MIGUEL CARNEIRO DA CUNHA - TIANGUA - CREDE 5",1760.0,1760.0,1760.0,0.0,2026-09-02,2026-09-29,2027-02-26,,,2026-09-26T01:23:09,2026-09-26T01:23:14,False,1,0,False,False,1455258,,,,,22001.132842/202608,07954480000179-2-036346/2026,Secretaria do Planejamento e Gestão do Ceará,07954480000179,ESTADO DO CEARA,N,E,2,Compras,1,Contrato (termo inicial),Ceará,CE,Tianguá,228755,EEM MIGUEL CARNEIRO DA CUNHA,2313401
07954480000179-1-010926/2026,,,2026,36347,2026-09-26T01:23:28,PJ,24278025000110,GRAFICA & EDITORA FORTAL PRINT LTDA,,,,SERVIÇOS GRÁFICOS E EDITORIAIS - EEM HERMÍNIO BARROSO - PARACURU - CREDE 2,2695.0,2695.0,2695.0,0.0,2026-09-16,2026-09-29,2027-09-29,,,2026-09-26T01:23:20,2026-09-26T01:23:28,False,1,0,False,False,1458085,,,,,22001.076506/202660,07954480000179-2-036347/2026,Secretaria do Planejamento e Gestão do Ceará,07954480000179,ESTADO DO CEARA,N,E,8,Serviços,1,Contrato (termo inicial),Ceará,CE,Paracuru,228245,EEM HERMÍNIO BARROSO,2310209
07954480000179-1-022911/2026,,,2026,36348,2026-09-26T01:23:33,PJ,65251949000100,MEGA GROUP COMERCIO E SERVICOS LTDA,,,,AQUISIÇÃO - SEVIÇOS DE TERCEIROS (REPASSE PARA MANUTENÇÃO DE ESCOLAS) EM FAVOR DA EEM JOSE BEZERRA MENEZES - JUAZEIRO DO NORTE - CREDE 19 -,25800.0,25800.0,25800.0,0.0,2026-09-18,2026-09-18,2027-04-05,,,2026-09-26T01:23:31,2026-09-26T01:23:33,False,1,0,False,False,1457881,,,,,22001.142144/202611,07954480000179-2-036348/2026,Secretaria do Planejamento e Gestão do Ceará,07954480000179,ESTADO DO CEARA,N,E,8,Serviços,1,Contrato (termo inicial),Ceará,CE,Juazeiro do Norte,228609,EEFM JOSÉ BEZERRA MENEZES,2307304
07954480000179-1-022627/2026,,,2026,36349,2026-09-26T01:24:45,PJ,48394531000132,CAMELOS COMERCIAL LTDA,,,,GÊNEROS DA ALIMENTAÇÃO ESCOLAR - EEMTI ANTONIO LUIZ COELHO - MARANGUAPE - CREDE 1 -,21102.8,21102.8,21102.8,0.0,2026-09-10,2026-09-29,2027-09-29,,,2026-09-26T01:24:41,2026-09-26T01:24:45,False,1,0,False,False,1457621,,,,,22001.141803/202693,07954480000179-2-036349/2026,Secretaria do Planejamento e Gestão do Ceará,07954480000179,ESTADO DO CEARA,N,E,2,Compras,1,Contrato (termo inicial),Ceará,CE,Maranguape,228217,EEM ANTONIO LUIS COELHO,2307700
07954480000179-1-022724/2026,,,2026,36350,2026-09-26T01:24:52,PJ,48394531000132,CAMELOS COMERCIAL LTDA,,,,AQUISIÇÃO - MATERIAL DE CONSUMO - GÊNEROS DE ALIMENTAÇÃO - EEMTI JANGURUSSU - EEMTI ALMIRANTE TAMANDARÉ - (SEFOR 2),5780.0,5780.0,5780.0,0.0,2026-09-11,2026-09-29,2027-09-29,,,2026-09-26T01:24:47,2026-09-26T01:24:52,False,1,0,False,False,1457564,,,,,22001.143092/202691,07954480000179-2-036350/2026,Secretaria do Planejamento e Gestão do Ceará,07954480000179,ESTADO DO CEARA,N,E,2,Compras,1,Contrato (termo inicial),Ceará,CE,Fortaleza,228105,EEFM ALMIRANTE TAMANDARÉ,2304400
07954480000179-1-011679/2026,,,2026,36351,2026-09-26T01:24:59,PJ,07905082000162,DELTAPAG SOLUCOES DE PAGAMENTO LTDA,,,,"Locação de máquinas de cartão de crédito e débito, com operação em PIX e Integração do sistema de pagamentos ao e-commerce para atender as lojas da Ceart",7990.0,665.8333,7990.0,0.0,2026-09-10,2026-09-10,2027-09-10,,,2026-09-26T01:24:54,2026-09-26T01:24:59,False,12,0,False,False,1458295,,,,,47001.003709/202668,07954480000179-2-036351/2026,Secretaria do Planejamento e Gestão do Ceará,07954480000179,ESTADO DO CEARA,N,E,8,Serviços,1,Contrato (termo inicial),Ceará,CE,Fortaleza,470001,"SECRETARIA DA PROTEÇÃO SOCIAL, JUSTIÇA, CIDADANIA, MULHERES E DH",2304400
07954480000179-1-021249/2026,,,2026,36352,2026-09-26T01:25:09,PJ,24278025000110,GRAFICA & EDITORA FORTAL PRINT LTDA,,,,Serviços gráficos em favor da EEMTI André Cartaxo - MAURITI - CREDE 20,5730.0,5730.0,5730.0,0.0,2026-09-17,2026-09-17,2027-09-16,,,2026-09-26T01:25:02,2026-09-26T01:25:09,False,1,0,False,False,1457854,,,,,22001.112008/202698,07954480000179-2-036352/2026,Secretaria do Planejamento e Gestão do Ceará,07954480000179,ESTADO DO CEARA,N,E,8,Serviços,1,Contrato (termo inicial),Ceará,CE,Mauriti,228632,EEM ANDRÉ CARTAXO,2308104
07954480000179-1-020472/2026,,,2026,36353,2026-09-26T01:25:38,PJ,59308009000107,ACM COMERCIAL E SERVICOS LTDA,,,,AQUISIÇÃO DE GÊNEROS ALIMENTÍCIOS (ALIMENTAÇÃO ESCOLAR) EM FAVOR DA EEMTI DE BATURITÉ - BATURITE - CREDE 8,1540.0,1540.0,1540.0,0.0,2026-09-11,2026-09-29,2027-09-29,,,2026-09-26T01:25:30,2026-09-26T01:25:38,False,1,0,False,False,1454163,,,,,22001.132163/202621,07954480000179-2-036353/2026,Secretaria do Planejamento e Gestão do Ceará,07954480000179,ESTADO DO CEARA,N,E,2,Compras,1,Contrato (termo inicial),Ceará,CE,Baturité,229331,ESCOLA DE ENSINO MEDIO EM TEMPO INTEGRAL DE BATURITE,2302107
07954480000179-1-020735/2026,,,2026,36354,2026-09-26T01:26:04,PJ,32762666000173,32.762.666 MARIA THAYNARA ALVES RODRIGUES,,,,FESTIVIDADES E HOMENAGENS 2026 - EEMTI PROFESSOR CLODOALDO PINTO - MARACANAU - CREDE 1 -,10892.4,10892.4,10892.4,0.0,2026-09-14,2026-09-29,2027-09-29,,,2026-09-26T01:25:55,2026-09-26T01:26:04,False,1,0,False,False,1457868,,,,,22001.133630/202630,07954480000179-2-036354/2026,Secretaria do Planejamento e Gestão do Ceará,07954480000179,ESTADO DO CEARA,N,E,8,Serviços,1,Contrato (termo inicial),Ceará,CE,Maracanaú,228187,EEM PROFESSOR CLODOALDO PINTO,2307650
07954480000179-1-019165/2026,,,2026,36355,2026-09-26T01:26:41,PJ,12309446000181,WELLINGTON IZIDIO DE OLIVEIRA,,,,"Aquisição de material de consumo (cloro em pó, pano de chão, etc), por 12 (doze) meses , para atender as necessidades do HCASG.",30096.0,2508.0,30096.0,0.0,2026-09-16,2026-09-29,2027-09-29,,,2026-09-26T01:26:41,2026-09-26T01:26:41,False,12,0,False,False,1458551,,,,,24001.007139/202680,07954480000179-2-036355/2026,Secretaria do Planejamento e Gestão do Ceará,07954480000179,ESTADO DO CEARA,N,E,2,Compras,1,Contrato (termo inicial),Ceará,CE,Fortaleza,241291,HOSPITAL DR CARLOS ALBERTO STUDART GOMES - MESSEJANA,2304400
07954480000179-1-022139/2026,,,2026,36356,2026-09-26T01:26:54,PJ,61804846000179,EDIFICA CONCEPT LTDA,,,,AQUISIÇÃO - SERVIÇOS DE TERCEIROS - OUTROS SERVIÇOS DE TERCEIROS (ECONOMIA DA ECONOMIA) - EEMTI JUVÊNCIO BARRETO - CRATO - CREDE 18,2250.0,2250.0,2250.0,0.0,2026-09-15,2026-09-15,2027-09-14,,,2026-09-26T01:26:46,2026-09-26T01:26:54,False,1,0,False,False,1457896,,,,,22001.140565/202607,07954480000179-2-036356/2026,Secretaria do Planejamento e Gestão do Ceará,07954480000179,ESTADO DO CEARA,N,E,8,Serviços,1,Contrato (termo inicial),Ceará,CE,Crato,228581,EEFM JUVÊNCIO BARRETO,2304202
07954480000179-1-022125/2026,,,2026,36357,2026-09-26T01:27:06,PJ,32762666000173,32.762.666 MARIA THAYNARA ALVES RODRIGUES,,,,Festividades e Homenagens - EEM GOVERNADOR ADAUTO BEZERRA - (SEFOR 3),13316.0,13316.0,13316.0,0.0,2026-09-18,2026-09-29,2027-09-29,,,2026-09-26T01:26:58,2026-09-26T01:27:06,False,1,0,False,False,1457831,,,,,22001.138614/202633,07954480000179-2-036357/2026,Secretaria do Planejamento e Gestão do Ceará,07954480000179,ESTADO DO CEARA,N,E,8,Serviços,1,Contrato (termo inicial),Ceará,CE,Fortaleza,228108,EEM GOVERNADOR ADAUTO BEZERRA,2304400
07954480000179-1-019451/2026,,,2026,36358,2026-09-26T01:27:17,PJ,27614808000204,CHRISTIANNE AMORIM BENJAMIN COMERCIO DE AGUAS,,,,"DISPENSA DE LICITAÇÃO PARA AQUISIÇÃO DE ÁGUA MINERAL, NATURAL DA FONTE, SEM GÁS, CONSUMO HUMANO, PELO PERÍODO DE 12 (DOZE) MESES, PARA SUPRIR AS NECESSIDADES OPERACIONAIS DO HOSPITAL GERAL DE FORTALEZA - HGF, UNIDADE VINCULADA À SECRETARIA DA SAÚDE DO ESTADO DO CEARÁ (SESA).",126000.0,10500.0,126000.0,0.0,2026-09-23,2026-09-29,2027-09-29,,,2026-09-26T01:27:09,2026-09-26T01:27:17,False,12,0,False,False,1458813,,,,,24001.053083/202635,07954480000179-2-036358/2026,Secretaria do Planejamento e Gestão do Ceará,07954480000179,ESTADO DO CEARA,N,E,2,Compras,1,Contrato (termo inicial),Ceará,CE,Fortaleza,241281,HOSPITAL GERAL DE FORTALEZA,2304400
07954480000179-1-018991/2026,,,2026,36359,2026-09-26T01:27:22,PJ,53254670000109,EB DISTRIBUIDORA LTDA,,,,"Aquisição de MATERIAIS PARA ACONDICIONAMENTO E EMBALAGENS DE USO CONTÍNUO, com entrega parcelada, para suprir o HEMOCE pelo período de 05 (cinco) anos, nas condições estabelecidas neste contrato e no Termo de Referência do edital e na proposta do CONTRATADO.",77317.5,6443.125,77317.5,0.0,2026-09-23,2026-09-29,2027-09-29,,,2026-09-26T01:27:21,2026-09-26T01:27:22,False,12,0,False,False,1458884,,,,,24001.019879/202669,07954480000179-2-036359/2026,Secretaria do Planejamento e Gestão do Ceará,07954480000179,ESTADO DO CEARA,N,E,2,Compras,1,Contrato (termo inicial),Ceará,CE,Fortaleza,240424,CENTRO DE HEMATOLOGIA E HEMOTERAPIA DO CEARA  ,2304400
07954480000179-1-004206/2024,07954480000179-1-004206/2024-000001,,2026,36360,2026-09-26T01:28:05,PJ,10394436000166,BOA VISTA COMERCIAL E SERVIÇOS LTDA - EPP,,,,Aquisição de Gêneros Alimentícios para EEMTI Manuel Satiro - JAGUARUANA - CREDE 10 -,31312.0,31312.0,31312.0,0.0,2026-08-14,2026-09-29,2027-09-29,,,2026-09-26T01:28:05,2026-09-26T01:28:05,False,1,0,False,False,1450959,,,,,22001.134134/202601,07954480000179-2-036360/2026,Secretaria do Planejamento e Gestão do Ceará,07954480000179,ESTADO DO CEARA,N,E,2,Compras,1,Contrato (termo inicial),Ceará,CE,Jaguaruana,228435,EEM MANUEL SÁTIRO,2307007
07954480000179-1-022394/2026,,,2026,36361,2026-09-26T01:28:53,PJ,36244654000108,C M COMERCIAL E SERVICOS LTDA,,,,GÊNEROS ALIMENTÍCIOS - EEMTI SÃO JOÃO PIAMARTA - (SEFOR 3),1902.5,1902.5,1902.5,0.0,2026-09-14,2026-09-29,2027-09-29,,,2026-09-26T01:28:44,2026-09-26T01:28:53,False,1,0,False,False,1457702,,,,,22001.141390/202647,07954480000179-2-036361/2026,Secretaria do Planejamento e Gestão do Ceará,07954480000179,ESTADO DO CEARA,N,E,2,Compras,1,Contrato (termo inicial),Ceará,CE,Fortaleza,228770,EEM SÂO JOÂO PIAMARTA,2304400
07954480000179-1-024766/2024,07954480000179-1-024766/2024-000001,,2026,36362,2026-09-26T01:29:01,PJ,30407297000175,COMPOSITIS FABRICACAO E COMERCIO E EQUIPAMENTOS LTDA,,,,"Aquisição de DESTILADORES DE ÁGUA, ACESSÓRIOS, VAZÃO 10L/H ± 10%",6300.0,6300.0,6300.0,0.0,2026-09-24,2026-09-29,2027-03-29,,,2026-09-26T01:29:00,2026-09-26T01:29:01,False,1,0,False,False,1459166,,,,,24001.043058/202643,07954480000179-2-036362/2026,Secretaria do Planejamento e Gestão do Ceará,07954480000179,ESTADO DO CEARA,N,E,2,Compras,1,Contrato (termo inicial),Ceará,CE,Fortaleza,240001,SECRETARIA DA SAUDE,2304400
07954480000179-1-021122/2026,,,2026,36363,2026-09-26T01:29:38,PJ,44714654000152,HERICA PIRES LIMA 04215201322,,,,SERVIÇOS DE TERCEIROS - LOCAÇÃO DE VEÍCULOS com motorista em prol da CREDE 2.,46279.6,46279.6,46279.6,0.0,2026-09-18,2026-09-29,2027-09-29,,,2026-09-26T01:29:28,2026-09-26T01:29:38,False,1,0,False,False,1457890,,,,,22001.122522/202631,07954480000179-2-036363/2026,Secretaria do Planejamento e Gestão do Ceará,07954480000179,ESTADO DO CEARA,N,E,8,Serviços,1,Contrato (termo inicial),Ceará,CE,Itapipoca,227002,COORDENADORIA REGIONAL DE DESENVOLVIMENTO DA EDUCACAO - CREDE 02 - ITAPIPOCA,2306405
07954480000179-1-015670/2026,,,2026,36364,2026-09-26T01:29:52,PJ,41015088000100,BRUNO ALBERTO DE SOUSA MONSORES LTDA,,,,AQUISIÇÃO - SERVIÇOS DE TERCEIROS - MANUTENÇÃO E CONSERVAÇÃO DE MÁQUINAS E EQUIPAMENTOS - ARES-CONDICIONADOS - EEMTI ALAÍDE SILVA SANTOS - JUAZEIRO DO NORTE - CREDE 19,11700.0,11700.0,11700.0,0.0,2026-09-14,2026-09-14,2027-09-08,,,2026-09-26T01:29:42,2026-09-26T01:29:52,False,1,0,False,False,1457863,,,,,22001.103841/202648,07954480000179-2-036364/2026,Secretaria do Planejamento e Gestão do Ceará,07954480000179,ESTADO DO CEARA,N,E,8,Serviços,1,Contrato (termo inicial),Ceará,CE,Juazeiro do Norte,229275,EEMTI ALAIDE SILVA SANTOS,2307304
07954480000179-1-021330/2026,,,2026,36365,2026-09-26T01:30:04,PJ,46154250000187,INTERLOC EMPREENDIMENTOS LTDA,,,,REFORMA ELÉTRICA NA EEMTI DR. JOSÉ EUCLIDES FERREIRA GOMES JÚNIOR - CREDE 6,58000.0,58000.0,58000.0,0.0,2026-09-11,2026-09-11,2027-03-09,,,2026-09-26T01:29:57,2026-09-26T01:30:04,False,1,0,False,False,1457850,,,,,22001.116954/202611,07954480000179-2-036365/2026,Secretaria do Planejamento e Gestão do Ceará,07954480000179,ESTADO DO CEARA,N,E,7,Obras,1,Contrato (termo inicial),Ceará,CE,Sobral,228373,EEM DOUTOR JOSÉ EUCLIDES FERREIRA GOMES JÚNIOR,2312908
07954480000179-1-019436/2026,,,2026,36366,2026-09-26T01:30:17,PJ,03710247000190,SUPORTE HOSPITALAR LTDA,,,,"DISPENSA DE LICITAÇÃO PARA AQUISIÇÃO DE ACESSÓRIOS PARA VENTILADORES  PULMONARES DA MARCA INTERMED, COMPREENDENDO DIAFRAGMA/MEMBRANA PARA VÁLVULA EXALATÓRIA, VÁLVULAS INALATÓRIAS, ORIGINAL OU COMPATÍVEL COM MODELO IX 5 E VÁLVULA EXALATÓRIA ORIGINAL OU COMPATÍVEL COM VENTILADOR PULMONAR MODELO INTER 5 PLUS, PELO PERÍODO DE 12 (DOZE) MESES, PARA SUPRIR AS NECESSIDADES OPERACIONAIS DO HOSPITAL GERAL DE FORTALEZA - HGF, UNIDADE VINCULADA À SECRETARIA DA SAÚDE DO ESTADO DO CEARÁ (SESA).",25550.0,2129.1666,25550.0,0.0,2026-09-22,2026-09-29,2027-09-29,,,2026-09-26T01:30:10,2026-09-26T01:30:17,False,12,0,False,False,1458900,,,,,24001.053082/202691,07954480000179-2-036366/2026,Secretaria do Planejamento e Gestão do Ceará,07954480000179,ESTADO DO CEARA,N,E,2,Compras,1,Contrato (termo inicial),Ceará,CE,Fortaleza,241281,HOSPITAL GERAL DE FORTALEZA,2304400
07954480000179-1-000832/2025,,,2026,36367,2026-09-26T01:31:06,PJ,24487206000156,SEAOPEN REFRIGERACAO E MOVEIS LTDA,,,,AQUISIÇÃO DE MOBILIÁRIO PARA ATENDER AS NECESSIDADES DA FUNECE,64385.0,64385.0,64385.0,0.0,2026-09-11,2026-09-11,2027-09-11,,,2026-09-26T01:31:05,2026-09-26T01:31:06,False,1,0,False,False,1456616,,,,,31032.005633/202616,07954480000179-2-036367/2026,Secretaria do Planejamento e Gestão do Ceará,07954480000179,ESTADO DO CEARA,N,E,2,Compras,1,Contrato (termo inicial),Ceará,CE,Fortaleza,561201,INSTITUTO DE PESOS E MEDIDAS DO ESTADO DO CEARA,2304400
07954480000179-1-021889/2026,,,2026,36368,2026-09-26T01:31:24,PJ,05115074000197,L. F. PEREIRA,,,,Limpeza e conservação (dedetização e capina) - EEEP MICHELSON NOBRE DA SILVA -  (SEFOR 3),2100.0,2100.0,2100.0,0.0,2026-09-17,2026-09-29,2027-09-29,,,2026-09-26T01:31:11,2026-09-26T01:31:24,False,1,0,False,False,1457619,,,,,22001.026875/202610,07954480000179-2-036368/2026,Secretaria do Planejamento e Gestão do Ceará,07954480000179,ESTADO DO CEARA,N,E,8,Serviços,1,Contrato (termo inicial),Ceará,CE,Fortaleza,228054,EEFM CLÓVIS BEVILÁQUA,2304400
07954480000179-1-021488/2026,,,2026,36369,2026-09-26T01:31:43,PJ,48394531000132,CAMELOS COMERCIAL LTDA,,,,GÊNEROS DA ALIMENTAÇÃO ESCOLAR - EEMTI ANTONIO LUIZ COELHO - MARANGUAPE - CREDE 1 -,41518.0,41518.0,41518.0,0.0,2026-09-10,2026-09-29,2027-09-29,,,2026-09-26T01:31:30,2026-09-26T01:31:43,False,1,0,False,False,1457620,,,,,22001.135536/202615,07954480000179-2-036369/2026,Secretaria do Planejamento e Gestão do Ceará,07954480000179,ESTADO DO CEARA,N,E,2,Compras,1,Contrato (termo inicial),Ceará,CE,Maranguape,228217,EEM ANTONIO LUIS COELHO,2307700
07954480000179-1-019165/2026,,,2026,36370,2026-09-26T01:31:50,PJ,53254670000109,EB DISTRIBUIDORA LTDA,,,,"Aquisição de material de consumo (cloro em pó, pano de chão, etc), por 12 (doze) meses , para atender as necessidades do HCASG.",63765.0,5313.75,63765.0,0.0,2026-09-16,2026-09-29,2027-09-29,,,2026-09-26T01:31:50,2026-09-26T01:31:50,False,12,0,False,False,1458544,,,,,24001.007139/202680,07954480000179-2-036370/2026,Secretaria do Planejamento e Gestão do Ceará,07954480000179,ESTADO DO CEARA,N,E,2,Compras,1,Contrato (termo inicial),Ceará,CE,Fortaleza,241291,HOSPITAL DR CARLOS ALBERTO STUDART GOMES - MESSEJANA,2304400
07954480000179-1-023312/2026,,,2026,36371,2026-09-26T01:32:11,PJ,44663450000130,IDEAL SERVICO E COMERCIO LTDA,,,,SERVIÇOS GRÁFICOS - CONFECÇÃO DE BANDEIRAS - EEM ANANIAS DO AMARAL VIEIRA - MOMBAÇA - CREDE 14 -,726.0,726.0,726.0,0.0,2026-09-17,2026-09-17,2027-05-14,,,2026-09-26T01:31:57,2026-09-26T01:32:11,False,1,0,False,False,1457826,,,,,22001.145756/202657,07954480000179-2-036371/2026,Secretaria do Planejamento e Gestão do Ceará,07954480000179,ESTADO DO CEARA,N,E,8,Serviços,1,Contrato (termo inicial),Ceará,CE,Mombaça,228522,EEM PROFESSOR ANANIAS DO AMARAL VIEIRA,2308500
07954480000179-1-022421/2026,,,2026,36372,2026-09-26T01:33:15,PJ,54295751000101,VAZ REFORMAS E CONSTRUCOES LTDA,,,,Manutenção e conservação de bens imóveis - EEM ELIEZER DE FREITAS GUIMARÃES - CAUCAIA - CREDE 1,9315.0,9315.0,9315.0,0.0,2026-09-14,2026-09-29,2027-09-29,,,2026-09-26T01:32:58,2026-09-26T01:33:15,False,1,0,False,False,1457489,,,,,22001.142169/202614,07954480000179-2-036372/2026,Secretaria do Planejamento e Gestão do Ceará,07954480000179,ESTADO DO CEARA,N,E,8,Serviços,1,Contrato (termo inicial),Ceará,CE,Caucaia,228179,EEFM ELIEZER DE FREITAS GUIMARÃES,2303709
07954480000179-1-022099/2026,,,2026,36373,2026-09-26T01:33:42,PJ,53148729000176,OJUARA COMERCIO E SERVICOS LTDA,,,,4ª COEP ALIMENTAÇÃO ESCOLAR - EEMTI INTEGRADA 2 DE MAIO - (SEFOR 2),16664.0,16664.0,16664.0,0.0,2026-09-11,2026-09-29,2027-09-29,,,2026-09-26T01:33:23,2026-09-26T01:33:42,False,1,0,False,False,1457606,,,,,22001.138365/202686,07954480000179-2-036373/2026,Secretaria do Planejamento e Gestão do Ceará,07954480000179,ESTADO DO CEARA,N,E,2,Compras,1,Contrato (termo inicial),Ceará,CE,Fortaleza,228086,EEFM INTEGRADA 2 DE MAIO,2304400
07954480000179-1-015972/2026,,,2026,36374,2026-09-26T01:34:18,PJ,36244654000108,C M COMERCIAL E SERVICOS LTDA,,,,"GÊNEROS DE ALIMENTAÇÃO - PNAE 02, CEJA MONSENHOR HÉLIO CAMPOS - SUPERINTENDÊNCIA DAS ESCOLAS ESTADUAIS DE FORTALEZA (SEFOR 1)",6115.0,6115.0,6115.0,0.0,2026-09-15,2026-09-29,2027-09-29,,,2026-09-26T01:33:54,2026-09-26T01:34:18,False,1,0,False,False,1457723,,,,,22001.107426/202663,07954480000179-2-036374/2026,Secretaria do Planejamento e Gestão do Ceará,07954480000179,ESTADO DO CEARA,N,E,2,Compras,1,Contrato (termo inicial),Ceará,CE,Fortaleza,228003,CEJA MONSENHOR HÉLIO CAMPOS,2304400
07954480000179-1-018674/2026,,,2026,36375,2026-09-26T01:34:50,PJ,24278025000110,GRAFICA & EDITORA FORTAL PRINT LTDA,,,,"SERVIÇOS DE CONFECÇÃO DE IMPRESSOS GRÁFICOS (BLOCOS E ETIQUETAS), para suprir a Hemorrede pelo período de 12 (doze) meses.",20566.0,1713.8333,20566.0,0.0,2026-09-24,2026-09-29,2027-09-29,,,2026-09-26T01:34:31,2026-09-26T01:34:50,False,12,0,False,False,1458970,,,,,24001.049763/202654,07954480000179-2-036375/2026,Secretaria do Planejamento e Gestão do Ceará,07954480000179,ESTADO DO CEARA,N,E,8,Serviços,1,Contrato (termo inicial),Ceará,CE,Fortaleza,240424,CENTRO DE HEMATOLOGIA E HEMOTERAPIA DO CEARA  ,2304400
07954480000179-1-021951/2026,,,2026,36376,2026-09-26T01:35:34,PJ,57462185000173,57.462.185 BRUNO RAMOS BEZERRA,,,,MANUTENÇÃO E CONSERVAÇÃO DE MÁQUINAS E EQUIPAMENTOS - EEMTI JOSÉ MARIA PONTES DA ROCHA - CAUCAIA - CREDE 1,6766.0,6766.0,6766.0,0.0,2026-09-16,2026-09-16,2027-09-15,,,2026-09-26T01:35:02,2026-09-26T01:35:34,False,1,0,False,False,1458089,,,,,22001.138681/202658,07954480000179-2-036376/2026,Secretaria do Planejamento e Gestão do Ceará,07954480000179,ESTADO DO CEARA,N,E,8,Serviços,1,Contrato (termo inicial),Ceará,CE,Caucaia,228181,EEMTI JOSE MARIA PONTES DA ROCHA,2303709
07954480000179-1-018991/2026,,,2026,36377,2026-09-26T01:35:48,PJ,05921476000189,F C SOARES E SILVA - ME,,,,"Aquisição de MATERIAIS PARA ACONDICIONAMENTO E EMBALAGENS DE USO CONTÍNUO, comentrega parcelada, para suprir o HEMOCE pelo período de 05 (cinco) anos, nas condições estabelecidas neste contrato e no Termo de Referência do edital e na proposta do CONTRATADO.",52500.0,4375.0,52500.0,0.0,2026-09-23,2026-09-29,2027-09-29,,,2026-09-26T01:35:48,2026-09-26T01:35:48,False,12,0,False,False,1458871,,,,,24001.019879/202669,07954480000179-2-036377/2026,Secretaria do Planejamento e Gestão do Ceará,07954480000179,ESTADO DO CEARA,N,E,2,Compras,1,Contrato (termo inicial),Ceará,CE,Fortaleza,240424,CENTRO DE HEMATOLOGIA E HEMOTERAPIA DO CEARA  ,2304400
07954480000179-1-014566/2026,,,2026,36378,2026-09-26T01:36:35,PJ,51044835000184,DISTRIMIX SOLUÇÕES & SERVIÇOS BRASIL LTDA,,,,FESTIVIDADES E HOMENAGENS. EEM DIONE MARIA BEZERRA PESSOA - PACAJUS - CREDE 9,1044.0,1044.0,1044.0,0.0,2026-09-16,2026-09-29,2027-09-24,,,2026-09-26T01:36:02,2026-09-26T01:36:35,False,1,0,False,False,1457866,,,,,22001.135097/202641,07954480000179-2-036378/2026,Secretaria do Planejamento e Gestão do Ceará,07954480000179,ESTADO DO CEARA,N,E,8,Serviços,1,Contrato (termo inicial),Ceará,CE,Aracati,228430,EEM BARÃO DE ARACATI,2301109
07954480000179-1-020646/2026,,,2026,36379,2026-09-26T01:38:56,PJ,06913315000106,COMPANHIA DE COMUNICACAO E INFORMACAO,,,,"Contratação do serviço de 01 (uma) assinatura anual do jornal ""O Povo"" (compreendendo formato impresso e acesso à versão digital), por inexigibilidade de licitação, com vigência de 12 (doze) meses, para uso do Gabinete do Comando-Geral da Polícia Militar do Ceará (PMCE).",902.5,902.5,902.5,0.0,2026-09-23,2026-09-29,2027-09-29,,,2026-09-26T01:38:16,2026-09-26T01:38:56,False,1,0,False,False,1454529,,,,,10061.047110/202611,07954480000179-2-036379/2026,Secretaria do Planejamento e Gestão do Ceará,07954480000179,ESTADO DO CEARA,N,E,8,Serviços,1,Contrato (termo inicial),Ceará,CE,Fortaleza,101031,POLICIA MILITAR DO CEARA,2304400
07954480000179-1-021512/2026,,,2026,36380,2026-09-26T01:40:46,PJ,38183766000121,LEONARDO FERREIRA GOMES,,,,GÊNEROS DE ALIMENTAÇÃO - ESCOLA QUILOMBOLA ANTÔNIA RAMALHO DA SILVA - HORIZONTE - CREDE 9 -,23187.3,23187.3,23187.3,0.0,2026-09-01,2026-09-29,2027-09-29,,,2026-09-26T01:40:06,2026-09-26T01:40:46,False,1,0,False,False,1455954,,,,,22001.137126/202617,07954480000179-2-036380/2026,Secretaria do Planejamento e Gestão do Ceará,07954480000179,ESTADO DO CEARA,N,E,2,Compras,1,Contrato (termo inicial),Ceará,CE,Horizonte,229241,ESCOLA QUILOMBOLA ANTONIA RAMALHO DA SILVA,2305233
07954480000179-1-022585/2026,,,2026,36381,2026-09-26T01:41:47,PJ,24317997000176,24.317.997 NAIME CAVALCANTE AUR,,,,FESTIVIDADES E HOMENAGENS 2 - EEMTI PRISCILA MACIEL DE FRANÇA - HIDROLANDIA - CREDE 6,3759.0,3759.0,3759.0,0.0,2026-09-15,2026-09-29,2027-09-29,,,2026-09-26T01:41:04,2026-09-26T01:41:47,False,1,0,False,False,1457602,,,,,22001.140074/202658,07954480000179-2-036381/2026,Secretaria do Planejamento e Gestão do Ceará,07954480000179,ESTADO DO CEARA,N,E,8,Serviços,1,Contrato (termo inicial),Ceará,CE,Fortaleza,228341,EEM PRISCILA MACIEL DE FRANÇA,2304400
07954480000179-1-021889/2026,,,2026,36382,2026-09-26T01:42:53,PJ,61283034000125,61.283.034 LTDA,,,,REPASSE PARA MANUTENÇÃO DE ESCOLAS 03.2026 - SALDO - EEMTI CLÓVIS BEVILÁQUA -  (SEFOR 2),3500.0,3500.0,3500.0,0.0,2026-09-16,2026-09-29,2027-09-29,,,2026-09-26T01:42:09,2026-09-26T01:42:53,False,1,0,False,False,1457611,,,,,22001.138753/202667,07954480000179-2-036382/2026,Secretaria do Planejamento e Gestão do Ceará,07954480000179,ESTADO DO CEARA,N,E,8,Serviços,1,Contrato (termo inicial),Ceará,CE,Fortaleza,228054,EEFM CLÓVIS BEVILÁQUA,2304400
07954480000179-1-017491/2026,,,2026,36383,2026-09-26T01:43:46,PJ,25193345000130,HAELE COMERCIO E SERVICOS DIGITAIS LTDA,,,,Serviços de Terceiros - Manutenção e Conservação de Bens Imóveis. EEMTI JOSEFA CLEMENTINO FERREIRA DE OLIVEIRA - OCARA - CREDE 8 -,2139.79,2139.79,2139.79,0.0,2026-09-14,2026-09-29,2027-04-17,,,2026-09-26T01:43:09,2026-09-26T01:43:46,False,1,0,False,False,1457614,,,,,22001.108203/202613,07954480000179-2-036383/2026,Secretaria do Planejamento e Gestão do Ceará,07954480000179,ESTADO DO CEARA,N,E,2,Compras,1,Contrato (termo inicial),Ceará,CE,Ocara,228783,EEM JOSEFA CLEMENTINO FERREIRA DE OLIVEIRA,2309458
07954480000179-1-014566/2026,,,2026,36384,2026-09-26T01:45:32,PJ,24843634000174,WORLD SOLUCOES TECNOLOGICAS E SERVICOS EIRELI,,,,"Contratação de SERVIÇOS DE TERCEIROS ¿ MANUTENÇÃO E CONSERVAÇÃO DE MÁQUINAS E EQUIPAMENTOS, para atender as necessidades da EEMTI Barão de Aracati. ARACATI - CREDE 10",9200.0,9200.0,9200.0,0.0,2026-09-15,2026-09-29,2027-09-24,,,2026-09-26T01:44:47,2026-09-26T01:45:32,False,1,0,False,False,1457855,,,,,22001.097492/202618,07954480000179-2-036384/2026,Secretaria do Planejamento e Gestão do Ceará,07954480000179,ESTADO DO CEARA,N,E,8,Serviços,1,Contrato (termo inicial),Ceará,CE,Aracati,228430,EEM BARÃO DE ARACATI,2301109
07954480000179-1-026274/2025,,,2026,36385,2026-09-26T01:45:53,PJ,06888220000180,ELLO SERVIÇOS DE MÃO DE OBRA LTDA,,,,"O objeto da licitação é a contratação de empresa para prestação de serviços contínuos a
serem executados com dedicação exclusiva de mão de obra terceirizada, regidos pela
Consolidação da Leis Trabalhistas (CLT) para as categorias, condições e quantidades
estabelecidas neste termo, edital e seus anexos.",23667018.72,23667018.72,23667018.72,0.0,2026-09-24,2026-09-24,2027-09-24,,,2026-09-26T01:45:52,2026-09-26T01:45:53,False,1,0,False,False,1459156,,,,,22001.151505/202610,07954480000179-2-036385/2026,Secretaria do Planejamento e Gestão do Ceará,07954480000179,ESTADO DO CEARA,N,E,8,Serviços,1,Contrato (termo inicial),Ceará,CE,Fortaleza,220001,SECRETARIA DA EDUCACAO,2304400
07954480000179-1-022402/2025,,,2026,36386,2026-09-26T01:46:55,PJ,24843634000174,WORLD SOLUCOES TECNOLOGICAS E SERVICOS EIRELI,,,,REPASSE PARA MANUTENÇÃO DE ESCOLAS - CONTRATAÇÃO DE SERVIÇOS DE TERCEIROS - PARA ATENDER AS NECESSIDADES DA EEMTI HELENITA LOPES GURGEL VALENTE. FORTIM - CREDE 10,26000.0,26000.0,26000.0,0.0,2026-09-08,2026-09-29,2027-09-24,,,2026-09-26T01:46:13,2026-09-26T01:46:55,False,1,0,False,False,1457742,,,,,22001.148084/202551,07954480000179-2-036386/2026,Secretaria do Planejamento e Gestão do Ceará,07954480000179,ESTADO DO CEARA,N,E,8,Serviços,1,Contrato (termo inicial),Ceará,CE,Fortim,228442,EEM HELENITA LOPES GURGEL VALENTE,2304459
07954480000179-1-016253/2026,,,2026,36387,2026-09-26T01:49:15,PJ,61804846000179,EDIFICA CONCEPT LTDA,,,,AQUISIÇÃO - SERVIÇOS DE TERCEIROS - OUTROS SERVIÇOS DE TERCEIROS (ECONOMIA) - EEMTI JUVÊNCIO BARRETO - CRATO - CREDE 18,4999.0,4999.0,4999.0,0.0,2026-09-15,2026-09-15,2027-09-14,,,2026-09-26T01:48:25,2026-09-26T01:49:15,False,1,0,False,False,1457490,,,,,22001.102167/202684,07954480000179-2-036387/2026,Secretaria do Planejamento e Gestão do Ceará,07954480000179,ESTADO DO CEARA,N,E,8,Serviços,1,Contrato (termo inicial),Ceará,CE,Crato,228581,EEFM JUVÊNCIO BARRETO,2304202
07954480000179-1-022517/2026,,,2026,36388,2026-09-26T01:51:26,PJ,23030654000163,FRANCISCO ELDER NUNES ESTRELA,,,,AQUISIÇÃO DE SERVIÇOS DE TERCEIROS - OUTROS SERVIÇOS DE TERCEIROS - EEMTI GOVERNADOR ADAUTO BEZERRA - CRATO - CREDE 18 -,26192.0,26192.0,26192.0,0.0,2026-09-15,2026-09-15,2027-09-14,,,2026-09-26T01:50:24,2026-09-26T01:51:26,False,1,0,False,False,1457504,,,,,22001.087697/202695,07954480000179-2-036388/2026,Secretaria do Planejamento e Gestão do Ceará,07954480000179,ESTADO DO CEARA,N,E,8,Serviços,1,Contrato (termo inicial),Ceará,CE,Crato,228582,EEMTI GOVERNADOR ADAUTO BEZERRA,2304202
07954480000179-1-026274/2025,,,2026,36389,2026-09-26T01:52:49,PJ,06888220000180,ELLO SERVIÇOS DE MÃO DE OBRA LTDA,,,,"O objeto da licitação é a contratação de empresa para prestação de serviços contínuos a
serem executados com dedicação exclusiva de mão de obra terceirizada, regidos pela
Consolidação da Leis Trabalhistas (CLT) para as categorias, condições e quantidades
estabelecidas neste termo, edital e seus anexos.",17454896.52,17454896.52,17454896.52,0.0,2026-09-24,2026-09-24,2027-09-24,,,2026-09-26T01:52:47,2026-09-26T01:52:49,False,1,0,False,False,1459158,,,,,22001.066244/202544,07954480000179-2-036389/2026,Secretaria do Planejamento e Gestão do Ceará,07954480000179,ESTADO DO CEARA,N,E,8,Serviços,1,Contrato (termo inicial),Ceará,CE,Fortaleza,220001,SECRETARIA DA EDUCACAO,2304400
07954480000179-1-022208/2026,,,2026,36390,2026-09-26T01:54:15,PJ,45494394000110,LUCIANA SALES DA SILVA 04797626941,,,,FESTIVIDADES E HOMENAGENS. EEM DIONE MARIA BEZERRA PESSOA - PACAJUS - CREDE 9,7800.0,7800.0,7800.0,0.0,2026-09-16,2026-09-29,2027-09-24,,,2026-09-26T01:53:22,2026-09-26T01:54:15,False,1,0,False,False,1457878,,,,,22001.135097/202641,07954480000179-2-036390/2026,Secretaria do Planejamento e Gestão do Ceará,07954480000179,ESTADO DO CEARA,N,E,8,Serviços,1,Contrato (termo inicial),Ceará,CE,Pacajus,228790,EEM DIONE MARIA BEZERRA PESSOA,2309607
07954480000179-1-022900/2026,,,2026,36391,2026-09-26T01:55:21,PJ,07759165000190,MARIA DO SOCORRO DE SOUSA CEREALISTA - ME,,,,"GÊNEROS DE ALIMENTAÇÃO (CAFÉ, AÇÚCAR E CHÁ) - EEMTI WILSON GONÇALVES - CRATO - CREDE 18",977.6,977.6,977.6,0.0,2026-09-16,2026-09-29,2027-09-29,,,2026-09-26T01:54:43,2026-09-26T01:55:21,False,1,0,False,False,1457834,,,,,22001.143702/202657,07954480000179-2-036391/2026,Secretaria do Planejamento e Gestão do Ceará,07954480000179,ESTADO DO CEARA,N,E,2,Compras,1,Contrato (termo inicial),Ceará,CE,Crato,228575,EEMTI WILSON GONCALVES,2304202
07954480000179-1-020201/2026,,,2026,36392,2026-09-26T01:56:07,PJ,49131036000101,J.V. MAXIMUS COMERCIAL LTDA,,,,Aquisição de cabos de rede CAT 6 para atender a necessidade da Perícia Forense do Estado do Ceará.,25900.0,3700.0,25900.0,0.0,2026-09-22,2026-09-29,2027-09-29,,,2026-09-26T01:55:37,2026-09-26T01:56:07,False,7,0,False,False,1458741,,,,,10011.003984/202652,07954480000179-2-036392/2026,Secretaria do Planejamento e Gestão do Ceará,07954480000179,ESTADO DO CEARA,N,E,2,Compras,1,Contrato (termo inicial),Ceará,CE,Fortaleza,101071,PERICIA FORENSE DO ESTADO DO CEARA,2304400
07954480000179-1-018327/2026,,,2026,36393,2026-09-26T01:56:53,PJ,03825354000163,LIMP TUDO SERVICOS DE LIMPEZA E CONSERVACAO LTDA,,,,"O objeto do presente instrumento, referente ao contrato 583/2026, é a prestação dos serviços de coleta, transporte, tratamento e
destinação final de resíduos sólidos do Grupo D, incluindo o fornecimento de contêineres, na Secretaria da
Educação do Estado do Ceará - SEDUC, nas condições estabelecidas neste contrato e no Termo de
Referência do edital e na proposta do CONTRATADO.",64771.2,64771.2,64771.2,0.0,2026-09-17,2026-09-29,2027-09-29,,,2026-09-26T01:56:21,2026-09-26T01:56:53,False,1,0,False,False,1458706,,,,,22001.109562/202698,07954480000179-2-036393/2026,Secretaria do Planejamento e Gestão do Ceará,07954480000179,ESTADO DO CEARA,N,E,8,Serviços,1,Contrato (termo inicial),Ceará,CE,Fortaleza,220001,SECRETARIA DA EDUCACAO,2304400
07954480000179-1-015740/2025,07954480000179-1-015740/2025-000001,,2026,36394,2026-09-26T01:59:11,PJ,73694788000157,SALINAS EMPREENDIMENTOS E CONSTRUCOES LTDA ,,,,Serviços de manutenção preventiva e corretiva das instalações físicas do 3º Batalhão da Polícia Militar do Ceará (3º BPM) - MAPP 182,711979.35,59331.6125,711979.35,0.0,2026-09-21,2026-09-29,2027-09-29,,,2026-09-26T01:59:10,2026-09-26T01:59:11,False,12,0,False,False,1452284,,,,,10061.041864/202668,07954480000179-2-036394/2026,Secretaria do Planejamento e Gestão do Ceará,07954480000179,ESTADO DO CEARA,N,E,7,Obras,1,Contrato (termo inicial),Ceará,CE,Fortaleza,101031,POLICIA MILITAR DO CEARA,2304400
07807191000147-1-000111/2026,,,2026,147,2026-09-27T17:31:57,PJ,51326013000196,F G SOUSA ALMEIDA LTDA,,,,"Contratação da prestação de serviços a manutenção e recuperação adequada das estruturas das escolas e creches, incluindo portas, janelas, forramentos, carteiras escolares e lousas e outros objetos, junto a secretaria de Educação de Quixeré.",56800.0,56800.0,56800.0,56800.0,2026-09-23,2026-09-23,2027-09-23,,,2026-09-27T17:31:56,2026-09-27T17:31:57,False,1,0,False,False,202609230002,,,,,0036/2026,07807191000147-2-000147/2026,M2A tecnologia,07807191000147,MUNICIPIO DE QUIXERE,N,M,8,Serviços,1,Contrato (termo inicial),Ceará,CE,Quixeré,13,FUNDEB - Fundo de Desenvolvimento de Educação Básica,2311504
07807191000147-1-000110/2026,,,2026,148,2026-09-27T17:41:59,PJ,51326013000196,F G SOUSA ALMEIDA LTDA,,,,"Contratação da prestação de serviços de confecção de telhas de zinco, manutenção de ferragens de portões de ferros destinadas a manutenção preventiva e corretiva adequada dos ginásios poliesportivos pertencentes a rede Municipal de Ensino de Quixeré.",59215.28,59215.28,59215.28,59215.28,2026-09-23,2026-09-23,2027-09-23,,,2026-09-27T17:41:56,2026-09-27T17:41:59,False,1,0,False,False,202609230001,,,,,0037/2026 - SEDUC,07807191000147-2-000148/2026,M2A tecnologia,07807191000147,MUNICIPIO DE QUIXERE,N,M,8,Serviços,1,Contrato (termo inicial),Ceará,CE,Quixeré,13,FUNDEB - Fundo de Desenvolvimento de Educação Básica,2311504
00509018000113-1-002065/2026,,,2026,3890,2026-09-28T07:51:26,PJ,41262099000187,3P'S EMPREENDIMENTOS LTDA,,,, AQUISICAO DE MATERIAL DE EXPEDIENTE (APONTADOR),88.5,88.5,88.5,,2026-09-17,2026-09-17,2027-09-17,,,2026-09-28T07:51:26,2026-09-28T07:51:26,False,1,0,False,False,2026NE000911,,,,,2026.0.000012444-0,00509018000113-2-003890/2026,Compras.gov.br,00509018000113,TRIBUNAL SUPERIOR ELEITORAL,J,F,2,Compras,7,Empenho,Ceará,CE,Fortaleza,070007,TRIBUNAL REGIONAL ELEITORAL DO CEARA,2304400
00509018000113-1-002065/2026,,,2026,3891,2026-09-28T08:02:19,PJ,60424398000115,ROBERTSON DANIEL RAUTER DA SILVA FILHO,,,, AQUISICAO DE MATERIAIS DE EXPEDIENTE (ITEM 9),2040.0,2040.0,2040.0,,2026-09-17,2026-09-17,2027-09-17,,,2026-09-28T08:02:19,2026-09-28T08:02:19,False,1,0,False,False,2026NE000913,,,,,2026.0.000012444-0,00509018000113-2-003891/2026,Compras.gov.br,00509018000113,TRIBUNAL SUPERIOR ELEITORAL,J,F,2,Compras,7,Empenho,Ceará,CE,Fortaleza,070007,TRIBUNAL REGIONAL ELEITORAL DO CEARA,2304400
00509018000113-1-002065/2026,,,2026,3892,2026-09-28T08:05:44,PJ,62593932000142,PI SOLUCOES E COMERCIO LTDA,,,,AQUISICAO DE MATERIAL DE EXPEDIENTE (BARBANTE DE ALGODAO),7745.0,7745.0,7745.0,,2026-09-17,2026-09-17,2027-09-17,,,2026-09-28T08:05:44,2026-09-28T08:05:44,False,1,0,False,False,2026NE000914,,,,,2026.0.000012444-0,00509018000113-2-003892/2026,Compras.gov.br,00509018000113,TRIBUNAL SUPERIOR ELEITORAL,J,F,2,Compras,7,Empenho,Ceará,CE,Fortaleza,070007,TRIBUNAL REGIONAL ELEITORAL DO CEARA,2304400
00509018000113-1-002065/2026,,,2026,3893,2026-09-28T08:08:40,PJ,20653656000110,F H S SOUSA COMERCIO E SERVICOS,,,, AQUISICAO DE MATERIAIS DE EXPEDIENTE (ITEM 11),150.0,150.0,150.0,,2026-09-17,2026-09-17,2027-09-17,,,2026-09-28T08:08:40,2026-09-28T08:08:40,False,1,0,False,False,2026NE000916,,,,,2026.0.000012444-0,00509018000113-2-003893/2026,Compras.gov.br,00509018000113,TRIBUNAL SUPERIOR ELEITORAL,J,F,2,Compras,7,Empenho,Ceará,CE,Fortaleza,070007,TRIBUNAL REGIONAL ELEITORAL DO CEARA,2304400
00509018000113-1-002065/2026,,,2026,3894,2026-09-28T08:11:00,PJ,21500926000116,21.500.926 ALECIO MATOS DA SILVA,,,,- AQUISICAO DE MATERIAL DE EXPEDIENTE (COLA),1392.0,1392.0,1392.0,,2026-09-17,2026-09-17,2027-09-17,,,2026-09-28T08:11:00,2026-09-28T08:11:00,False,1,0,False,False,2026NE000917,,,,,2026.0.000012444-0,00509018000113-2-003894/2026,Compras.gov.br,00509018000113,TRIBUNAL SUPERIOR ELEITORAL,J,F,2,Compras,7,Empenho,Ceará,CE,Fortaleza,070007,TRIBUNAL REGIONAL ELEITORAL DO CEARA,2304400
00509018000113-1-002065/2026,,,2026,3895,2026-09-28T08:13:22,PJ,63054592000144,3M SERVICOS LTDA,,,,AQUISICAO DE MATERIAL DE EXPEDIENTE (COLECIONADOR COMERCIAL),1172.5,1172.5,1172.5,,2026-09-17,2026-09-17,2027-09-17,,,2026-09-28T08:13:22,2026-09-28T08:13:22,False,1,0,False,False,2026NE000918,,,,,2026.0.000012444-0,00509018000113-2-003895/2026,Compras.gov.br,00509018000113,TRIBUNAL SUPERIOR ELEITORAL,J,F,2,Compras,7,Empenho,Ceará,CE,Fortaleza,070007,TRIBUNAL REGIONAL ELEITORAL DO CEARA,2304400
00509018000113-1-002065/2026,,,2026,3896,2026-09-28T08:15:46,PJ,49506420000133,MAK COMERCIO E DISTRIBUIDORA LTDA,,,,AQUISICAO DE MATERIAIS DE EXPEDIENTE (ITEM 14),512.0,512.0,512.0,,2026-09-18,2026-09-18,2027-09-18,,,2026-09-28T08:15:46,2026-09-28T08:15:46,False,1,0,False,False,2026NE000920,,,,,2026.0.000012444-0,00509018000113-2-003896/2026,Compras.gov.br,00509018000113,TRIBUNAL SUPERIOR ELEITORAL,J,F,2,Compras,7,Empenho,Ceará,CE,Fortaleza,070007,TRIBUNAL REGIONAL ELEITORAL DO CEARA,2304400
00509018000113-1-002065/2026,,,2026,3897,2026-09-28T08:18:19,PJ,18847116000126,SMT INDUSTRIA E COMERCIO DE MATERIAL PLASTICO E PUBLICITARIO PARA ESCRITORIOS LT,,,, AQUISICAO DE MATERIAL DE EXPEDIENTE (PLASTICO TRANSPARENTE PARA CRACHA),3762.0,3762.0,3762.0,,2026-09-18,2026-09-18,2027-09-18,,,2026-09-28T08:18:19,2026-09-28T08:18:19,False,1,0,False,False,2026NE000923,,,,,2026.0.000012444-0,00509018000113-2-003897/2026,Compras.gov.br,00509018000113,TRIBUNAL SUPERIOR ELEITORAL,J,F,2,Compras,7,Empenho,Ceará,CE,Fortaleza,070007,TRIBUNAL REGIONAL ELEITORAL DO CEARA,2304400
00509018000113-1-002065/2026,,,2026,3898,2026-09-28T08:20:40,PJ,60480195000146,GENESIS GLOBAL LTDA,,,,AQUISICAO DE MATERIAIS DE EXPEDIENTE,8955.0,8955.0,8955.0,,2026-09-18,2026-09-18,2027-09-18,,,2026-09-28T08:20:39,2026-09-28T08:20:40,False,1,0,False,False,2026NE000924,,,,,2026.0.000012444-0,00509018000113-2-003898/2026,Compras.gov.br,00509018000113,TRIBUNAL SUPERIOR ELEITORAL,J,F,2,Compras,7,Empenho,Ceará,CE,Fortaleza,070007,TRIBUNAL REGIONAL ELEITORAL DO CEARA,2304400
